"city","puma","ethnicity","gender","age","college","military","employed","pwgtp"
"chicago",3513,"cauc","female",35,"yes","no","yes",60
"chicago",3508,"afam","male",50,"no","no","no",229
"chicago",3508,"afam","female",45,"no","no","no",243
"chicago",3515,"afam","male",38,"no","no","yes",88
"chicago",3508,"afam","female",27,"yes","no","yes",78
"chicago",3501,"afam","male",42,"yes","no","yes",374
"chicago",3510,"afam","female",45,"no","no","yes",85
"chicago",3515,"afam","female",47,"no","no","no",88
"chicago",3510,"cauc","female",41,"yes","no","yes",120
"chicago",3506,"cauc","male",45,"no","no","no",55
"chicago",3503,"cauc","female",25,"yes","no","yes",35
"chicago",3507,"afam","female",39,"no","no","yes",137
"chicago",3509,"afam","female",38,"yes","no","yes",35
"chicago",3501,"cauc","female",31,"yes","no","yes",294
"chicago",3501,"cauc","male",38,"yes","no","yes",344
"chicago",3518,"afam","male",51,"no","yes","no",318
"chicago",3509,"cauc","male",38,"no","no","no",71
"chicago",3512,"cauc","male",43,"no","no","yes",45
"chicago",3502,"cauc","female",32,"yes","no","yes",36
"chicago",3508,"cauc","female",46,"no","no","no",6
"chicago",3501,"cauc","female",49,"yes","no","yes",59
"chicago",3507,"afam","male",38,"no","no","no",121
"chicago",3507,"afam","male",35,"no","no","no",121
"chicago",3507,"afam","female",32,"yes","no","yes",144
"chicago",3509,"cauc","male",32,"no","yes","yes",59
"chicago",3509,"cauc","female",32,"yes","no","yes",55
"chicago",3518,"afam","male",28,"yes","no","yes",420
"chicago",3518,"afam","female",27,"no","no","no",239
"chicago",3507,"afam","female",35,"no","no","yes",180
"chicago",3507,"afam","male",33,"no","no","yes",159
"chicago",3508,"afam","female",27,"yes","no","no",167
"chicago",3502,"cauc","male",29,"yes","no","yes",53
"chicago",3502,"cauc","female",29,"yes","no","yes",56
"chicago",3509,"cauc","male",48,"yes","no","yes",50
"chicago",3513,"cauc","male",49,"no","no","yes",72
"chicago",3510,"afam","female",49,"no","no","yes",69
"chicago",3501,"cauc","female",25,"yes","no","yes",154
"chicago",3507,"afam","female",49,"no","no","yes",70
"chicago",3501,"cauc","male",53,"no","no","yes",391
"chicago",3504,"cauc","male",43,"yes","no","yes",60
"chicago",3504,"cauc","female",30,"no","no","no",61
"chicago",3502,"cauc","female",30,"yes","no","yes",262
"chicago",3508,"afam","male",39,"no","no","no",57
"chicago",3519,"cauc","female",33,"yes","no","yes",201
"chicago",3516,"afam","female",47,"yes","no","yes",31
"chicago",3516,"afam","male",53,"no","no","no",40
"chicago",3502,"cauc","male",51,"yes","no","no",67
"chicago",3512,"cauc","male",26,"no","no","no",85
"chicago",3512,"cauc","female",25,"no","no","no",160
"chicago",3508,"afam","female",26,"no","no","no",116
"chicago",3508,"afam","male",28,"no","no","no",151
"chicago",3503,"cauc","female",51,"no","no","yes",154
"chicago",3509,"cauc","male",26,"yes","no","yes",71
"chicago",3509,"cauc","female",25,"no","no","yes",109
"chicago",3506,"cauc","female",51,"yes","no","yes",88
"chicago",3509,"cauc","male",41,"yes","no","yes",48
"chicago",3519,"afam","male",33,"no","no","no",206
"chicago",3509,"cauc","female",40,"no","no","yes",34
"chicago",3518,"afam","female",42,"no","no","no",125
"chicago",3505,"cauc","female",32,"yes","no","no",68
"chicago",3509,"afam","male",43,"no","no","yes",121
"chicago",3510,"cauc","male",54,"yes","no","no",124
"chicago",3510,"cauc","female",44,"yes","no","yes",103
"chicago",3510,"afam","female",33,"yes","no","yes",131
"chicago",3503,"cauc","female",34,"yes","no","no",116
"chicago",3502,"cauc","female",36,"yes","no","yes",227
"chicago",3502,"cauc","female",47,"yes","no","no",157
"chicago",3502,"cauc","male",48,"yes","no","yes",190
"chicago",3517,"cauc","male",39,"no","no","yes",106
"chicago",3501,"cauc","female",43,"yes","no","yes",77
"chicago",3501,"cauc","male",44,"yes","yes","yes",65
"chicago",3505,"cauc","male",33,"no","no","yes",173
"chicago",3505,"cauc","female",25,"no","no","yes",154
"chicago",3514,"afam","female",31,"no","no","yes",147
"chicago",3518,"afam","male",42,"no","no","yes",72
"chicago",3515,"afam","female",40,"no","no","no",154
"chicago",3515,"afam","male",30,"yes","no","yes",210
"chicago",3518,"afam","female",53,"no","no","yes",87
"chicago",3510,"cauc","male",38,"yes","no","yes",76
"chicago",3509,"cauc","female",26,"yes","no","yes",91
"chicago",3509,"cauc","female",25,"yes","no","yes",142
"chicago",3503,"cauc","male",31,"yes","no","yes",39
"chicago",3503,"cauc","female",27,"yes","no","yes",61
"chicago",3503,"cauc","male",26,"yes","no","no",69
"chicago",3515,"afam","female",34,"no","no","no",55
"chicago",3519,"afam","female",49,"no","no","no",92
"chicago",3504,"cauc","female",43,"yes","no","yes",141
"chicago",3504,"cauc","male",53,"yes","no","yes",161
"chicago",3504,"cauc","male",26,"no","yes","no",219
"chicago",3517,"cauc","male",43,"yes","no","yes",88
"chicago",3517,"cauc","female",39,"yes","no","yes",87
"chicago",3519,"afam","female",39,"no","no","yes",178
"chicago",3510,"afam","female",38,"no","no","yes",56
"chicago",3513,"afam","female",26,"yes","no","yes",175
"chicago",3502,"cauc","female",36,"yes","no","yes",516
"chicago",3518,"cauc","female",54,"no","no","yes",62
"chicago",3505,"cauc","male",41,"yes","no","yes",72
"chicago",3505,"cauc","male",43,"no","no","yes",98
"chicago",3505,"cauc","female",38,"no","no","yes",79
"chicago",3516,"afam","female",42,"no","no","yes",92
"chicago",3516,"afam","male",45,"no","no","no",128
"chicago",3502,"cauc","female",29,"yes","no","no",81
"chicago",3516,"afam","male",52,"no","no","yes",67
"chicago",3516,"afam","female",49,"no","no","yes",48
"chicago",3516,"afam","male",29,"no","no","no",54
"chicago",3514,"cauc","female",27,"yes","no","no",77
"chicago",3505,"cauc","female",52,"no","no","yes",144
"chicago",3504,"afam","male",47,"no","no","no",17
"chicago",3501,"afam","male",26,"yes","no","yes",250
"chicago",3502,"cauc","male",28,"yes","no","yes",50
"chicago",3502,"cauc","female",27,"yes","no","yes",52
"chicago",3508,"afam","female",53,"no","no","yes",67
"chicago",3515,"afam","male",49,"no","no","yes",138
"chicago",3515,"afam","male",44,"no","no","no",172
"chicago",3518,"afam","male",50,"no","no","no",59
"chicago",3505,"cauc","male",38,"no","no","yes",89
"chicago",3505,"cauc","female",35,"no","no","yes",72
"chicago",3502,"cauc","female",26,"yes","no","yes",36
"chicago",3503,"cauc","male",40,"yes","no","yes",47
"chicago",3503,"cauc","female",40,"yes","no","yes",42
"chicago",3504,"cauc","female",52,"yes","no","yes",78
"chicago",3514,"cauc","male",50,"yes","no","no",74
"chicago",3514,"cauc","female",48,"yes","no","yes",66
"chicago",3513,"afam","female",47,"yes","no","yes",21
"chicago",3509,"cauc","male",27,"yes","no","yes",119
"chicago",3502,"cauc","male",36,"yes","no","yes",65
"chicago",3514,"afam","female",28,"yes","no","yes",223
"chicago",3510,"cauc","male",25,"yes","no","yes",107
"chicago",3517,"cauc","male",50,"yes","no","yes",37
"chicago",3517,"cauc","female",47,"no","no","yes",37
"chicago",3507,"afam","female",49,"no","no","yes",147
"chicago",3507,"afam","male",52,"no","no","yes",175
"chicago",3515,"afam","female",49,"yes","no","no",34
"chicago",3508,"afam","female",47,"no","no","yes",27
"chicago",3504,"cauc","female",49,"no","no","yes",302
"chicago",3514,"afam","male",51,"no","no","no",56
"chicago",3516,"afam","male",42,"no","no","yes",120
"chicago",3502,"cauc","male",31,"no","no","yes",667
"chicago",3502,"cauc","female",28,"yes","no","yes",630
"chicago",3517,"cauc","male",36,"yes","no","yes",40
"chicago",3517,"cauc","female",34,"yes","no","no",34
"chicago",3515,"afam","male",35,"yes","no","yes",145
"chicago",3514,"afam","female",54,"no","no","no",32
"chicago",3514,"afam","female",30,"yes","no","yes",70
"chicago",3506,"afam","female",25,"no","no","yes",191
"chicago",3506,"afam","male",29,"no","no","yes",196
"chicago",3513,"cauc","female",41,"yes","no","yes",128
"chicago",3510,"cauc","male",29,"yes","no","yes",174
"chicago",3510,"cauc","female",28,"yes","no","yes",151
"chicago",3508,"afam","female",46,"no","no","yes",31
"chicago",3508,"afam","male",45,"no","no","no",33
"chicago",3502,"cauc","male",29,"yes","no","yes",50
"chicago",3502,"cauc","female",26,"yes","no","yes",53
"chicago",3507,"cauc","male",51,"no","yes","yes",131
"chicago",3507,"cauc","female",30,"yes","no","yes",138
"chicago",3503,"cauc","female",50,"no","no","yes",44
"chicago",3502,"cauc","male",34,"yes","no","yes",559
"chicago",3504,"cauc","male",28,"yes","no","yes",64
"chicago",3504,"cauc","female",31,"yes","no","no",78
"chicago",3510,"afam","male",27,"yes","no","yes",533
"chicago",3507,"afam","male",25,"yes","no","yes",173
"chicago",3508,"afam","male",54,"no","no","yes",40
"chicago",3508,"afam","female",54,"no","no","yes",41
"chicago",3502,"cauc","female",40,"yes","no","no",43
"chicago",3502,"cauc","male",43,"yes","no","yes",51
"chicago",3503,"cauc","female",31,"yes","no","yes",39
"chicago",3507,"afam","female",38,"no","no","no",114
"chicago",3515,"afam","male",48,"no","yes","yes",86
"chicago",3506,"cauc","female",48,"yes","no","yes",144
"chicago",3508,"afam","male",52,"no","yes","no",29
"chicago",3507,"afam","male",54,"no","no","no",114
"chicago",3507,"afam","female",52,"no","no","yes",117
"chicago",3507,"afam","male",46,"no","no","no",129
"chicago",3513,"cauc","male",25,"no","no","no",67
"chicago",3518,"afam","male",53,"no","no","no",126
"chicago",3513,"afam","male",49,"no","no","no",179
"chicago",3516,"afam","female",45,"no","no","no",88
"chicago",3516,"afam","male",26,"no","no","no",99
"chicago",3512,"cauc","female",48,"yes","no","no",31
"chicago",3512,"cauc","male",53,"no","no","yes",35
"chicago",3512,"cauc","male",28,"no","no","no",44
"chicago",3512,"cauc","female",26,"yes","no","yes",58
"chicago",3512,"cauc","male",28,"yes","no","yes",43
"chicago",3518,"afam","male",35,"no","no","yes",130
"chicago",3509,"cauc","female",43,"yes","no","yes",65
"chicago",3509,"cauc","male",43,"yes","no","yes",79
"chicago",3519,"cauc","male",51,"no","no","yes",47
"chicago",3519,"cauc","female",50,"no","no","no",54
"chicago",3502,"cauc","female",28,"yes","no","yes",71
"chicago",3502,"cauc","male",31,"yes","no","yes",50
"chicago",3509,"cauc","male",25,"yes","no","yes",58
"chicago",3508,"afam","male",34,"yes","no","yes",132
"chicago",3508,"cauc","female",31,"yes","no","no",99
"chicago",3510,"cauc","female",31,"yes","no","yes",389
"chicago",3503,"cauc","male",48,"yes","no","yes",40
"chicago",3504,"cauc","female",42,"yes","no","yes",65
"chicago",3504,"cauc","male",45,"no","no","yes",76
"chicago",3506,"cauc","male",49,"no","no","yes",306
"chicago",3506,"cauc","female",50,"no","no","yes",357
"chicago",3510,"cauc","male",54,"yes","no","no",95
"chicago",3510,"cauc","female",54,"yes","no","yes",87
"chicago",3510,"cauc","female",45,"no","no","yes",27
"chicago",3510,"cauc","male",40,"yes","yes","yes",34
"chicago",3501,"cauc","female",33,"yes","no","no",259
"chicago",3501,"cauc","male",31,"yes","no","yes",311
"chicago",3513,"cauc","male",33,"no","no","yes",102
"chicago",3517,"cauc","female",54,"no","no","yes",78
"chicago",3518,"cauc","female",33,"no","no","no",110
"chicago",3516,"afam","female",35,"no","no","yes",53
"chicago",3509,"cauc","male",27,"no","no","yes",58
"chicago",3507,"afam","male",47,"no","no","no",75
"chicago",3510,"cauc","female",30,"yes","no","yes",163
"chicago",3515,"afam","female",41,"yes","no","yes",156
"chicago",3516,"afam","female",50,"no","no","yes",89
"chicago",3508,"afam","female",31,"no","no","yes",67
"chicago",3516,"afam","female",46,"no","no","yes",43
"chicago",3516,"afam","male",29,"no","no","yes",78
"chicago",3516,"afam","male",25,"no","no","no",78
"chicago",3516,"afam","female",26,"no","no","no",144
"chicago",3502,"cauc","female",35,"yes","no","yes",216
"chicago",3513,"cauc","female",26,"no","no","yes",192
"chicago",3508,"afam","male",33,"no","no","no",41
"chicago",3503,"afam","female",44,"yes","no","yes",177
"chicago",3505,"cauc","male",26,"no","no","yes",133
"chicago",3505,"cauc","female",25,"no","no","no",204
"chicago",3505,"cauc","female",49,"no","no","no",88
"chicago",3514,"afam","male",27,"yes","no","no",51
"chicago",3510,"cauc","female",36,"yes","no","yes",54
"chicago",3515,"afam","female",35,"no","no","yes",49
"chicago",3509,"cauc","female",30,"yes","no","yes",51
"chicago",3503,"cauc","male",38,"yes","no","yes",76
"chicago",3502,"cauc","male",46,"yes","no","no",42
"chicago",3509,"cauc","female",48,"yes","no","yes",49
"chicago",3518,"afam","female",42,"no","no","no",342
"chicago",3518,"afam","male",41,"no","no","yes",460
"chicago",3515,"afam","female",50,"no","no","yes",111
"chicago",3502,"cauc","male",37,"yes","no","no",71
"chicago",3514,"afam","female",32,"no","no","yes",215
"chicago",3501,"cauc","male",53,"yes","no","yes",118
"chicago",3510,"cauc","female",36,"yes","no","yes",81
"chicago",3509,"cauc","female",49,"yes","no","yes",46
"chicago",3514,"afam","female",54,"no","no","no",29
"chicago",3509,"cauc","male",34,"yes","no","yes",80
"chicago",3509,"cauc","male",30,"yes","no","yes",125
"chicago",3512,"cauc","male",45,"no","no","yes",89
"chicago",3506,"cauc","female",54,"no","no","yes",74
"chicago",3506,"cauc","female",26,"no","no","no",78
"chicago",3517,"afam","female",45,"yes","no","yes",81
"chicago",3516,"afam","female",37,"no","no","yes",114
"chicago",3501,"cauc","male",36,"no","no","no",275
"chicago",3501,"cauc","female",31,"no","no","no",240
"chicago",3513,"afam","female",33,"no","no","no",69
"chicago",3502,"cauc","female",25,"yes","no","yes",92
"chicago",3519,"afam","male",30,"yes","no","yes",373
"chicago",3509,"cauc","female",35,"yes","no","yes",112
"chicago",3509,"cauc","male",35,"yes","no","yes",134
"chicago",3505,"cauc","female",31,"yes","no","yes",156
"chicago",3505,"cauc","male",34,"yes","no","yes",169
"chicago",3512,"cauc","male",53,"no","no","yes",64
"chicago",3512,"cauc","female",52,"no","no","yes",64
"chicago",3512,"cauc","female",25,"yes","no","yes",101
"chicago",3519,"afam","female",50,"yes","no","yes",74
"chicago",3519,"afam","female",49,"yes","no","yes",204
"chicago",3510,"cauc","female",45,"yes","no","yes",587
"chicago",3501,"afam","female",51,"no","no","no",62
"chicago",3505,"cauc","female",29,"no","no","no",183
"chicago",3505,"cauc","female",48,"no","no","yes",93
"chicago",3514,"cauc","male",35,"yes","no","yes",56
"chicago",3514,"afam","female",44,"no","no","no",112
"chicago",3515,"afam","female",33,"no","no","yes",356
"chicago",3514,"cauc","male",36,"yes","no","yes",84
"chicago",3505,"cauc","female",25,"no","no","yes",87
"chicago",3505,"cauc","male",27,"no","yes","yes",60
"chicago",3512,"afam","female",50,"no","no","no",33
"chicago",3507,"afam","female",31,"no","no","yes",160
"chicago",3514,"afam","female",33,"no","no","yes",88
"chicago",3514,"afam","male",38,"no","no","no",181
"chicago",3515,"afam","female",42,"no","no","no",157
"chicago",3503,"cauc","male",45,"yes","no","yes",27
"chicago",3503,"cauc","female",37,"yes","no","no",29
"chicago",3510,"cauc","male",31,"yes","no","yes",71
"chicago",3515,"afam","female",30,"no","no","no",144
"chicago",3509,"cauc","male",38,"yes","no","yes",183
"chicago",3509,"cauc","male",42,"yes","no","yes",285
"chicago",3509,"cauc","female",37,"yes","no","yes",240
"chicago",3516,"afam","male",42,"no","no","yes",131
"chicago",3509,"cauc","female",26,"yes","no","yes",82
"chicago",3505,"cauc","male",43,"no","no","no",107
"chicago",3515,"afam","female",49,"yes","no","no",47
"chicago",3508,"afam","male",34,"no","no","no",70
"chicago",3517,"afam","male",48,"no","no","no",73
"chicago",3509,"cauc","female",36,"yes","no","yes",56
"chicago",3509,"cauc","male",34,"yes","no","yes",70
"chicago",3515,"afam","male",54,"yes","no","no",73
"chicago",3504,"afam","female",49,"no","no","yes",79
"chicago",3502,"cauc","male",28,"no","no","yes",196
"chicago",3507,"cauc","female",41,"yes","no","no",96
"chicago",3507,"cauc","male",40,"yes","no","yes",92
"chicago",3517,"cauc","female",34,"no","no","yes",30
"chicago",3517,"cauc","male",37,"no","no","yes",38
"chicago",3519,"afam","female",38,"yes","no","no",146
"chicago",3510,"cauc","male",32,"yes","no","yes",247
"chicago",3510,"cauc","female",27,"yes","no","yes",189
"chicago",3516,"afam","male",29,"no","no","no",306
"chicago",3501,"cauc","female",37,"yes","no","yes",222
"chicago",3502,"cauc","female",47,"yes","no","yes",57
"chicago",3502,"cauc","male",48,"yes","no","yes",67
"chicago",3503,"cauc","male",46,"yes","no","yes",205
"chicago",3511,"cauc","female",25,"yes","no","yes",41
"chicago",3505,"cauc","female",44,"no","no","yes",82
"chicago",3505,"cauc","male",44,"no","no","yes",106
"chicago",3515,"afam","male",36,"no","no","no",259
"chicago",3515,"afam","female",33,"no","no","yes",245
"chicago",3509,"cauc","male",25,"yes","no","yes",144
"chicago",3509,"cauc","male",34,"yes","no","yes",142
"chicago",3509,"cauc","female",33,"yes","no","yes",133
"chicago",3518,"afam","female",31,"no","no","no",166
"chicago",3514,"afam","female",35,"no","no","yes",148
"chicago",3509,"cauc","male",34,"yes","no","yes",80
"chicago",3510,"cauc","female",30,"yes","no","yes",125
"chicago",3510,"cauc","male",41,"yes","no","yes",124
"chicago",3503,"cauc","female",41,"no","no","yes",313
"chicago",3509,"cauc","female",48,"yes","no","yes",167
"chicago",3519,"afam","female",38,"no","no","no",35
"chicago",3514,"afam","female",39,"yes","no","yes",83
"chicago",3501,"cauc","female",51,"no","no","yes",88
"chicago",3502,"cauc","female",34,"yes","no","yes",83
"chicago",3502,"cauc","female",32,"yes","no","yes",49
"chicago",3502,"cauc","male",36,"yes","no","yes",53
"chicago",3501,"cauc","male",47,"no","no","no",12
"chicago",3508,"cauc","male",34,"yes","no","yes",35
"chicago",3505,"cauc","female",41,"yes","no","yes",125
"chicago",3505,"cauc","male",44,"yes","no","yes",164
"chicago",3516,"afam","male",48,"no","no","yes",146
"chicago",3516,"afam","female",40,"no","no","no",104
"chicago",3505,"cauc","female",53,"no","no","no",279
"chicago",3503,"cauc","male",49,"yes","no","yes",71
"chicago",3503,"cauc","female",50,"yes","no","no",106
"chicago",3504,"cauc","female",50,"yes","no","yes",251
"chicago",3510,"afam","female",48,"no","no","no",34
"chicago",3516,"afam","female",30,"no","no","yes",186
"chicago",3508,"cauc","female",39,"no","no","yes",117
"chicago",3508,"cauc","male",38,"yes","no","yes",144
"chicago",3510,"cauc","male",32,"yes","no","yes",154
"chicago",3504,"cauc","female",53,"yes","no","yes",138
"chicago",3509,"cauc","male",40,"yes","no","yes",75
"chicago",3515,"afam","male",47,"no","no","no",163
"chicago",3515,"afam","female",25,"yes","no","yes",283
"chicago",3505,"cauc","male",37,"yes","no","yes",101
"chicago",3505,"cauc","male",38,"no","no","yes",149
"chicago",3505,"cauc","female",27,"no","no","yes",205
"chicago",3509,"cauc","female",28,"yes","no","yes",41
"chicago",3509,"cauc","male",28,"yes","yes","yes",41
"chicago",3509,"cauc","male",41,"yes","no","yes",88
"chicago",3514,"afam","female",53,"yes","no","yes",327
"chicago",3514,"afam","male",25,"yes","no","yes",415
"chicago",3509,"cauc","female",43,"yes","no","yes",268
"chicago",3509,"cauc","male",47,"yes","no","yes",280
"chicago",3514,"afam","female",30,"no","no","yes",43
"chicago",3516,"afam","female",39,"no","no","no",38
"chicago",3514,"afam","female",47,"yes","no","yes",78
"chicago",3505,"cauc","female",31,"no","no","yes",62
"chicago",3505,"cauc","male",54,"no","no","yes",54
"chicago",3502,"cauc","female",34,"yes","no","no",81
"chicago",3502,"cauc","male",47,"yes","no","yes",79
"chicago",3508,"afam","female",32,"no","no","yes",175
"chicago",3509,"cauc","male",25,"yes","no","yes",54
"chicago",3507,"afam","female",43,"no","no","no",100
"chicago",3513,"afam","female",36,"no","no","yes",306
"chicago",3505,"cauc","male",52,"no","no","yes",92
"chicago",3505,"cauc","female",52,"yes","no","no",86
"chicago",3518,"afam","female",37,"yes","no","yes",150
"chicago",3518,"afam","female",52,"no","no","no",141
"chicago",3502,"cauc","male",50,"yes","no","yes",34
"chicago",3508,"afam","female",31,"no","no","no",104
"chicago",3501,"afam","male",42,"no","no","yes",366
"chicago",3501,"afam","male",28,"no","no","yes",221
"chicago",3515,"afam","female",40,"no","no","no",169
"chicago",3515,"afam","male",46,"no","yes","yes",201
"chicago",3509,"cauc","male",54,"no","yes","yes",77
"chicago",3507,"afam","male",31,"no","no","no",227
"chicago",3514,"afam","female",35,"no","no","yes",123
"chicago",3514,"afam","male",29,"no","no","yes",94
"chicago",3513,"afam","male",49,"no","no","yes",95
"chicago",3504,"cauc","female",46,"yes","no","yes",161
"chicago",3517,"cauc","male",54,"no","no","yes",151
"chicago",3517,"cauc","female",51,"no","no","no",114
"chicago",3509,"cauc","male",42,"yes","no","yes",68
"chicago",3509,"cauc","female",39,"yes","no","yes",58
"chicago",3519,"afam","female",28,"no","no","yes",209
"chicago",3502,"cauc","male",46,"yes","no","yes",64
"chicago",3505,"cauc","female",53,"no","no","yes",62
"chicago",3505,"cauc","male",53,"no","no","yes",68
"chicago",3505,"cauc","female",26,"yes","no","yes",131
"chicago",3502,"cauc","male",30,"yes","no","yes",75
"chicago",3519,"afam","female",28,"no","no","no",202
"chicago",3509,"cauc","male",27,"yes","no","yes",54
"chicago",3509,"cauc","male",28,"yes","no","yes",82
"chicago",3509,"cauc","male",28,"yes","no","yes",85
"chicago",3516,"afam","male",49,"yes","no","no",85
"chicago",3515,"cauc","female",45,"yes","no","yes",59
"chicago",3503,"afam","male",28,"no","no","yes",209
"chicago",3519,"cauc","female",49,"no","no","no",178
"chicago",3519,"cauc","male",49,"no","no","yes",152
"chicago",3519,"cauc","male",25,"no","no","yes",217
"chicago",3502,"cauc","female",34,"yes","no","yes",174
"chicago",3502,"cauc","male",35,"yes","no","yes",184
"chicago",3514,"cauc","female",44,"yes","no","no",75
"chicago",3509,"cauc","female",34,"yes","no","yes",51
"chicago",3509,"afam","female",36,"no","no","yes",61
"chicago",3510,"cauc","male",26,"no","no","no",81
"chicago",3515,"afam","male",31,"no","no","yes",60
"chicago",3515,"cauc","female",33,"no","no","no",44
"chicago",3502,"cauc","female",44,"yes","no","yes",339
"chicago",3502,"cauc","male",43,"yes","no","yes",406
"chicago",3506,"afam","male",45,"no","no","yes",50
"chicago",3501,"cauc","male",49,"no","no","no",127
"chicago",3510,"cauc","female",31,"yes","no","yes",152
"chicago",3509,"cauc","male",30,"yes","no","yes",156
"chicago",3509,"cauc","female",30,"yes","no","yes",145
"chicago",3509,"cauc","female",49,"no","no","yes",45
"chicago",3508,"afam","female",49,"no","no","no",62
"chicago",3509,"cauc","male",52,"yes","no","yes",78
"chicago",3515,"afam","female",33,"no","no","no",65
"chicago",3515,"afam","male",36,"no","yes","yes",72
"chicago",3508,"afam","male",54,"no","no","yes",30
"chicago",3505,"cauc","male",54,"no","no","no",74
"chicago",3514,"afam","female",49,"no","no","no",34
"chicago",3506,"cauc","female",51,"yes","no","yes",99
"chicago",3509,"afam","male",46,"no","no","yes",68
"chicago",3509,"afam","male",25,"no","no","no",101
"chicago",3516,"afam","female",49,"no","no","yes",93
"chicago",3516,"afam","male",44,"no","yes","no",160
"chicago",3516,"afam","female",29,"no","no","no",149
"chicago",3516,"afam","male",27,"no","no","no",162
"chicago",3518,"afam","female",54,"no","no","yes",53
"chicago",3515,"afam","female",42,"no","no","no",166
"chicago",3503,"cauc","male",47,"no","no","yes",244
"chicago",3503,"cauc","female",43,"yes","no","yes",270
"chicago",3512,"cauc","female",53,"no","no","yes",46
"chicago",3502,"cauc","male",40,"yes","no","yes",40
"chicago",3502,"cauc","female",39,"yes","no","yes",35
"chicago",3509,"cauc","female",40,"yes","no","yes",35
"chicago",3517,"afam","male",43,"yes","no","yes",267
"chicago",3507,"afam","male",38,"no","no","yes",104
"chicago",3512,"cauc","male",30,"yes","yes","yes",80
"chicago",3502,"cauc","female",31,"yes","no","no",60
"chicago",3513,"afam","female",33,"no","no","yes",271
"chicago",3513,"afam","male",33,"no","no","no",481
"chicago",3515,"afam","female",39,"no","no","no",100
"chicago",3508,"afam","female",50,"no","no","no",45
"chicago",3508,"cauc","female",47,"no","no","yes",54
"chicago",3508,"afam","female",40,"no","no","no",98
"chicago",3518,"afam","female",41,"no","no","yes",123
"chicago",3518,"afam","male",48,"no","no","yes",182
"chicago",3516,"afam","female",52,"no","no","yes",292
"chicago",3515,"afam","male",25,"yes","no","yes",81
"chicago",3509,"cauc","female",41,"yes","no","yes",74
"chicago",3518,"afam","female",37,"yes","no","yes",53
"chicago",3513,"cauc","female",26,"no","no","yes",35
"chicago",3516,"afam","female",32,"no","no","no",234
"chicago",3516,"afam","male",39,"no","no","no",216
"chicago",3517,"cauc","female",28,"yes","no","yes",58
"chicago",3517,"cauc","male",30,"yes","no","yes",86
"chicago",3510,"cauc","female",28,"no","no","no",71
"chicago",3504,"cauc","female",26,"yes","no","yes",139
"chicago",3518,"afam","female",39,"yes","no","no",83
"chicago",3503,"cauc","male",47,"yes","no","yes",31
"chicago",3503,"cauc","male",47,"no","no","yes",111
"chicago",3503,"cauc","female",37,"no","no","yes",122
"chicago",3514,"cauc","male",32,"yes","no","yes",81
"chicago",3514,"cauc","female",34,"yes","no","yes",65
"chicago",3502,"cauc","male",25,"yes","no","yes",57
"chicago",3502,"cauc","female",25,"yes","no","yes",94
"chicago",3514,"afam","male",45,"no","no","no",51
"chicago",3506,"cauc","male",33,"no","no","yes",101
"chicago",3518,"afam","female",52,"no","no","yes",34
"chicago",3516,"afam","female",54,"yes","no","no",45
"chicago",3516,"afam","male",52,"no","no","yes",62
"chicago",3503,"afam","male",42,"yes","no","yes",97
"chicago",3503,"afam","female",40,"no","no","no",106
"chicago",3508,"afam","male",45,"no","no","no",75
"chicago",3508,"afam","female",35,"no","no","yes",92
"chicago",3507,"afam","female",54,"no","no","yes",81
"chicago",3507,"afam","female",27,"yes","no","yes",106
"chicago",3505,"cauc","female",52,"no","no","yes",309
"chicago",3505,"cauc","female",48,"no","no","yes",68
"chicago",3505,"cauc","male",52,"no","no","yes",82
"chicago",3517,"cauc","female",25,"yes","no","yes",58
"chicago",3516,"afam","female",42,"no","no","no",13
"chicago",3515,"afam","male",49,"no","no","no",114
"chicago",3514,"afam","female",37,"no","no","yes",98
"chicago",3517,"afam","female",39,"no","no","yes",162
"chicago",3514,"afam","female",44,"no","no","yes",246
"chicago",3509,"cauc","male",30,"yes","no","yes",53
"chicago",3504,"cauc","male",42,"yes","no","yes",101
"chicago",3504,"cauc","female",37,"yes","no","no",76
"chicago",3501,"cauc","female",34,"yes","no","yes",96
"chicago",3501,"cauc","male",34,"yes","no","yes",117
"chicago",3503,"afam","male",40,"yes","no","yes",59
"chicago",3503,"cauc","female",28,"no","no","no",56
"chicago",3502,"afam","female",52,"yes","no","yes",37
"chicago",3503,"cauc","female",33,"yes","no","no",367
"chicago",3503,"cauc","male",35,"yes","no","yes",406
"chicago",3516,"afam","female",26,"no","no","no",124
"chicago",3517,"afam","female",54,"no","no","yes",398
"chicago",3505,"cauc","female",30,"yes","no","yes",155
"chicago",3509,"cauc","male",31,"yes","no","yes",79
"chicago",3509,"cauc","female",25,"no","no","no",67
"chicago",3504,"cauc","female",52,"yes","no","yes",90
"chicago",3509,"cauc","female",37,"yes","no","no",33
"chicago",3509,"cauc","male",45,"yes","no","yes",35
"chicago",3503,"cauc","male",38,"yes","no","yes",314
"chicago",3515,"afam","female",53,"no","no","no",77
"chicago",3514,"afam","male",28,"no","no","no",78
"chicago",3502,"cauc","female",48,"yes","no","no",84
"chicago",3502,"cauc","male",27,"yes","no","yes",58
"chicago",3502,"cauc","female",26,"yes","no","yes",60
"chicago",3508,"afam","male",53,"no","no","no",55
"chicago",3516,"afam","female",49,"no","no","no",315
"chicago",3512,"cauc","male",25,"yes","no","yes",39
"chicago",3512,"cauc","female",25,"yes","no","yes",53
"chicago",3502,"cauc","male",25,"yes","no","yes",150
"chicago",3517,"afam","male",49,"yes","no","no",72
"chicago",3513,"cauc","female",49,"yes","no","yes",232
"chicago",3502,"cauc","male",27,"yes","no","yes",75
"chicago",3508,"afam","male",47,"no","no","yes",49
"chicago",3502,"cauc","female",25,"yes","no","yes",68
"chicago",3516,"afam","female",53,"no","no","no",53
"chicago",3515,"afam","female",52,"no","no","no",57
"chicago",3501,"afam","male",26,"no","no","yes",234
"chicago",3509,"cauc","female",31,"no","no","yes",36
"chicago",3509,"cauc","male",32,"yes","no","yes",42
"chicago",3503,"cauc","female",30,"yes","no","yes",125
"chicago",3503,"cauc","male",30,"yes","no","yes",156
"chicago",3514,"cauc","female",33,"yes","no","yes",36
"chicago",3506,"cauc","male",33,"no","no","yes",86
"chicago",3505,"cauc","female",50,"no","no","yes",74
"chicago",3518,"afam","female",54,"no","no","no",39
"chicago",3506,"cauc","male",42,"no","no","yes",134
"chicago",3506,"cauc","female",30,"yes","no","no",186
"chicago",3507,"afam","male",28,"no","no","no",281
"chicago",3509,"cauc","male",34,"yes","no","yes",56
"chicago",3509,"cauc","female",35,"yes","no","yes",48
"chicago",3501,"cauc","male",39,"yes","no","yes",97
"chicago",3501,"cauc","female",38,"yes","no","yes",118
"chicago",3506,"cauc","female",37,"yes","no","yes",111
"chicago",3506,"cauc","male",48,"yes","yes","yes",102
"chicago",3510,"cauc","female",37,"yes","no","yes",72
"chicago",3502,"cauc","female",26,"yes","no","yes",313
"chicago",3501,"afam","male",50,"no","yes","no",101
"chicago",3505,"cauc","male",52,"no","no","no",238
"chicago",3505,"cauc","female",52,"yes","no","yes",226
"chicago",3512,"afam","male",35,"no","no","yes",87
"chicago",3512,"afam","male",43,"no","no","no",125
"chicago",3518,"afam","female",28,"no","no","yes",134
"chicago",3502,"cauc","female",25,"yes","no","yes",70
"chicago",3502,"cauc","male",33,"yes","no","yes",75
"chicago",3509,"afam","female",36,"yes","no","no",179
"chicago",3516,"afam","female",40,"no","no","yes",193
"chicago",3501,"cauc","female",50,"yes","no","yes",113
"chicago",3510,"cauc","female",38,"yes","no","yes",84
"chicago",3513,"cauc","female",26,"no","no","yes",194
"chicago",3501,"cauc","male",41,"yes","no","yes",135
"chicago",3514,"afam","female",36,"yes","no","yes",113
"chicago",3509,"cauc","female",54,"yes","no","yes",65
"chicago",3513,"cauc","female",53,"no","no","yes",127
"chicago",3513,"cauc","female",27,"no","no","no",138
"chicago",3507,"afam","female",40,"no","no","yes",162
"chicago",3515,"afam","male",54,"no","no","yes",118
"chicago",3509,"cauc","female",31,"yes","no","yes",59
"chicago",3509,"cauc","female",34,"yes","no","yes",91
"chicago",3509,"cauc","male",27,"yes","no","yes",28
"chicago",3502,"afam","female",50,"no","no","no",199
"chicago",3505,"cauc","male",32,"no","yes","yes",362
"chicago",3517,"cauc","female",36,"no","no","no",173
"chicago",3517,"cauc","male",39,"no","no","yes",178
"chicago",3518,"afam","female",48,"yes","no","no",88
"chicago",3518,"afam","male",50,"no","no","yes",89
"chicago",3506,"cauc","female",29,"yes","no","yes",193
"chicago",3502,"cauc","female",31,"yes","no","yes",43
"chicago",3510,"cauc","male",35,"yes","no","yes",33
"chicago",3510,"cauc","female",36,"yes","no","yes",28
"chicago",3514,"afam","female",38,"no","no","yes",100
"chicago",3515,"afam","female",53,"no","no","yes",256
"chicago",3515,"cauc","female",45,"no","no","yes",274
"chicago",3515,"afam","female",34,"no","no","yes",339
"chicago",3516,"afam","female",53,"yes","no","no",120
"chicago",3516,"afam","male",30,"no","no","no",226
"chicago",3502,"cauc","female",36,"yes","no","yes",67
"chicago",3501,"afam","female",51,"no","no","yes",303
"chicago",3507,"afam","female",45,"yes","no","no",137
"chicago",3507,"afam","male",50,"yes","no","yes",162
"chicago",3507,"afam","female",25,"no","no","yes",216
"chicago",3506,"cauc","female",30,"yes","no","yes",79
"chicago",3518,"afam","female",38,"no","no","no",50
"chicago",3518,"afam","male",38,"no","no","yes",66
"chicago",3504,"cauc","male",37,"no","no","yes",256
"chicago",3504,"cauc","male",45,"no","no","no",346
"chicago",3519,"afam","female",49,"no","no","yes",102
"chicago",3512,"afam","male",54,"no","no","no",189
"chicago",3504,"cauc","male",53,"no","no","yes",105
"chicago",3504,"cauc","female",44,"no","no","yes",94
"chicago",3513,"afam","female",34,"no","no","yes",154
"chicago",3509,"cauc","female",46,"yes","no","yes",60
"chicago",3502,"cauc","male",33,"yes","no","yes",61
"chicago",3502,"cauc","female",26,"yes","no","yes",43
"chicago",3515,"afam","female",54,"no","no","no",203
"chicago",3507,"afam","male",53,"no","no","no",4
"chicago",3516,"afam","female",50,"no","no","yes",42
"chicago",3516,"afam","female",25,"no","no","yes",94
"chicago",3503,"cauc","female",25,"yes","no","yes",154
"chicago",3503,"cauc","female",25,"yes","no","yes",263
"chicago",3509,"cauc","female",40,"yes","no","yes",35
"chicago",3515,"afam","female",35,"no","no","yes",69
"chicago",3515,"afam","male",36,"no","no","yes",68
"chicago",3518,"afam","female",54,"no","no","no",86
"chicago",3507,"afam","male",38,"no","no","yes",67
"chicago",3507,"afam","female",39,"no","no","yes",86
"chicago",3502,"cauc","female",31,"yes","no","yes",44
"chicago",3502,"cauc","male",32,"yes","no","yes",39
"chicago",3514,"afam","female",31,"no","no","yes",86
"chicago",3514,"afam","male",30,"no","no","yes",115
"chicago",3509,"cauc","female",54,"yes","no","no",73
"chicago",3509,"cauc","male",31,"yes","no","yes",91
"chicago",3502,"cauc","female",26,"yes","no","yes",99
"chicago",3502,"cauc","male",35,"yes","no","yes",137
"chicago",3501,"cauc","male",35,"yes","no","yes",217
"chicago",3501,"cauc","female",35,"yes","no","yes",268
"chicago",3512,"afam","female",43,"no","no","no",79
"chicago",3513,"cauc","female",51,"no","no","no",89
"chicago",3513,"afam","female",30,"no","no","yes",51
"chicago",3504,"afam","female",47,"no","no","no",130
"chicago",3501,"cauc","female",27,"yes","no","no",53
"chicago",3515,"afam","female",53,"no","no","yes",136
"chicago",3515,"afam","female",31,"no","no","yes",144
"chicago",3509,"cauc","male",45,"yes","no","yes",59
"chicago",3508,"cauc","female",50,"yes","no","yes",59
"chicago",3508,"afam","male",48,"yes","no","yes",82
"chicago",3510,"cauc","female",32,"yes","no","yes",111
"chicago",3501,"afam","male",42,"no","yes","yes",140
"chicago",3504,"cauc","male",52,"yes","no","yes",179
"chicago",3504,"cauc","female",42,"yes","no","yes",165
"chicago",3503,"cauc","female",26,"yes","no","yes",114
"chicago",3503,"cauc","female",25,"yes","no","yes",195
"chicago",3516,"afam","male",43,"no","no","yes",66
"chicago",3503,"cauc","male",33,"yes","no","yes",298
"chicago",3518,"afam","female",50,"no","no","yes",113
"chicago",3518,"afam","male",25,"no","no","no",276
"chicago",3510,"cauc","female",36,"yes","no","yes",109
"chicago",3502,"cauc","male",28,"yes","no","yes",57
"chicago",3502,"cauc","male",26,"yes","no","yes",87
"chicago",3502,"cauc","male",54,"yes","no","yes",5
"chicago",3510,"afam","female",47,"yes","no","yes",300
"chicago",3501,"cauc","male",26,"yes","no","yes",158
"chicago",3501,"cauc","male",35,"yes","no","no",188
"chicago",3515,"afam","female",48,"no","no","yes",192
"chicago",3505,"cauc","female",48,"no","no","yes",104
"chicago",3510,"afam","female",42,"no","no","no",98
"chicago",3509,"cauc","male",44,"yes","no","yes",83
"chicago",3504,"cauc","female",37,"no","no","yes",73
"chicago",3517,"afam","male",28,"no","no","yes",205
"chicago",3502,"cauc","male",36,"yes","no","yes",120
"chicago",3517,"cauc","male",36,"yes","no","yes",60
"chicago",3517,"cauc","female",40,"yes","no","no",57
"chicago",3509,"cauc","female",31,"yes","no","yes",53
"chicago",3505,"cauc","female",26,"yes","no","no",256
"chicago",3505,"cauc","male",32,"yes","no","yes",299
"chicago",3503,"cauc","female",31,"yes","no","yes",41
"chicago",3507,"afam","female",29,"no","no","yes",156
"chicago",3516,"afam","male",29,"no","no","yes",64
"chicago",3509,"cauc","male",41,"yes","no","yes",54
"chicago",3509,"cauc","female",38,"yes","no","yes",46
"chicago",3513,"cauc","male",47,"yes","no","yes",130
"chicago",3519,"cauc","female",48,"no","no","yes",83
"chicago",3514,"cauc","female",25,"yes","no","yes",82
"chicago",3514,"cauc","male",25,"yes","no","yes",99
"chicago",3503,"cauc","female",35,"yes","no","yes",58
"chicago",3503,"cauc","male",35,"yes","no","yes",61
"chicago",3517,"cauc","female",25,"no","no","yes",71
"chicago",3515,"afam","female",54,"no","no","yes",59
"chicago",3509,"cauc","female",33,"yes","no","yes",424
"chicago",3509,"cauc","female",32,"yes","no","yes",656
"chicago",3503,"cauc","female",52,"yes","no","yes",74
"chicago",3503,"cauc","male",54,"yes","no","yes",57
"chicago",3504,"cauc","female",51,"yes","no","no",120
"chicago",3514,"afam","male",34,"no","no","yes",69
"chicago",3501,"cauc","male",54,"yes","no","yes",6
"chicago",3513,"afam","male",34,"no","no","yes",199
"chicago",3515,"afam","female",48,"no","no","yes",217
"chicago",3515,"afam","female",29,"no","no","yes",324
"chicago",3507,"afam","male",47,"no","no","no",3
"chicago",3518,"afam","male",48,"no","no","yes",127
"chicago",3515,"afam","male",48,"no","no","yes",239
"chicago",3515,"afam","female",41,"no","no","yes",247
"chicago",3515,"afam","male",38,"no","no","yes",252
"chicago",3509,"cauc","male",42,"yes","no","yes",35
"chicago",3509,"cauc","female",31,"yes","no","yes",33
"chicago",3505,"cauc","female",46,"no","no","yes",178
"chicago",3505,"cauc","male",48,"no","no","yes",222
"chicago",3517,"cauc","female",30,"no","no","yes",78
"chicago",3509,"cauc","male",54,"no","no","yes",120
"chicago",3515,"afam","male",42,"no","no","no",33
"chicago",3515,"afam","female",41,"yes","no","no",34
"chicago",3515,"afam","female",25,"no","no","yes",49
"chicago",3507,"afam","female",26,"no","no","yes",103
"chicago",3502,"cauc","male",29,"yes","no","yes",105
"chicago",3509,"cauc","female",36,"no","no","yes",63
"chicago",3509,"cauc","male",36,"no","no","no",77
"chicago",3509,"cauc","female",36,"no","no","yes",102
"chicago",3501,"cauc","female",48,"yes","no","yes",224
"chicago",3517,"cauc","male",40,"no","no","yes",64
"chicago",3517,"cauc","female",38,"yes","no","yes",65
"chicago",3519,"afam","male",31,"no","no","yes",72
"chicago",3514,"afam","female",42,"no","no","yes",45
"chicago",3519,"afam","female",28,"no","no","yes",65
"chicago",3519,"afam","male",26,"no","no","no",88
"chicago",3514,"afam","female",38,"yes","no","yes",44
"chicago",3514,"afam","female",39,"yes","no","yes",64
"chicago",3501,"cauc","female",27,"yes","no","yes",182
"chicago",3501,"afam","male",29,"yes","no","yes",226
"chicago",3503,"cauc","female",40,"yes","no","yes",95
"chicago",3505,"cauc","female",46,"no","no","no",53
"chicago",3509,"cauc","female",30,"yes","no","yes",46
"chicago",3509,"cauc","male",31,"yes","no","yes",51
"chicago",3502,"cauc","female",28,"yes","no","yes",38
"chicago",3502,"cauc","female",28,"yes","no","yes",61
"chicago",3501,"cauc","female",37,"yes","no","yes",81
"chicago",3508,"afam","female",51,"no","no","no",158
"chicago",3512,"afam","female",49,"no","no","yes",33
"chicago",3508,"afam","female",31,"no","no","no",36
"chicago",3501,"cauc","female",26,"yes","no","yes",113
"chicago",3501,"cauc","female",37,"no","no","yes",291
"chicago",3513,"afam","male",50,"no","no","no",228
"chicago",3519,"afam","male",36,"no","no","yes",189
"chicago",3519,"afam","female",32,"no","no","yes",145
"chicago",3508,"afam","female",50,"no","no","yes",81
"chicago",3516,"afam","male",29,"no","no","no",108
"chicago",3516,"afam","male",26,"no","no","no",108
"chicago",3503,"cauc","male",49,"no","no","no",35
"chicago",3505,"cauc","male",51,"no","no","yes",299
"chicago",3505,"cauc","female",49,"yes","no","yes",254
"chicago",3513,"cauc","male",29,"yes","no","yes",46
"chicago",3513,"cauc","female",29,"yes","no","yes",51
"chicago",3517,"cauc","male",49,"no","no","yes",394
"chicago",3517,"cauc","female",50,"no","no","yes",339
"chicago",3517,"cauc","male",29,"no","no","no",622
"chicago",3514,"afam","male",43,"no","no","no",65
"chicago",3516,"afam","male",48,"no","no","no",195
"chicago",3509,"cauc","male",30,"yes","no","yes",45
"chicago",3509,"cauc","female",27,"yes","no","yes",37
"chicago",3510,"cauc","male",25,"yes","no","no",116
"chicago",3510,"afam","female",54,"no","no","no",85
"chicago",3509,"cauc","male",39,"yes","no","yes",50
"chicago",3503,"cauc","male",44,"no","no","no",190
"chicago",3502,"cauc","male",39,"yes","no","yes",74
"chicago",3502,"cauc","female",39,"yes","no","yes",62
"chicago",3514,"afam","female",41,"no","no","no",42
"chicago",3502,"cauc","female",34,"yes","no","yes",82
"chicago",3502,"cauc","male",33,"no","no","yes",74
"chicago",3514,"afam","male",41,"no","no","yes",109
"chicago",3508,"afam","female",54,"yes","no","yes",54
"chicago",3510,"cauc","female",30,"yes","no","yes",187
"chicago",3510,"cauc","male",38,"yes","no","yes",185
"chicago",3514,"afam","male",45,"no","no","no",119
"chicago",3518,"afam","female",30,"no","no","yes",96
"chicago",3517,"cauc","male",54,"no","no","no",54
"chicago",3517,"cauc","female",52,"yes","no","yes",41
"chicago",3516,"afam","female",27,"no","no","no",77
"chicago",3516,"afam","male",30,"no","no","yes",85
"chicago",3509,"cauc","male",33,"yes","no","yes",70
"chicago",3509,"cauc","female",27,"yes","no","yes",60
"chicago",3511,"cauc","female",27,"no","no","yes",33
"chicago",3511,"cauc","male",28,"no","no","yes",47
"chicago",3511,"cauc","female",27,"yes","no","yes",49
"chicago",3511,"cauc","female",25,"yes","no","yes",49
"chicago",3514,"cauc","male",43,"yes","no","yes",56
"chicago",3502,"cauc","male",35,"yes","no","no",24
"chicago",3502,"cauc","female",32,"yes","no","yes",67
"chicago",3502,"cauc","male",42,"yes","no","yes",45
"chicago",3502,"cauc","male",34,"no","no","yes",38
"chicago",3509,"cauc","female",30,"yes","no","yes",63
"chicago",3509,"cauc","male",30,"yes","no","yes",72
"chicago",3508,"afam","female",28,"no","no","no",74
"chicago",3508,"cauc","male",41,"no","no","yes",131
"chicago",3508,"cauc","female",38,"no","no","yes",101
"chicago",3514,"afam","female",49,"no","no","yes",30
"chicago",3514,"afam","female",25,"no","no","yes",41
"chicago",3508,"afam","male",31,"no","no","no",123
"chicago",3508,"afam","female",26,"no","no","no",114
"chicago",3508,"afam","male",52,"no","yes","no",86
"chicago",3509,"cauc","female",32,"yes","no","yes",59
"chicago",3515,"afam","male",37,"no","no","yes",79
"chicago",3515,"afam","female",32,"yes","no","no",75
"chicago",3503,"cauc","male",25,"no","no","yes",157
"chicago",3503,"cauc","female",25,"no","no","yes",132
"chicago",3508,"afam","female",32,"no","no","yes",320
"chicago",3501,"afam","female",42,"no","no","yes",106
"chicago",3507,"afam","female",30,"no","no","no",126
"chicago",3515,"afam","male",54,"yes","yes","yes",76
"chicago",3515,"afam","female",51,"yes","no","yes",77
"chicago",3510,"cauc","female",27,"yes","no","yes",41
"chicago",3515,"afam","female",32,"no","no","yes",182
"chicago",3502,"cauc","female",36,"yes","no","yes",125
"chicago",3515,"cauc","female",49,"yes","no","yes",29
"chicago",3519,"afam","female",54,"no","no","yes",69
"chicago",3510,"afam","male",51,"no","no","yes",126
"chicago",3515,"afam","female",35,"no","no","no",35
"chicago",3502,"cauc","male",53,"yes","no","yes",51
"chicago",3510,"cauc","male",25,"yes","no","yes",367
"chicago",3510,"cauc","female",30,"yes","no","yes",47
"chicago",3510,"cauc","male",30,"yes","no","yes",54
"chicago",3505,"cauc","female",48,"yes","no","yes",49
"chicago",3505,"cauc","male",50,"yes","no","yes",59
"chicago",3515,"afam","female",30,"no","no","yes",718
"chicago",3510,"cauc","female",27,"yes","no","no",120
"chicago",3510,"cauc","male",33,"yes","no","yes",155
"chicago",3502,"cauc","female",25,"yes","no","yes",57
"chicago",3503,"cauc","female",37,"yes","no","yes",58
"chicago",3503,"cauc","male",39,"yes","no","yes",64
"chicago",3512,"cauc","female",45,"no","no","yes",103
"chicago",3512,"cauc","male",38,"no","no","no",126
"chicago",3512,"cauc","female",34,"no","no","yes",29
"chicago",3512,"cauc","male",44,"no","no","yes",44
"chicago",3510,"cauc","male",32,"yes","no","no",49
"chicago",3517,"cauc","male",31,"yes","no","yes",62
"chicago",3518,"afam","female",50,"no","no","yes",67
"chicago",3505,"cauc","female",44,"no","no","no",82
"chicago",3505,"cauc","female",44,"no","no","no",85
"chicago",3505,"cauc","female",25,"yes","no","yes",175
"chicago",3505,"cauc","male",47,"yes","no","yes",46
"chicago",3505,"cauc","female",45,"yes","no","no",39
"chicago",3502,"cauc","female",29,"no","no","yes",35
"chicago",3508,"afam","male",36,"no","no","yes",83
"chicago",3508,"afam","female",33,"no","no","yes",69
"chicago",3508,"afam","female",37,"no","no","yes",303
"chicago",3507,"afam","male",47,"no","no","no",4
"chicago",3502,"cauc","female",26,"yes","no","yes",50
"chicago",3502,"cauc","female",25,"yes","no","yes",77
"chicago",3507,"afam","female",51,"no","no","yes",236
"chicago",3509,"cauc","female",27,"yes","no","yes",109
"chicago",3501,"afam","female",47,"no","no","no",194
"chicago",3511,"cauc","male",32,"no","no","yes",147
"chicago",3508,"cauc","female",53,"no","no","no",83
"chicago",3504,"cauc","male",33,"yes","no","yes",98
"chicago",3504,"cauc","female",35,"yes","no","yes",62
"chicago",3504,"cauc","female",31,"no","no","yes",115
"chicago",3505,"cauc","male",54,"no","no","yes",98
"chicago",3505,"cauc","female",54,"yes","no","yes",94
"chicago",3511,"cauc","male",31,"no","yes","no",118
"chicago",3512,"cauc","male",54,"no","no","no",37
"chicago",3508,"afam","female",40,"no","no","yes",157
"chicago",3501,"cauc","female",35,"yes","no","yes",453
"chicago",3501,"cauc","female",32,"yes","no","yes",334
"chicago",3510,"cauc","male",52,"yes","no","yes",107
"chicago",3501,"cauc","male",27,"yes","no","yes",95
"chicago",3501,"cauc","female",26,"yes","no","yes",131
"chicago",3508,"afam","female",29,"no","no","no",70
"chicago",3508,"afam","male",49,"yes","no","yes",85
"chicago",3504,"cauc","male",30,"no","no","yes",106
"chicago",3502,"cauc","male",34,"yes","no","yes",310
"chicago",3502,"cauc","female",50,"yes","no","yes",237
"chicago",3502,"cauc","male",46,"yes","no","yes",230
"chicago",3516,"afam","male",54,"no","yes","yes",160
"chicago",3502,"cauc","female",31,"yes","no","yes",163
"chicago",3502,"cauc","female",31,"yes","no","yes",256
"chicago",3502,"cauc","female",29,"yes","no","yes",221
"chicago",3513,"afam","female",26,"no","no","no",135
"chicago",3508,"afam","male",31,"no","no","no",189
"chicago",3508,"afam","male",30,"no","no","yes",190
"chicago",3508,"afam","female",30,"no","no","yes",165
"chicago",3510,"cauc","male",27,"yes","no","yes",100
"chicago",3510,"cauc","female",28,"yes","no","yes",88
"chicago",3517,"cauc","male",40,"yes","no","yes",35
"chicago",3517,"cauc","female",39,"yes","no","no",36
"chicago",3507,"afam","female",30,"no","no","no",114
"chicago",3501,"cauc","male",28,"yes","no","yes",87
"chicago",3509,"cauc","male",27,"yes","no","yes",135
"chicago",3512,"cauc","female",48,"no","no","no",58
"chicago",3509,"cauc","male",50,"no","yes","yes",79
"chicago",3511,"cauc","male",30,"yes","no","yes",72
"chicago",3511,"afam","female",28,"yes","no","no",91
"chicago",3503,"afam","female",30,"no","no","no",184
"chicago",3508,"afam","female",51,"no","no","no",99
"chicago",3502,"cauc","female",38,"yes","no","yes",50
"chicago",3509,"cauc","male",38,"yes","no","yes",182
"chicago",3509,"cauc","female",40,"no","no","yes",157
"chicago",3513,"cauc","female",54,"no","no","yes",139
"chicago",3513,"cauc","male",52,"no","no","no",150
"chicago",3509,"cauc","male",41,"no","no","yes",131
"chicago",3509,"cauc","female",36,"yes","no","yes",115
"chicago",3517,"afam","female",30,"no","no","yes",137
"chicago",3501,"afam","female",53,"no","no","yes",73
"chicago",3515,"afam","female",52,"no","no","yes",43
"chicago",3515,"afam","female",35,"no","no","yes",116
"chicago",3515,"afam","male",43,"no","no","no",118
"chicago",3510,"cauc","male",30,"no","no","yes",86
"chicago",3509,"cauc","male",32,"yes","no","yes",369
"chicago",3503,"cauc","female",28,"yes","no","yes",112
"chicago",3503,"cauc","female",28,"yes","no","yes",191
"chicago",3516,"afam","female",35,"no","no","yes",80
"chicago",3513,"cauc","male",48,"no","no","no",71
"chicago",3509,"cauc","male",25,"yes","no","yes",65
"chicago",3509,"cauc","female",25,"yes","no","yes",67
"chicago",3517,"afam","female",45,"yes","no","yes",262
"chicago",3517,"afam","male",49,"yes","no","yes",203
"chicago",3502,"cauc","male",34,"yes","no","yes",46
"chicago",3502,"cauc","female",34,"yes","no","no",50
"chicago",3509,"cauc","male",50,"yes","no","yes",180
"chicago",3509,"cauc","female",53,"yes","no","yes",194
"chicago",3514,"afam","female",31,"no","no","no",94
"chicago",3502,"cauc","male",29,"yes","no","yes",57
"chicago",3515,"afam","male",36,"no","no","no",146
"chicago",3517,"afam","female",51,"no","no","yes",75
"chicago",3519,"afam","male",37,"no","yes","no",153
"chicago",3505,"cauc","female",31,"yes","no","yes",119
"chicago",3514,"cauc","female",41,"yes","no","yes",41
"chicago",3514,"cauc","male",36,"yes","no","yes",53
"chicago",3505,"cauc","male",39,"yes","no","no",71
"chicago",3505,"cauc","female",41,"yes","no","yes",58
"chicago",3509,"cauc","female",35,"yes","no","yes",35
"chicago",3509,"cauc","male",34,"no","no","yes",42
"chicago",3505,"cauc","female",53,"no","no","yes",52
"chicago",3517,"cauc","female",27,"yes","yes","yes",40
"chicago",3517,"cauc","male",32,"yes","no","yes",62
"chicago",3517,"afam","male",27,"no","no","yes",144
"chicago",3518,"afam","female",46,"no","no","yes",95
"chicago",3518,"afam","male",27,"no","no","no",142
"chicago",3518,"afam","female",44,"no","no","yes",112
"chicago",3518,"afam","female",40,"no","no","yes",113
"chicago",3513,"cauc","female",53,"no","no","no",73
"chicago",3510,"cauc","male",32,"yes","no","yes",87
"chicago",3508,"afam","female",42,"no","no","no",100
"chicago",3507,"afam","female",49,"no","no","no",160
"chicago",3507,"afam","male",50,"no","no","yes",190
"chicago",3502,"cauc","female",28,"yes","no","yes",550
"chicago",3504,"afam","female",32,"no","no","no",201
"chicago",3509,"cauc","male",50,"yes","no","yes",72
"chicago",3502,"cauc","female",27,"yes","no","yes",53
"chicago",3502,"cauc","male",27,"yes","no","no",50
"chicago",3502,"cauc","female",30,"yes","no","yes",43
"chicago",3502,"afam","male",29,"yes","no","yes",32
"chicago",3502,"cauc","female",43,"yes","no","yes",116
"chicago",3502,"cauc","male",46,"yes","no","yes",130
"chicago",3509,"cauc","male",29,"no","no","no",30
"chicago",3505,"cauc","male",44,"yes","no","yes",77
"chicago",3505,"cauc","female",38,"yes","no","yes",34
"chicago",3503,"cauc","female",32,"yes","no","yes",162
"chicago",3515,"afam","male",41,"no","no","yes",154
"chicago",3510,"afam","female",43,"no","no","no",70
"chicago",3510,"afam","male",28,"no","no","no",82
"chicago",3502,"cauc","female",53,"no","no","no",212
"chicago",3501,"cauc","female",47,"no","no","no",42
"chicago",3509,"cauc","male",28,"yes","no","no",189
"chicago",3502,"cauc","female",27,"yes","no","yes",73
"chicago",3502,"cauc","female",25,"yes","no","yes",114
"chicago",3509,"cauc","male",29,"yes","no","yes",147
"chicago",3509,"cauc","female",28,"yes","no","yes",147
"chicago",3516,"afam","female",29,"no","no","no",68
"chicago",3504,"cauc","male",46,"yes","no","yes",39
"chicago",3508,"cauc","female",33,"yes","no","yes",55
"chicago",3508,"cauc","male",29,"yes","no","yes",86
"chicago",3502,"cauc","male",44,"yes","no","yes",106
"chicago",3502,"cauc","female",44,"yes","no","yes",89
"chicago",3501,"cauc","female",32,"yes","no","yes",66
"chicago",3503,"cauc","male",40,"no","no","yes",85
"chicago",3514,"afam","female",54,"no","no","no",45
"chicago",3503,"cauc","female",45,"yes","no","yes",110
"chicago",3503,"afam","male",51,"no","no","no",100
"chicago",3516,"afam","female",43,"yes","no","yes",266
"chicago",3501,"cauc","female",45,"no","no","yes",72
"chicago",3513,"afam","female",54,"no","no","no",53
"chicago",3513,"afam","male",35,"no","no","yes",129
"chicago",3513,"afam","male",27,"no","no","no",74
"chicago",3509,"cauc","male",43,"no","no","no",14
"chicago",3507,"afam","female",42,"yes","no","no",138
"chicago",3511,"cauc","male",25,"yes","no","no",12
"chicago",3516,"afam","female",45,"no","no","yes",35
"chicago",3516,"afam","male",52,"no","no","no",49
"chicago",3501,"cauc","male",47,"yes","no","yes",156
"chicago",3509,"cauc","female",26,"yes","no","no",74
"chicago",3507,"afam","female",49,"no","no","no",81
"chicago",3507,"afam","male",25,"no","no","no",113
"chicago",3509,"cauc","female",32,"yes","no","yes",62
"chicago",3506,"afam","female",32,"no","no","yes",131
"chicago",3509,"cauc","male",32,"yes","no","yes",61
"chicago",3509,"cauc","female",31,"yes","no","yes",57
"chicago",3508,"afam","female",38,"no","no","yes",61
"chicago",3510,"cauc","male",53,"yes","no","no",37
"chicago",3515,"afam","male",34,"no","no","no",317
"chicago",3516,"afam","female",50,"no","no","yes",25
"chicago",3514,"afam","female",53,"yes","no","yes",32
"chicago",3509,"cauc","male",39,"yes","no","yes",153
"chicago",3509,"cauc","female",39,"yes","no","yes",131
"chicago",3511,"afam","female",31,"no","no","no",143
"chicago",3509,"cauc","male",41,"yes","no","yes",39
"chicago",3509,"cauc","female",39,"yes","no","yes",35
"chicago",3501,"cauc","female",31,"yes","no","yes",205
"chicago",3514,"afam","female",27,"no","no","yes",39
"chicago",3512,"cauc","male",54,"no","no","no",31
"chicago",3505,"cauc","female",31,"no","no","no",448
"chicago",3502,"cauc","female",46,"no","no","no",92
"chicago",3506,"cauc","male",25,"no","no","yes",81
"chicago",3506,"cauc","female",26,"no","no","yes",82
"chicago",3503,"cauc","female",36,"no","no","yes",426
"chicago",3503,"cauc","male",38,"no","no","yes",458
"chicago",3516,"afam","male",50,"no","no","yes",87
"chicago",3519,"afam","male",42,"yes","no","yes",57
"chicago",3515,"afam","male",40,"yes","no","yes",66
"chicago",3515,"afam","female",28,"no","no","yes",67
"chicago",3509,"cauc","male",41,"yes","no","yes",64
"chicago",3505,"cauc","female",49,"yes","no","yes",48
"chicago",3517,"cauc","male",54,"yes","no","yes",41
"chicago",3517,"cauc","female",52,"yes","no","no",32
"chicago",3508,"afam","female",31,"yes","no","yes",102
"chicago",3508,"afam","male",54,"no","yes","yes",107
"chicago",3510,"cauc","female",29,"yes","no","yes",744
"chicago",3514,"cauc","male",44,"yes","no","yes",168
"chicago",3514,"cauc","female",43,"yes","no","yes",141
"chicago",3517,"cauc","male",37,"yes","no","yes",49
"chicago",3517,"cauc","female",37,"yes","no","yes",50
"chicago",3518,"afam","female",50,"no","no","yes",288
"chicago",3518,"afam","female",27,"no","no","yes",358
"chicago",3518,"afam","male",26,"no","no","yes",623
"chicago",3502,"cauc","female",33,"yes","no","yes",68
"chicago",3503,"afam","female",50,"yes","no","yes",97
"chicago",3503,"afam","female",29,"no","no","no",160
"chicago",3515,"afam","female",42,"no","no","yes",34
"chicago",3503,"cauc","female",50,"yes","no","yes",143
"chicago",3501,"cauc","female",48,"no","no","yes",93
"chicago",3502,"cauc","female",32,"yes","no","yes",61
"chicago",3515,"afam","male",43,"no","no","no",55
"chicago",3515,"afam","female",38,"no","no","yes",55
"chicago",3515,"afam","male",52,"no","no","no",58
"chicago",3515,"afam","male",50,"no","no","no",56
"chicago",3518,"afam","male",45,"no","no","yes",66
"chicago",3518,"afam","male",53,"yes","no","yes",63
"chicago",3515,"afam","male",44,"no","no","yes",140
"chicago",3501,"afam","male",46,"no","no","no",100
"chicago",3501,"cauc","male",42,"no","no","no",110
"chicago",3514,"afam","female",33,"no","no","yes",60
"chicago",3508,"afam","male",54,"no","yes","no",14
"chicago",3502,"cauc","male",28,"yes","no","no",100
"chicago",3503,"cauc","male",30,"yes","no","yes",451
"chicago",3505,"cauc","female",54,"no","no","yes",175
"chicago",3515,"afam","female",43,"yes","no","no",58
"chicago",3503,"cauc","female",38,"yes","no","yes",211
"chicago",3503,"cauc","male",40,"yes","no","yes",226
"chicago",3509,"cauc","male",32,"yes","no","yes",81
"chicago",3515,"afam","female",26,"no","no","no",58
"chicago",3516,"afam","female",40,"no","no","no",101
"chicago",3509,"cauc","male",41,"yes","no","yes",90
"chicago",3509,"cauc","female",36,"no","no","no",80
"chicago",3519,"afam","female",26,"no","no","no",257
"chicago",3519,"afam","female",44,"no","no","yes",366
"chicago",3510,"cauc","male",37,"yes","no","yes",129
"chicago",3501,"cauc","female",31,"yes","no","yes",114
"chicago",3514,"afam","female",39,"no","no","yes",61
"chicago",3514,"afam","male",42,"no","no","yes",69
"chicago",3502,"cauc","male",28,"yes","no","yes",126
"chicago",3502,"cauc","male",25,"yes","no","yes",198
"chicago",3502,"cauc","female",25,"yes","no","yes",208
"chicago",3510,"afam","female",31,"yes","no","yes",101
"chicago",3507,"afam","female",49,"no","no","yes",52
"chicago",3514,"cauc","female",53,"yes","no","yes",73
"chicago",3514,"cauc","female",26,"yes","no","yes",44
"chicago",3514,"cauc","female",25,"yes","no","yes",67
"chicago",3504,"cauc","male",46,"no","no","yes",33
"chicago",3504,"cauc","female",43,"no","no","yes",30
"chicago",3510,"cauc","male",52,"yes","no","yes",113
"chicago",3516,"afam","male",48,"no","no","no",9
"chicago",3519,"afam","male",44,"no","yes","yes",47
"chicago",3519,"afam","female",44,"no","no","yes",37
"chicago",3514,"cauc","female",35,"yes","no","yes",40
"chicago",3502,"cauc","male",37,"yes","no","yes",757
"chicago",3512,"cauc","female",54,"yes","no","yes",57
"chicago",3516,"afam","female",39,"no","no","no",45
"chicago",3516,"afam","male",44,"no","no","yes",79
"chicago",3512,"afam","female",50,"no","no","no",47
"chicago",3505,"cauc","female",53,"no","no","yes",125
"chicago",3502,"cauc","female",36,"yes","no","yes",30
"chicago",3514,"afam","female",51,"no","no","no",169
"chicago",3510,"afam","female",36,"yes","no","yes",30
"chicago",3510,"afam","female",30,"no","no","yes",43
"chicago",3506,"cauc","male",25,"yes","no","yes",145
"chicago",3506,"cauc","male",43,"no","no","yes",91
"chicago",3501,"cauc","female",27,"yes","no","yes",258
"chicago",3504,"cauc","female",47,"no","no","no",83
"chicago",3504,"cauc","male",42,"no","no","no",84
"chicago",3503,"cauc","female",25,"yes","no","yes",99
"chicago",3507,"afam","female",45,"no","no","yes",233
"chicago",3505,"cauc","male",51,"yes","no","yes",1082
"chicago",3514,"afam","female",34,"no","no","yes",83
"chicago",3517,"cauc","male",32,"yes","no","yes",115
"chicago",3515,"afam","female",35,"yes","no","yes",30
"chicago",3515,"afam","male",41,"no","no","no",31
"chicago",3502,"cauc","male",31,"yes","no","yes",38
"chicago",3502,"cauc","female",31,"yes","no","no",39
"chicago",3507,"afam","female",41,"yes","no","no",129
"chicago",3516,"afam","male",46,"no","no","no",99
"chicago",3516,"afam","male",44,"no","no","no",80
"chicago",3513,"cauc","male",51,"no","no","no",101
"chicago",3506,"cauc","male",53,"no","no","yes",148
"chicago",3514,"afam","female",48,"no","no","no",34
"chicago",3514,"afam","female",28,"no","no","no",47
"chicago",3507,"afam","female",36,"no","no","no",140
"chicago",3507,"afam","male",40,"no","no","yes",103
"chicago",3504,"cauc","female",40,"no","no","yes",82
"chicago",3509,"cauc","male",39,"yes","no","yes",48
"chicago",3508,"afam","female",46,"no","no","no",67
"chicago",3508,"afam","male",52,"no","no","yes",60
"chicago",3511,"cauc","male",39,"yes","no","yes",73
"chicago",3511,"cauc","female",36,"yes","no","yes",88
"chicago",3511,"cauc","female",47,"yes","no","yes",130
"chicago",3511,"cauc","male",39,"yes","no","no",107
"chicago",3511,"cauc","female",33,"yes","no","yes",128
"chicago",3511,"cauc","female",32,"yes","no","yes",129
"chicago",3511,"cauc","male",31,"yes","no","yes",108
"chicago",3519,"afam","male",44,"no","no","yes",236
"chicago",3503,"cauc","male",30,"no","no","yes",522
"chicago",3515,"afam","male",45,"no","yes","yes",237
"chicago",3505,"cauc","female",40,"no","no","yes",86
"chicago",3505,"cauc","male",45,"no","no","yes",92
"chicago",3507,"afam","female",47,"yes","yes","yes",197
"chicago",3512,"cauc","male",50,"no","no","no",84
"chicago",3508,"afam","male",36,"no","no","no",61
"chicago",3508,"afam","female",53,"no","no","no",56
"chicago",3503,"cauc","female",34,"yes","no","yes",76
"chicago",3502,"cauc","female",27,"yes","no","yes",55
"chicago",3502,"cauc","male",29,"no","no","yes",53
"chicago",3518,"afam","female",52,"yes","no","no",406
"chicago",3502,"cauc","male",26,"no","no","yes",366
"chicago",3509,"cauc","female",52,"no","no","yes",233
"chicago",3510,"cauc","female",26,"yes","no","yes",85
"chicago",3510,"cauc","male",26,"yes","no","yes",95
"chicago",3501,"cauc","male",42,"yes","no","yes",169
"chicago",3510,"cauc","female",30,"yes","no","yes",56
"chicago",3510,"cauc","male",29,"yes","no","yes",56
"chicago",3514,"afam","male",45,"no","no","yes",98
"chicago",3515,"afam","female",53,"no","no","yes",155
"chicago",3504,"cauc","female",31,"yes","no","yes",129
"chicago",3504,"cauc","male",39,"yes","no","no",134
"chicago",3513,"afam","male",32,"no","no","no",243
"chicago",3509,"cauc","male",31,"yes","no","yes",48
"chicago",3509,"cauc","female",30,"yes","no","yes",44
"chicago",3510,"cauc","male",49,"yes","no","yes",101
"chicago",3510,"cauc","female",27,"yes","no","yes",84
"chicago",3510,"cauc","male",28,"yes","no","yes",95
"chicago",3503,"cauc","male",50,"yes","no","no",43
"chicago",3503,"cauc","female",47,"yes","no","yes",40
"chicago",3509,"cauc","male",28,"yes","no","yes",75
"chicago",3506,"cauc","male",35,"no","yes","yes",167
"chicago",3508,"afam","female",45,"no","no","no",157
"chicago",3517,"cauc","male",53,"yes","no","yes",50
"chicago",3517,"cauc","female",53,"yes","no","no",37
"chicago",3504,"cauc","male",49,"no","no","yes",221
"chicago",3502,"cauc","male",30,"yes","no","yes",44
"chicago",3509,"cauc","female",43,"no","no","no",93
"chicago",3513,"cauc","male",49,"no","no","no",140
"chicago",3513,"cauc","female",54,"no","no","yes",130
"chicago",3513,"cauc","female",51,"yes","no","yes",138
"chicago",3513,"cauc","male",46,"no","no","yes",151
"chicago",3509,"cauc","male",27,"yes","no","yes",153
"chicago",3506,"cauc","male",54,"yes","no","yes",6
"chicago",3506,"afam","male",36,"yes","no","yes",51
"chicago",3510,"cauc","female",29,"yes","no","yes",31
"chicago",3502,"cauc","female",33,"yes","no","no",126
"chicago",3502,"cauc","male",32,"yes","no","yes",115
"chicago",3503,"cauc","female",30,"yes","no","yes",198
"chicago",3503,"cauc","male",31,"yes","no","yes",249
"chicago",3505,"cauc","female",53,"no","no","no",60
"chicago",3503,"cauc","female",34,"yes","no","yes",40
"chicago",3503,"cauc","male",39,"no","no","yes",44
"chicago",3504,"cauc","male",29,"no","no","yes",59
"chicago",3504,"cauc","male",25,"no","no","no",59
"chicago",3514,"afam","male",49,"no","no","yes",118
"chicago",3514,"afam","female",50,"no","no","no",101
"chicago",3510,"cauc","female",45,"yes","no","yes",154
"chicago",3504,"cauc","female",25,"yes","no","yes",60
"chicago",3516,"afam","female",41,"no","no","no",129
"chicago",3519,"afam","female",27,"no","no","no",95
"chicago",3519,"afam","male",30,"no","no","no",101
"chicago",3518,"afam","female",51,"yes","no","yes",210
"chicago",3514,"afam","female",53,"no","no","yes",46
"chicago",3509,"cauc","male",31,"yes","no","yes",81
"chicago",3517,"cauc","male",48,"no","no","yes",81
"chicago",3517,"cauc","female",44,"no","no","yes",91
"chicago",3508,"afam","female",38,"yes","no","yes",37
"chicago",3504,"cauc","male",31,"no","no","yes",87
"chicago",3514,"afam","male",29,"no","no","yes",29
"chicago",3502,"cauc","male",27,"yes","no","yes",72
"chicago",3502,"cauc","female",27,"yes","no","yes",120
"chicago",3516,"afam","male",35,"no","no","yes",142
"chicago",3510,"afam","male",49,"no","no","no",33
"chicago",3510,"cauc","male",27,"no","no","yes",170
"chicago",3519,"cauc","male",38,"yes","no","yes",125
"chicago",3519,"cauc","male",27,"no","no","yes",160
"chicago",3519,"cauc","female",29,"yes","no","yes",122
"chicago",3508,"afam","male",40,"no","yes","no",160
"chicago",3508,"afam","female",39,"no","no","yes",147
"chicago",3502,"cauc","male",28,"yes","no","yes",67
"chicago",3503,"cauc","female",53,"no","no","yes",75
"chicago",3515,"afam","female",41,"no","no","no",76
"chicago",3504,"cauc","female",36,"yes","no","yes",102
"chicago",3504,"cauc","male",36,"no","no","yes",142
"chicago",3518,"afam","female",52,"no","no","yes",46
"chicago",3518,"afam","male",52,"no","no","yes",69
"chicago",3516,"cauc","male",37,"no","no","no",87
"chicago",3503,"cauc","female",39,"yes","no","yes",116
"chicago",3503,"cauc","male",38,"yes","no","yes",126
"chicago",3510,"afam","female",52,"no","no","yes",76
"chicago",3503,"cauc","male",35,"yes","no","yes",100
"chicago",3503,"cauc","female",35,"yes","no","yes",91
"chicago",3513,"cauc","female",46,"no","no","no",140
"chicago",3516,"afam","female",49,"no","no","no",127
"chicago",3518,"afam","female",27,"no","no","yes",70
"chicago",3514,"afam","male",30,"yes","no","yes",186
"chicago",3505,"cauc","male",28,"no","no","yes",47
"chicago",3501,"cauc","female",38,"no","no","yes",134
"chicago",3514,"afam","female",42,"yes","yes","yes",112
"chicago",3515,"afam","female",37,"yes","no","yes",300
"chicago",3515,"afam","male",47,"no","no","yes",350
"chicago",3508,"afam","male",27,"no","no","yes",112
"chicago",3510,"cauc","male",29,"yes","yes","yes",385
"chicago",3509,"cauc","female",29,"yes","no","yes",48
"chicago",3509,"cauc","male",28,"yes","no","yes",50
"chicago",3509,"cauc","male",37,"no","no","yes",240
"chicago",3515,"afam","female",48,"no","no","yes",144
"chicago",3517,"cauc","male",31,"yes","no","yes",79
"chicago",3515,"afam","female",52,"no","no","yes",158
"chicago",3502,"cauc","female",29,"yes","no","yes",129
"chicago",3510,"afam","female",37,"no","no","yes",46
"chicago",3514,"afam","male",38,"no","no","no",162
"chicago",3514,"afam","female",35,"no","no","yes",228
"chicago",3505,"cauc","female",51,"yes","no","no",68
"chicago",3505,"cauc","male",50,"no","no","yes",73
"chicago",3501,"cauc","male",31,"yes","no","yes",185
"chicago",3501,"cauc","male",28,"no","no","yes",197
"chicago",3513,"cauc","male",28,"yes","no","yes",45
"chicago",3509,"cauc","female",30,"yes","no","yes",82
"chicago",3519,"afam","female",25,"no","no","yes",215
"chicago",3510,"afam","male",53,"no","no","no",122
"chicago",3516,"afam","female",42,"no","no","no",119
"chicago",3516,"afam","male",46,"no","no","no",169
"chicago",3517,"cauc","male",51,"no","no","yes",622
"chicago",3503,"cauc","female",40,"yes","no","yes",53
"chicago",3503,"cauc","male",50,"yes","no","yes",55
"chicago",3515,"afam","female",51,"no","no","no",47
"chicago",3505,"cauc","male",36,"no","no","no",123
"chicago",3517,"cauc","male",39,"no","no","no",230
"chicago",3509,"cauc","female",31,"yes","no","yes",240
"chicago",3509,"cauc","male",37,"yes","no","yes",262
"chicago",3508,"afam","female",35,"no","no","no",152
"chicago",3501,"cauc","male",47,"yes","no","yes",122
"chicago",3509,"cauc","male",25,"yes","no","yes",61
"chicago",3509,"cauc","male",25,"yes","no","yes",94
"chicago",3508,"afam","female",52,"no","no","no",61
"chicago",3514,"afam","female",33,"yes","no","no",39
"chicago",3501,"afam","female",52,"yes","no","no",207
"chicago",3504,"cauc","female",39,"yes","no","yes",73
"chicago",3503,"cauc","male",45,"yes","no","yes",88
"chicago",3503,"cauc","female",41,"yes","no","no",97
"chicago",3504,"cauc","male",48,"yes","no","yes",95
"chicago",3509,"cauc","female",50,"yes","no","yes",260
"chicago",3517,"cauc","male",33,"yes","no","yes",87
"chicago",3517,"cauc","female",32,"yes","no","yes",69
"chicago",3502,"cauc","male",49,"yes","no","yes",39
"chicago",3502,"cauc","female",46,"yes","no","no",32
"chicago",3510,"cauc","male",31,"yes","no","yes",138
"chicago",3502,"cauc","female",37,"yes","no","yes",58
"chicago",3508,"afam","female",36,"no","no","no",138
"chicago",3508,"afam","male",36,"no","yes","yes",144
"chicago",3506,"cauc","female",41,"no","no","yes",196
"chicago",3506,"cauc","male",41,"no","no","no",186
"chicago",3516,"afam","male",48,"yes","no","yes",206
"chicago",3517,"afam","male",45,"yes","no","no",93
"chicago",3517,"afam","male",28,"yes","no","no",107
"chicago",3519,"cauc","female",27,"yes","no","no",63
"chicago",3519,"cauc","male",27,"yes","no","yes",54
"chicago",3516,"afam","female",47,"no","no","yes",70
"chicago",3505,"cauc","female",34,"no","no","yes",107
"chicago",3505,"cauc","male",34,"no","no","yes",115
"chicago",3506,"cauc","male",32,"no","no","yes",60
"chicago",3506,"cauc","female",34,"no","no","yes",88
"chicago",3506,"cauc","female",27,"no","no","yes",76
"chicago",3504,"cauc","male",43,"yes","no","yes",36
"chicago",3504,"cauc","female",42,"yes","no","no",28
"chicago",3504,"cauc","female",46,"yes","no","yes",44
"chicago",3518,"afam","female",47,"no","no","no",107
"chicago",3509,"afam","female",26,"no","no","yes",137
"chicago",3509,"afam","female",48,"no","no","no",77
"chicago",3515,"afam","female",34,"no","no","yes",62
"chicago",3515,"afam","male",41,"yes","no","no",66
"chicago",3514,"afam","male",54,"yes","no","no",247
"chicago",3502,"cauc","female",30,"yes","no","yes",65
"chicago",3508,"afam","male",25,"no","no","no",184
"chicago",3507,"afam","male",49,"no","no","no",54
"chicago",3517,"cauc","male",36,"yes","no","yes",73
"chicago",3517,"cauc","female",37,"yes","no","no",72
"chicago",3502,"afam","female",54,"no","no","no",55
"chicago",3508,"afam","male",54,"no","no","yes",90
"chicago",3516,"afam","male",31,"no","no","no",67
"chicago",3503,"cauc","female",32,"yes","no","yes",344
"chicago",3504,"cauc","male",26,"no","no","yes",72
"chicago",3509,"cauc","male",39,"yes","no","yes",90
"chicago",3518,"afam","male",37,"no","no","no",131
"chicago",3505,"cauc","male",39,"no","no","no",83
"chicago",3505,"cauc","female",36,"no","no","yes",67
"chicago",3516,"afam","female",30,"no","no","no",92
"chicago",3515,"afam","female",40,"no","no","yes",42
"chicago",3514,"afam","male",49,"no","no","no",72
"chicago",3517,"cauc","male",52,"no","no","no",94
"chicago",3508,"afam","female",42,"yes","no","yes",34
"chicago",3509,"cauc","female",29,"yes","no","no",144
"chicago",3509,"cauc","male",47,"yes","no","yes",236
"chicago",3515,"cauc","male",27,"yes","no","yes",29
"chicago",3510,"cauc","male",45,"no","no","yes",193
"chicago",3510,"cauc","female",40,"no","no","yes",180
"chicago",3501,"afam","male",50,"yes","no","yes",236
"chicago",3501,"afam","male",52,"no","no","yes",297
"chicago",3505,"cauc","male",46,"no","no","yes",143
"chicago",3502,"cauc","male",26,"yes","no","yes",65
"chicago",3510,"cauc","male",28,"yes","no","no",32
"chicago",3510,"cauc","female",28,"yes","no","yes",26
"chicago",3510,"afam","male",33,"yes","no","yes",178
"chicago",3510,"afam","female",32,"yes","no","yes",155
"chicago",3501,"afam","female",41,"yes","no","yes",144
"chicago",3502,"cauc","male",37,"yes","no","yes",116
"chicago",3515,"afam","female",30,"no","no","yes",36
"chicago",3510,"cauc","female",25,"yes","no","yes",52
"chicago",3510,"cauc","male",27,"yes","no","yes",72
"chicago",3502,"cauc","male",52,"yes","no","yes",27
"chicago",3514,"afam","male",45,"no","no","yes",84
"chicago",3508,"afam","female",37,"yes","no","yes",217
"chicago",3502,"cauc","female",39,"yes","no","yes",74
"chicago",3519,"afam","male",46,"no","no","no",159
"chicago",3501,"cauc","male",52,"yes","no","yes",164
"chicago",3510,"cauc","male",31,"yes","no","yes",125
"chicago",3509,"cauc","female",25,"yes","no","yes",195
"chicago",3513,"afam","female",27,"no","no","yes",63
"chicago",3509,"cauc","female",31,"yes","no","yes",38
"chicago",3501,"cauc","male",48,"no","no","no",175
"chicago",3503,"cauc","female",26,"yes","no","yes",115
"chicago",3503,"cauc","female",27,"yes","no","yes",193
"chicago",3504,"cauc","male",36,"yes","no","yes",57
"chicago",3504,"cauc","female",38,"yes","no","no",44
"chicago",3514,"afam","male",28,"no","no","no",75
"chicago",3516,"afam","male",39,"no","no","yes",99
"chicago",3516,"afam","female",35,"yes","no","yes",88
"chicago",3501,"cauc","male",29,"yes","no","yes",40
"chicago",3513,"cauc","female",42,"no","no","yes",303
"chicago",3517,"afam","female",45,"no","no","yes",431
"chicago",3510,"cauc","female",27,"yes","no","yes",25
"chicago",3507,"afam","male",52,"no","no","no",107
"chicago",3507,"afam","female",45,"no","no","no",85
"chicago",3507,"afam","male",44,"no","no","no",120
"chicago",3514,"afam","female",43,"yes","no","yes",43
"chicago",3508,"afam","female",53,"no","no","yes",37
"chicago",3508,"afam","male",31,"no","no","no",57
"chicago",3502,"cauc","female",52,"yes","no","no",42
"chicago",3502,"cauc","male",51,"yes","no","no",85
"chicago",3502,"cauc","female",46,"yes","no","no",85
"chicago",3509,"cauc","male",36,"yes","no","yes",35
"chicago",3509,"cauc","male",41,"yes","no","yes",47
"chicago",3508,"afam","male",40,"no","no","yes",86
"chicago",3510,"afam","female",27,"no","no","yes",102
"chicago",3515,"afam","female",50,"no","no","yes",135
"chicago",3515,"afam","male",52,"no","no","no",136
"chicago",3504,"cauc","male",37,"no","no","yes",246
"chicago",3509,"cauc","male",25,"yes","no","yes",98
"chicago",3509,"cauc","female",26,"yes","no","yes",97
"chicago",3510,"afam","female",52,"no","no","no",139
"chicago",3504,"cauc","male",27,"yes","no","yes",66
"chicago",3506,"cauc","male",31,"no","no","no",128
"chicago",3506,"cauc","female",28,"no","no","yes",112
"chicago",3516,"afam","female",33,"no","no","yes",50
"chicago",3516,"afam","male",38,"no","no","yes",73
"chicago",3508,"afam","male",54,"no","no","no",82
"chicago",3504,"cauc","male",32,"yes","no","yes",73
"chicago",3502,"cauc","female",34,"yes","no","yes",124
"chicago",3502,"cauc","female",29,"no","no","yes",167
"chicago",3502,"cauc","male",43,"no","no","yes",63
"chicago",3502,"cauc","male",26,"no","no","no",78
"chicago",3501,"afam","female",45,"yes","no","yes",222
"chicago",3516,"afam","male",47,"no","no","no",110
"chicago",3516,"afam","female",34,"no","no","no",144
"chicago",3501,"cauc","female",31,"yes","no","yes",286
"chicago",3504,"cauc","female",33,"yes","no","yes",75
"chicago",3504,"cauc","male",33,"yes","yes","yes",97
"chicago",3513,"afam","female",47,"no","no","yes",42
"chicago",3513,"afam","male",52,"no","no","no",94
"chicago",3513,"afam","male",49,"no","no","yes",94
"chicago",3506,"cauc","female",39,"no","no","yes",95
"chicago",3517,"cauc","male",39,"yes","no","yes",198
"chicago",3517,"cauc","female",30,"yes","no","no",169
"chicago",3503,"cauc","male",42,"yes","no","yes",100
"chicago",3503,"cauc","female",41,"yes","no","yes",89
"chicago",3514,"afam","female",50,"no","no","yes",121
"chicago",3504,"cauc","female",28,"yes","no","yes",88
"chicago",3504,"cauc","male",32,"yes","no","yes",124
"chicago",3515,"afam","male",49,"no","no","yes",121
"chicago",3515,"afam","female",29,"no","no","no",104
"chicago",3502,"cauc","female",32,"yes","no","yes",85
"chicago",3502,"cauc","male",40,"yes","no","yes",91
"chicago",3503,"cauc","female",27,"no","no","yes",33
"chicago",3509,"cauc","female",31,"yes","no","yes",71
"chicago",3502,"cauc","female",29,"yes","no","yes",78
"chicago",3508,"afam","female",43,"yes","no","yes",105
"chicago",3508,"afam","male",30,"no","no","no",164
"chicago",3501,"cauc","female",51,"yes","no","yes",169
"chicago",3501,"afam","male",51,"yes","no","no",177
"chicago",3508,"afam","female",41,"no","no","yes",196
"chicago",3513,"cauc","male",50,"yes","no","no",164
"chicago",3502,"cauc","female",53,"yes","no","yes",60
"chicago",3509,"cauc","male",28,"yes","no","yes",29
"chicago",3507,"afam","female",29,"no","no","no",135
"chicago",3502,"cauc","female",32,"yes","no","yes",123
"chicago",3509,"cauc","male",29,"no","no","yes",39
"chicago",3509,"cauc","female",28,"no","no","yes",41
"chicago",3514,"afam","female",34,"no","no","yes",84
"chicago",3515,"afam","male",48,"no","no","yes",156
"chicago",3515,"afam","female",51,"no","no","yes",140
"chicago",3508,"afam","female",46,"no","no","no",87
"chicago",3505,"cauc","male",26,"no","no","no",177
"chicago",3505,"cauc","female",25,"yes","no","yes",274
"chicago",3507,"afam","male",45,"no","no","yes",78
"chicago",3507,"afam","female",41,"no","no","yes",68
"chicago",3510,"cauc","male",26,"yes","no","yes",88
"chicago",3516,"afam","male",43,"no","no","no",58
"chicago",3516,"afam","male",43,"no","no","no",59
"chicago",3512,"cauc","male",30,"no","no","yes",62
"chicago",3512,"cauc","female",26,"no","no","yes",52
"chicago",3513,"cauc","male",53,"no","no","no",292
"chicago",3508,"afam","female",45,"no","no","no",97
"chicago",3510,"cauc","female",31,"yes","no","yes",349
"chicago",3502,"cauc","male",46,"yes","no","no",97
"chicago",3502,"cauc","female",41,"yes","no","yes",87
"chicago",3505,"cauc","female",30,"no","no","yes",206
"chicago",3505,"cauc","male",40,"no","no","yes",215
"chicago",3509,"cauc","female",32,"yes","no","yes",77
"chicago",3502,"cauc","male",31,"no","no","yes",57
"chicago",3512,"afam","male",31,"no","no","no",66
"chicago",3512,"afam","female",28,"no","no","no",52
"chicago",3512,"afam","male",27,"no","no","yes",52
"chicago",3505,"cauc","female",42,"yes","no","yes",210
"chicago",3505,"cauc","male",49,"no","no","yes",226
"chicago",3507,"afam","male",28,"no","no","no",192
"chicago",3515,"afam","female",36,"no","no","yes",89
"chicago",3515,"afam","female",46,"no","no","yes",126
"chicago",3507,"afam","male",28,"no","no","no",45
"chicago",3510,"afam","female",51,"no","no","no",33
"chicago",3514,"afam","female",51,"no","no","yes",36
"chicago",3514,"afam","female",27,"no","no","no",49
"chicago",3516,"afam","female",35,"no","no","no",149
"chicago",3516,"afam","male",35,"no","no","no",110
"chicago",3516,"afam","female",30,"no","no","no",116
"chicago",3516,"afam","male",26,"no","no","no",111
"chicago",3515,"afam","female",49,"no","no","no",185
"chicago",3515,"afam","male",37,"no","no","yes",194
"chicago",3514,"afam","male",33,"no","yes","yes",98
"chicago",3514,"afam","female",25,"no","no","yes",117
"chicago",3514,"cauc","female",35,"yes","no","yes",62
"chicago",3509,"cauc","male",34,"yes","no","yes",64
"chicago",3512,"cauc","male",40,"yes","no","yes",49
"chicago",3512,"cauc","male",37,"no","no","no",71
"chicago",3502,"cauc","male",27,"yes","no","yes",61
"chicago",3502,"cauc","female",26,"yes","no","yes",63
"chicago",3513,"afam","male",53,"no","yes","no",76
"chicago",3502,"cauc","female",28,"yes","no","yes",49
"chicago",3502,"cauc","male",28,"yes","no","yes",46
"chicago",3519,"afam","female",45,"no","no","yes",142
"chicago",3519,"afam","male",45,"no","no","yes",221
"chicago",3519,"afam","female",30,"no","no","yes",264
"chicago",3516,"afam","female",42,"no","no","yes",282
"chicago",3514,"afam","female",46,"yes","no","yes",117
"chicago",3503,"cauc","male",52,"no","no","yes",78
"chicago",3503,"cauc","female",44,"yes","no","yes",74
"chicago",3510,"cauc","male",29,"yes","no","yes",178
"chicago",3510,"cauc","female",27,"yes","no","yes",158
"chicago",3504,"cauc","female",30,"yes","no","yes",382
"chicago",3504,"cauc","female",31,"yes","no","yes",602
"chicago",3502,"cauc","male",25,"yes","no","no",54
"chicago",3516,"afam","female",37,"no","no","yes",38
"chicago",3516,"afam","male",32,"yes","no","no",44
"chicago",3513,"cauc","male",45,"no","no","yes",38
"chicago",3513,"cauc","female",53,"no","no","no",39
"chicago",3510,"cauc","male",29,"yes","no","yes",124
"chicago",3501,"cauc","male",46,"yes","no","yes",199
"chicago",3510,"cauc","female",51,"yes","no","no",369
"chicago",3504,"cauc","female",42,"yes","no","yes",43
"chicago",3504,"cauc","female",47,"no","no","yes",58
"chicago",3505,"afam","female",32,"no","no","yes",13
"chicago",3518,"afam","female",38,"no","no","yes",169
"chicago",3512,"cauc","female",43,"no","no","yes",173
"chicago",3503,"cauc","male",25,"yes","no","no",66
"chicago",3502,"cauc","male",41,"yes","no","yes",210
"chicago",3502,"cauc","female",41,"yes","no","no",175
"chicago",3506,"cauc","male",28,"no","no","yes",260
"chicago",3504,"cauc","female",31,"yes","no","yes",130
"chicago",3504,"cauc","male",34,"yes","no","yes",174
"chicago",3518,"afam","female",47,"no","no","yes",55
"chicago",3518,"afam","male",51,"no","no","no",57
"chicago",3515,"afam","female",33,"yes","no","yes",36
"chicago",3515,"afam","female",41,"no","no","no",55
"chicago",3502,"cauc","male",35,"yes","yes","yes",52
"chicago",3514,"cauc","male",26,"yes","no","yes",57
"chicago",3502,"cauc","female",26,"yes","no","yes",90
"chicago",3502,"cauc","female",27,"yes","no","yes",140
"chicago",3503,"cauc","male",53,"no","no","no",61
"chicago",3502,"cauc","male",40,"yes","no","yes",252
"chicago",3502,"cauc","female",39,"yes","no","no",211
"chicago",3511,"cauc","female",44,"yes","no","yes",60
"chicago",3517,"cauc","female",42,"no","no","yes",126
"chicago",3503,"cauc","male",45,"yes","no","yes",85
"chicago",3513,"cauc","female",45,"no","no","yes",75
"chicago",3513,"cauc","male",44,"no","no","yes",80
"chicago",3516,"afam","female",38,"yes","no","yes",189
"chicago",3518,"afam","female",48,"yes","no","yes",82
"chicago",3502,"cauc","female",31,"yes","no","yes",64
"chicago",3502,"cauc","male",32,"yes","no","yes",59
"chicago",3503,"cauc","female",28,"no","no","yes",106
"chicago",3516,"afam","female",50,"no","no","no",88
"chicago",3516,"afam","male",51,"yes","no","yes",123
"chicago",3516,"afam","female",28,"no","no","no",149
"chicago",3510,"cauc","male",42,"yes","no","yes",253
"chicago",3510,"cauc","female",41,"no","no","no",209
"chicago",3519,"afam","female",52,"yes","no","yes",103
"chicago",3503,"cauc","female",25,"yes","no","yes",39
"chicago",3504,"afam","female",54,"no","no","no",83
"chicago",3513,"cauc","male",34,"no","no","yes",254
"chicago",3513,"cauc","female",36,"no","no","no",239
"chicago",3504,"cauc","female",35,"yes","no","no",35
"chicago",3502,"cauc","female",47,"no","yes","yes",34
"chicago",3503,"cauc","male",37,"no","no","no",102
"chicago",3509,"cauc","male",29,"yes","no","yes",100
"chicago",3509,"cauc","female",26,"no","no","yes",100
"chicago",3501,"cauc","female",28,"yes","no","yes",92
"chicago",3501,"cauc","male",25,"no","no","yes",83
"chicago",3501,"cauc","male",26,"no","no","yes",65
"chicago",3501,"cauc","female",48,"no","no","yes",53
"chicago",3507,"afam","female",48,"no","no","no",177
"chicago",3509,"cauc","male",45,"yes","no","yes",46
"chicago",3509,"cauc","female",40,"yes","no","yes",45
"chicago",3509,"cauc","female",52,"yes","no","yes",116
"chicago",3515,"afam","female",29,"no","no","yes",114
"chicago",3505,"cauc","female",45,"no","no","yes",105
"chicago",3512,"cauc","male",48,"no","no","yes",132
"chicago",3512,"cauc","female",35,"no","no","no",102
"chicago",3506,"cauc","male",33,"no","no","yes",100
"chicago",3506,"cauc","female",26,"yes","no","yes",107
"chicago",3506,"cauc","male",26,"no","no","yes",103
"chicago",3502,"cauc","female",28,"yes","no","yes",33
"chicago",3502,"cauc","male",34,"no","no","yes",52
"chicago",3510,"afam","female",38,"no","no","no",31
"chicago",3513,"afam","male",47,"no","no","no",134
"chicago",3513,"afam","female",51,"no","no","yes",98
"chicago",3513,"cauc","male",52,"no","no","yes",54
"chicago",3513,"cauc","male",44,"no","no","yes",75
"chicago",3501,"afam","male",43,"no","no","yes",146
"chicago",3510,"cauc","male",33,"no","no","yes",53
"chicago",3510,"cauc","female",34,"yes","no","yes",45
"chicago",3515,"afam","male",54,"no","no","no",135
"chicago",3515,"afam","female",49,"no","no","yes",198
"chicago",3509,"cauc","female",27,"yes","no","yes",53
"chicago",3509,"cauc","male",31,"yes","no","yes",70
"chicago",3509,"cauc","female",30,"yes","no","yes",65
"chicago",3515,"afam","female",37,"no","no","yes",87
"chicago",3502,"cauc","male",36,"yes","no","yes",208
"chicago",3501,"cauc","female",37,"yes","no","yes",194
"chicago",3514,"cauc","female",40,"yes","no","yes",72
"chicago",3514,"cauc","male",41,"no","no","yes",94
"chicago",3514,"afam","female",33,"no","no","yes",42
"chicago",3519,"cauc","male",26,"yes","no","yes",73
"chicago",3519,"cauc","male",26,"yes","no","yes",48
"chicago",3509,"cauc","female",37,"yes","no","yes",53
"chicago",3505,"cauc","male",27,"yes","no","yes",99
"chicago",3505,"cauc","female",52,"no","no","no",195
"chicago",3519,"afam","female",50,"no","no","no",74
"chicago",3516,"afam","female",46,"no","no","no",93
"chicago",3514,"afam","male",31,"yes","no","no",389
"chicago",3514,"afam","female",26,"yes","no","yes",299
"chicago",3516,"afam","female",37,"no","no","yes",166
"chicago",3502,"cauc","female",38,"yes","no","yes",224
"chicago",3502,"cauc","male",40,"yes","no","yes",268
"chicago",3501,"cauc","female",29,"yes","no","yes",215
"chicago",3501,"cauc","male",29,"yes","no","yes",201
"chicago",3509,"cauc","male",27,"yes","no","yes",175
"chicago",3507,"afam","male",45,"no","no","no",155
"chicago",3518,"afam","female",43,"no","no","no",128
"chicago",3501,"cauc","female",49,"yes","no","yes",118
"chicago",3501,"cauc","male",50,"yes","no","no",117
"chicago",3504,"cauc","male",37,"yes","no","no",141
"chicago",3504,"cauc","female",35,"no","no","yes",112
"chicago",3510,"cauc","female",28,"yes","no","yes",96
"chicago",3510,"cauc","female",29,"yes","no","yes",121
"chicago",3502,"cauc","female",49,"yes","no","yes",43
"chicago",3514,"afam","female",42,"yes","no","yes",276
"chicago",3516,"afam","female",31,"no","no","yes",147
"chicago",3510,"cauc","female",25,"yes","no","no",200
"chicago",3510,"cauc","male",29,"yes","no","yes",226
"chicago",3503,"cauc","male",25,"yes","no","no",206
"chicago",3514,"cauc","female",43,"yes","no","yes",114
"chicago",3514,"afam","female",51,"yes","yes","yes",148
"chicago",3505,"afam","male",54,"no","no","no",28
"chicago",3507,"afam","male",51,"no","no","no",64
"chicago",3516,"afam","male",28,"no","no","yes",120
"chicago",3503,"cauc","male",42,"yes","no","yes",108
"chicago",3503,"cauc","female",42,"no","no","no",97
"chicago",3510,"cauc","male",44,"yes","no","yes",81
"chicago",3501,"cauc","female",50,"yes","no","yes",51
"chicago",3501,"cauc","male",50,"yes","no","yes",50
"chicago",3503,"cauc","female",36,"yes","no","no",206
"chicago",3509,"cauc","female",32,"yes","no","yes",59
"chicago",3514,"cauc","female",39,"yes","no","yes",64
"chicago",3501,"cauc","male",37,"yes","no","yes",128
"chicago",3502,"cauc","male",40,"yes","no","no",231
"chicago",3502,"cauc","female",39,"yes","no","yes",192
"chicago",3509,"cauc","female",26,"yes","no","yes",37
"chicago",3509,"cauc","female",26,"yes","no","yes",58
"chicago",3515,"afam","female",50,"no","no","yes",41
"chicago",3505,"cauc","female",46,"no","no","no",118
"chicago",3509,"cauc","female",42,"yes","no","no",58
"chicago",3513,"afam","male",36,"no","no","yes",253
"chicago",3513,"afam","female",34,"no","no","no",150
"chicago",3506,"cauc","female",53,"no","no","yes",78
"chicago",3508,"afam","female",51,"yes","no","yes",94
"chicago",3513,"cauc","male",37,"no","yes","yes",67
"chicago",3515,"afam","female",42,"yes","no","yes",230
"chicago",3516,"afam","female",31,"yes","no","yes",91
"chicago",3508,"afam","female",48,"no","no","yes",41
"chicago",3508,"afam","male",50,"no","no","yes",37
"chicago",3517,"afam","female",54,"no","no","no",77
"chicago",3518,"afam","male",47,"no","no","yes",83
"chicago",3515,"cauc","male",31,"no","yes","no",164
"chicago",3503,"cauc","female",26,"yes","no","no",50
"chicago",3504,"cauc","female",27,"no","no","yes",329
"chicago",3503,"cauc","male",28,"yes","no","yes",153
"chicago",3504,"cauc","male",33,"yes","no","yes",97
"chicago",3507,"afam","male",50,"no","no","no",77
"chicago",3509,"cauc","male",40,"yes","no","yes",106
"chicago",3515,"afam","male",26,"yes","no","yes",150
"chicago",3512,"cauc","female",45,"no","no","yes",32
"chicago",3512,"cauc","male",49,"no","no","yes",42
"chicago",3508,"afam","female",31,"no","no","yes",138
"chicago",3502,"cauc","female",29,"yes","no","yes",103
"chicago",3515,"afam","female",40,"no","no","yes",51
"chicago",3507,"afam","female",42,"no","no","yes",198
"chicago",3507,"afam","male",52,"no","yes","no",311
"chicago",3513,"afam","male",34,"no","no","no",98
"chicago",3513,"afam","female",32,"no","no","yes",82
"chicago",3513,"afam","female",54,"no","no","yes",83
"chicago",3501,"cauc","female",32,"yes","yes","yes",108
"chicago",3517,"afam","female",53,"no","no","no",103
"chicago",3514,"afam","female",31,"no","no","no",236
"chicago",3513,"afam","male",47,"no","no","yes",63
"chicago",3517,"afam","female",27,"yes","no","yes",206
"chicago",3508,"afam","female",53,"no","no","yes",39
"chicago",3508,"afam","male",25,"no","no","no",77
"chicago",3502,"cauc","female",38,"yes","no","yes",88
"chicago",3502,"cauc","male",43,"yes","no","yes",105
"chicago",3514,"afam","female",40,"no","no","no",109
"chicago",3512,"cauc","male",42,"no","no","yes",33
"chicago",3512,"cauc","female",33,"no","no","yes",23
"chicago",3506,"cauc","female",35,"yes","no","yes",259
"chicago",3506,"cauc","male",37,"no","no","yes",244
"chicago",3516,"afam","female",26,"no","no","yes",86
"chicago",3502,"cauc","male",31,"yes","no","yes",72
"chicago",3502,"cauc","female",31,"yes","no","yes",79
"chicago",3509,"cauc","male",34,"yes","no","yes",84
"chicago",3508,"cauc","female",40,"no","no","no",169
"chicago",3508,"cauc","male",38,"no","no","yes",316
"chicago",3503,"cauc","male",41,"no","no","yes",330
"chicago",3504,"cauc","female",50,"yes","no","yes",115
"chicago",3508,"afam","male",50,"no","yes","yes",66
"chicago",3512,"afam","female",44,"no","no","yes",200
"chicago",3512,"afam","female",25,"no","no","no",267
"chicago",3508,"afam","female",52,"no","no","yes",98
"chicago",3515,"afam","male",28,"yes","no","yes",119
"chicago",3515,"afam","female",27,"yes","yes","no",98
"chicago",3512,"cauc","female",27,"yes","no","yes",99
"chicago",3512,"cauc","male",28,"yes","no","no",76
"chicago",3501,"cauc","female",31,"yes","no","yes",118
"chicago",3509,"cauc","male",49,"no","no","no",85
"chicago",3509,"cauc","male",29,"no","no","yes",84
"chicago",3508,"cauc","female",37,"no","no","yes",29
"chicago",3508,"cauc","male",36,"no","no","yes",36
"chicago",3514,"afam","female",52,"no","no","no",45
"chicago",3509,"cauc","male",26,"yes","no","yes",99
"chicago",3509,"cauc","male",36,"yes","no","yes",180
"chicago",3514,"afam","female",47,"no","no","no",45
"chicago",3514,"afam","male",30,"no","no","no",87
"chicago",3501,"cauc","female",44,"yes","no","yes",98
"chicago",3510,"afam","male",29,"yes","no","yes",100
"chicago",3510,"afam","female",26,"no","no","yes",127
"chicago",3503,"cauc","female",43,"no","no","yes",59
"chicago",3516,"afam","female",44,"no","no","yes",200
"chicago",3516,"afam","male",42,"no","yes","no",219
"chicago",3502,"cauc","male",54,"yes","no","yes",75
"chicago",3510,"cauc","female",25,"yes","no","no",115
"chicago",3515,"afam","male",40,"no","no","yes",403
"chicago",3515,"afam","male",44,"no","no","yes",585
"chicago",3501,"afam","female",44,"no","no","no",89
"chicago",3514,"cauc","female",25,"yes","no","no",200
"chicago",3511,"cauc","female",26,"yes","no","yes",48
"chicago",3517,"cauc","female",52,"no","no","yes",166
"chicago",3517,"cauc","male",48,"no","no","no",198
"chicago",3510,"afam","male",25,"no","no","yes",75
"chicago",3505,"cauc","female",31,"yes","no","yes",73
"chicago",3514,"afam","male",53,"no","no","no",82
"chicago",3518,"afam","female",26,"no","no","no",39
"chicago",3511,"afam","female",29,"no","no","yes",59
"chicago",3517,"cauc","female",49,"yes","no","no",91
"chicago",3503,"cauc","female",37,"yes","no","yes",120
"chicago",3503,"cauc","male",32,"yes","no","yes",145
"chicago",3509,"cauc","male",29,"yes","no","yes",30
"chicago",3518,"afam","male",43,"yes","no","yes",159
"chicago",3518,"afam","female",37,"yes","no","yes",115
"chicago",3516,"afam","female",48,"no","no","yes",133
"chicago",3509,"cauc","male",36,"yes","no","yes",125
"chicago",3509,"cauc","female",43,"yes","no","no",111
"chicago",3510,"cauc","female",30,"yes","no","yes",241
"chicago",3510,"cauc","female",26,"yes","no","yes",263
"chicago",3502,"cauc","male",26,"yes","no","yes",30
"chicago",3502,"cauc","female",25,"yes","no","yes",32
"chicago",3502,"cauc","male",36,"yes","no","yes",47
"chicago",3510,"cauc","male",28,"yes","no","yes",108
"chicago",3516,"afam","female",32,"yes","no","yes",266
"chicago",3516,"afam","male",36,"no","no","yes",246
"chicago",3514,"afam","female",32,"yes","no","yes",41
"chicago",3514,"afam","male",29,"yes","no","yes",38
"chicago",3516,"afam","female",36,"no","no","yes",103
"chicago",3517,"afam","female",42,"no","no","no",271
"chicago",3517,"afam","male",44,"no","yes","yes",243
"chicago",3516,"afam","male",52,"no","yes","no",97
"chicago",3509,"cauc","female",25,"no","no","no",31
"chicago",3509,"cauc","male",30,"no","no","yes",38
"chicago",3516,"afam","female",49,"yes","no","yes",36
"chicago",3508,"afam","male",54,"no","no","no",38
"chicago",3502,"cauc","male",31,"yes","no","yes",57
"chicago",3509,"cauc","female",41,"no","no","no",71
"chicago",3509,"cauc","female",48,"no","no","yes",101
"chicago",3501,"cauc","male",48,"no","no","yes",10
"chicago",3509,"cauc","male",41,"no","no","yes",163
"chicago",3519,"cauc","female",46,"no","no","no",13
"chicago",3510,"cauc","female",41,"yes","no","yes",274
"chicago",3519,"cauc","male",42,"yes","no","yes",78
"chicago",3507,"afam","male",30,"no","no","no",77
"chicago",3503,"cauc","female",48,"yes","no","yes",212
"chicago",3502,"cauc","female",28,"yes","no","yes",41
"chicago",3502,"cauc","female",28,"yes","no","yes",67
"chicago",3502,"cauc","female",27,"yes","no","yes",67
"chicago",3517,"cauc","male",54,"no","no","yes",25
"chicago",3516,"afam","female",33,"no","no","no",69
"chicago",3516,"afam","male",54,"yes","yes","yes",77
"chicago",3503,"cauc","female",40,"yes","no","no",52
"chicago",3503,"cauc","male",37,"yes","no","yes",56
"chicago",3504,"cauc","female",42,"yes","no","no",54
"chicago",3505,"cauc","male",51,"no","no","yes",71
"chicago",3502,"cauc","female",45,"no","no","no",31
"chicago",3502,"cauc","male",50,"yes","no","yes",30
"chicago",3507,"cauc","male",52,"no","no","yes",144
"chicago",3507,"cauc","female",31,"yes","no","yes",148
"chicago",3506,"cauc","male",53,"no","no","yes",80
"chicago",3506,"cauc","female",51,"no","no","yes",72
"chicago",3503,"cauc","female",49,"no","no","yes",138
"chicago",3517,"afam","female",41,"no","no","yes",111
"chicago",3514,"afam","male",50,"no","yes","no",31
"chicago",3513,"afam","female",30,"no","no","yes",259
"chicago",3518,"afam","female",42,"no","no","no",75
"chicago",3518,"afam","female",26,"no","no","yes",201
"chicago",3502,"cauc","female",44,"yes","no","yes",35
"chicago",3502,"cauc","female",47,"yes","no","yes",29
"chicago",3508,"afam","male",31,"yes","no","yes",118
"chicago",3508,"afam","female",31,"yes","no","no",99
"chicago",3510,"afam","female",54,"no","no","yes",28
"chicago",3515,"afam","male",46,"yes","no","yes",65
"chicago",3508,"afam","female",32,"no","no","yes",112
"chicago",3513,"afam","male",40,"no","no","yes",209
"chicago",3502,"cauc","male",25,"yes","no","yes",43
"chicago",3502,"cauc","male",26,"yes","no","no",66
"chicago",3502,"cauc","female",26,"yes","no","no",68
"chicago",3501,"cauc","female",46,"yes","no","yes",128
"chicago",3508,"afam","male",39,"no","no","yes",55
"chicago",3508,"afam","female",37,"no","no","yes",52
"chicago",3502,"cauc","female",30,"yes","no","yes",70
"chicago",3519,"afam","female",36,"no","no","yes",268
"chicago",3519,"afam","male",47,"no","no","yes",539
"chicago",3509,"cauc","female",44,"yes","no","yes",32
"chicago",3509,"cauc","male",46,"yes","no","yes",37
"chicago",3519,"afam","female",30,"no","no","no",82
"chicago",3502,"cauc","male",45,"yes","no","yes",86
"chicago",3502,"cauc","female",44,"yes","no","no",77
"chicago",3515,"afam","female",53,"no","no","no",105
"chicago",3514,"afam","female",50,"yes","no","yes",95
"chicago",3502,"cauc","female",38,"no","no","yes",532
"chicago",3501,"afam","female",36,"no","no","no",27
"chicago",3501,"afam","male",36,"no","no","no",165
"chicago",3505,"afam","female",26,"no","no","no",75
"chicago",3505,"afam","male",44,"no","no","yes",90
"chicago",3508,"afam","female",51,"no","no","no",37
"chicago",3508,"afam","female",28,"no","no","yes",52
"chicago",3508,"afam","female",26,"no","no","yes",53
"chicago",3505,"cauc","female",54,"yes","no","yes",116
"chicago",3502,"cauc","male",36,"yes","no","yes",47
"chicago",3513,"cauc","male",53,"no","no","yes",65
"chicago",3513,"cauc","female",51,"no","no","no",62
"chicago",3518,"afam","male",36,"no","no","no",83
"chicago",3514,"afam","female",28,"yes","no","yes",130
"chicago",3514,"afam","male",27,"no","no","no",55
"chicago",3501,"afam","male",27,"yes","no","no",27
"chicago",3508,"afam","female",31,"no","no","no",31
"chicago",3508,"cauc","female",27,"yes","no","yes",29
"chicago",3508,"cauc","male",34,"yes","no","yes",38
"chicago",3509,"cauc","female",27,"no","no","yes",86
"chicago",3515,"afam","male",26,"no","no","no",212
"chicago",3502,"cauc","female",31,"yes","no","yes",245
"chicago",3515,"afam","female",45,"no","no","yes",126
"chicago",3515,"afam","male",53,"no","no","no",195
"chicago",3505,"cauc","male",32,"no","no","yes",41
"chicago",3505,"cauc","female",29,"yes","no","yes",36
"chicago",3514,"afam","female",41,"no","no","yes",87
"chicago",3515,"afam","male",52,"yes","no","yes",61
"chicago",3515,"afam","female",51,"yes","no","yes",60
"chicago",3518,"afam","male",40,"no","yes","no",132
"chicago",3518,"afam","male",39,"no","no","no",134
"chicago",3518,"afam","male",32,"no","no","yes",137
"chicago",3518,"afam","female",30,"no","no","yes",97
"chicago",3518,"afam","male",52,"no","no","no",87
"chicago",3502,"cauc","female",33,"yes","no","yes",228
"chicago",3505,"cauc","female",53,"no","no","yes",59
"chicago",3501,"cauc","female",38,"yes","no","yes",504
"chicago",3501,"cauc","male",39,"no","no","no",424
"chicago",3513,"cauc","male",54,"no","yes","yes",60
"chicago",3513,"cauc","female",49,"no","no","no",55
"chicago",3507,"afam","female",48,"no","no","no",57
"chicago",3507,"afam","female",25,"no","no","yes",95
"chicago",3507,"afam","male",54,"no","no","yes",37
"chicago",3507,"afam","female",40,"no","no","yes",38
"chicago",3503,"cauc","male",43,"yes","no","yes",45
"chicago",3503,"cauc","female",42,"yes","no","yes",42
"chicago",3515,"cauc","male",43,"yes","no","no",4
"chicago",3510,"afam","female",51,"no","no","no",78
"chicago",3507,"afam","female",36,"no","no","yes",168
"chicago",3502,"cauc","female",45,"yes","no","yes",71
"chicago",3509,"cauc","female",41,"yes","no","yes",66
"chicago",3509,"cauc","male",45,"yes","no","yes",45
"chicago",3509,"cauc","female",41,"yes","no","yes",43
"chicago",3509,"cauc","male",28,"yes","no","yes",123
"chicago",3509,"cauc","male",33,"yes","no","yes",226
"chicago",3504,"cauc","male",47,"yes","no","yes",73
"chicago",3504,"cauc","female",45,"yes","no","no",83
"chicago",3515,"afam","male",35,"no","no","yes",231
"chicago",3504,"cauc","male",54,"no","no","yes",68
"chicago",3504,"cauc","female",50,"yes","no","yes",85
"chicago",3505,"cauc","male",48,"no","no","yes",124
"chicago",3510,"cauc","female",25,"yes","no","yes",245
"chicago",3519,"afam","female",52,"no","no","yes",176
"chicago",3503,"cauc","female",31,"yes","no","yes",52
"chicago",3502,"cauc","female",48,"no","no","yes",58
"chicago",3505,"cauc","male",45,"no","no","yes",75
"chicago",3505,"cauc","female",45,"yes","no","yes",62
"chicago",3505,"cauc","female",25,"yes","no","yes",143
"chicago",3515,"afam","male",29,"no","no","no",206
"chicago",3515,"afam","female",35,"no","no","no",239
"chicago",3517,"afam","male",53,"no","yes","no",74
"chicago",3517,"afam","female",53,"yes","no","yes",64
"chicago",3501,"cauc","female",52,"yes","no","yes",116
"chicago",3510,"cauc","female",32,"yes","no","yes",215
"chicago",3502,"cauc","female",25,"yes","no","yes",38
"chicago",3502,"cauc","male",35,"yes","no","yes",37
"chicago",3502,"cauc","female",33,"yes","no","no",35
"chicago",3513,"afam","male",27,"no","no","yes",158
"chicago",3513,"afam","female",26,"no","no","no",211
"chicago",3504,"cauc","male",42,"yes","no","yes",324
"chicago",3502,"afam","female",40,"no","no","no",36
"chicago",3508,"afam","female",49,"no","no","no",52
"chicago",3508,"afam","male",45,"no","no","yes",63
"chicago",3508,"afam","male",47,"no","no","yes",62
"chicago",3508,"cauc","male",52,"no","no","yes",80
"chicago",3501,"cauc","male",43,"no","no","no",55
"chicago",3505,"cauc","female",33,"no","no","yes",422
"chicago",3505,"cauc","male",28,"no","no","no",257
"chicago",3509,"cauc","female",25,"yes","no","yes",39
"chicago",3509,"cauc","female",34,"yes","no","yes",76
"chicago",3509,"cauc","male",34,"no","no","yes",86
"chicago",3508,"afam","female",34,"no","no","yes",26
"chicago",3502,"cauc","male",27,"yes","no","yes",40
"chicago",3510,"cauc","male",31,"yes","no","yes",43
"chicago",3510,"cauc","female",31,"yes","no","yes",37
"chicago",3509,"cauc","male",29,"yes","no","yes",36
"chicago",3509,"cauc","female",27,"yes","no","yes",58
"chicago",3510,"afam","male",48,"no","no","yes",54
"chicago",3514,"afam","female",46,"no","no","no",54
"chicago",3514,"afam","female",41,"no","no","no",66
"chicago",3509,"cauc","female",29,"yes","no","yes",29
"chicago",3509,"cauc","male",30,"yes","no","yes",36
"chicago",3515,"afam","male",33,"no","no","yes",102
"chicago",3518,"afam","male",42,"no","no","no",322
"chicago",3513,"afam","male",52,"no","no","no",94
"chicago",3517,"cauc","male",34,"yes","no","yes",184
"chicago",3505,"cauc","female",51,"yes","no","yes",55
"chicago",3502,"cauc","male",42,"yes","no","yes",69
"chicago",3514,"afam","female",40,"no","no","no",134
"chicago",3501,"afam","male",47,"yes","no","yes",161
"chicago",3502,"afam","male",50,"no","no","no",93
"chicago",3516,"afam","female",53,"no","no","yes",104
"chicago",3516,"afam","male",53,"no","no","no",147
"chicago",3507,"afam","male",34,"no","no","yes",197
"chicago",3519,"afam","female",47,"no","no","no",65
"chicago",3510,"cauc","male",31,"yes","no","yes",38
"chicago",3510,"cauc","female",27,"yes","no","yes",29
"chicago",3503,"cauc","female",43,"yes","no","yes",92
"chicago",3503,"cauc","male",44,"yes","no","yes",98
"chicago",3516,"afam","male",40,"no","yes","yes",37
"chicago",3516,"afam","female",42,"no","no","yes",33
"chicago",3510,"cauc","female",30,"yes","no","yes",81
"chicago",3510,"cauc","male",30,"yes","no","yes",92
"chicago",3510,"afam","male",30,"yes","no","yes",313
"chicago",3510,"afam","male",29,"yes","no","yes",266
"chicago",3501,"afam","male",39,"no","no","yes",199
"chicago",3501,"afam","female",33,"no","no","yes",166
"chicago",3505,"cauc","male",27,"yes","no","yes",121
"chicago",3505,"cauc","female",27,"no","no","no",189
"chicago",3505,"cauc","female",50,"yes","no","yes",59
"chicago",3514,"afam","female",38,"no","no","yes",40
"chicago",3501,"cauc","male",48,"yes","no","yes",60
"chicago",3508,"afam","female",26,"yes","no","no",83
"chicago",3502,"cauc","male",49,"no","no","no",82
"chicago",3509,"cauc","female",35,"yes","no","yes",56
"chicago",3511,"afam","female",33,"no","no","yes",97
"chicago",3509,"cauc","male",26,"yes","no","no",92
"chicago",3509,"cauc","male",27,"no","no","yes",143
"chicago",3509,"cauc","female",25,"no","no","yes",139
"chicago",3509,"cauc","female",25,"no","no","yes",142
"chicago",3518,"cauc","male",39,"yes","no","no",62
"chicago",3501,"cauc","male",37,"no","no","yes",214
"chicago",3501,"cauc","male",44,"no","no","no",272
"chicago",3510,"cauc","female",31,"no","no","yes",44
"chicago",3519,"afam","female",45,"yes","no","yes",149
"chicago",3507,"afam","male",49,"no","no","yes",176
"chicago",3502,"cauc","male",48,"yes","no","yes",48
"chicago",3515,"afam","female",42,"no","no","yes",89
"chicago",3503,"cauc","male",41,"yes","no","yes",98
"chicago",3503,"cauc","female",41,"yes","no","yes",89
"chicago",3509,"cauc","female",42,"yes","no","yes",56
"chicago",3509,"cauc","male",42,"yes","no","yes",68
"chicago",3507,"afam","female",49,"no","no","yes",88
"chicago",3508,"cauc","male",37,"no","no","yes",28
"chicago",3509,"cauc","female",37,"no","no","no",97
"chicago",3509,"cauc","male",41,"yes","no","yes",119
"chicago",3509,"afam","male",35,"no","no","no",58
"chicago",3505,"cauc","female",50,"no","no","yes",388
"chicago",3517,"afam","female",47,"yes","no","yes",118
"chicago",3508,"afam","female",41,"yes","no","yes",31
"chicago",3501,"cauc","male",42,"no","no","yes",36
"chicago",3502,"cauc","male",35,"yes","no","yes",49
"chicago",3501,"afam","female",53,"no","no","no",297
"chicago",3517,"afam","female",42,"no","no","yes",296
"chicago",3517,"afam","male",32,"no","no","no",268
"chicago",3517,"afam","male",38,"no","no","yes",94
"chicago",3517,"cauc","female",38,"no","no","yes",128
"chicago",3505,"cauc","female",49,"no","no","yes",63
"chicago",3513,"cauc","male",49,"no","no","no",12
"chicago",3514,"afam","female",49,"no","no","yes",58
"chicago",3514,"afam","male",48,"no","no","yes",72
"chicago",3501,"cauc","male",41,"yes","no","no",126
"chicago",3501,"afam","male",29,"yes","no","no",210
"chicago",3518,"afam","female",53,"yes","no","yes",39
"chicago",3518,"afam","male",32,"no","no","yes",93
"chicago",3518,"afam","female",54,"no","no","yes",51
"chicago",3510,"cauc","male",42,"yes","no","yes",124
"chicago",3507,"afam","female",50,"no","no","yes",172
"chicago",3510,"cauc","male",54,"yes","no","yes",43
"chicago",3510,"cauc","female",51,"no","no","no",39
"chicago",3515,"afam","female",25,"no","no","yes",204
"chicago",3503,"cauc","male",27,"yes","no","yes",163
"chicago",3501,"afam","male",35,"yes","no","no",212
"chicago",3501,"cauc","male",30,"no","no","yes",126
"chicago",3501,"cauc","female",29,"no","no","yes",118
"chicago",3502,"cauc","female",25,"yes","no","yes",46
"chicago",3502,"cauc","male",26,"yes","no","yes",43
"chicago",3502,"cauc","male",38,"yes","no","yes",72
"chicago",3502,"cauc","female",37,"yes","no","no",59
"chicago",3502,"cauc","female",39,"no","no","no",59
"chicago",3509,"cauc","male",34,"yes","no","yes",84
"chicago",3509,"afam","male",33,"yes","no","yes",118
"chicago",3509,"cauc","male",26,"yes","no","yes",72
"chicago",3501,"cauc","female",30,"yes","no","yes",85
"chicago",3501,"cauc","male",30,"yes","no","yes",101
"chicago",3501,"cauc","male",32,"yes","no","yes",60
"chicago",3501,"cauc","female",29,"yes","no","yes",55
"chicago",3509,"cauc","male",39,"yes","no","yes",44
"chicago",3516,"afam","male",28,"no","no","yes",183
"chicago",3516,"afam","female",26,"no","no","yes",167
"chicago",3501,"cauc","male",36,"no","no","yes",100
"chicago",3510,"cauc","male",29,"yes","no","yes",122
"chicago",3516,"afam","male",51,"no","no","yes",71
"chicago",3515,"afam","male",54,"no","no","no",46
"chicago",3504,"cauc","female",34,"yes","no","yes",75
"chicago",3504,"cauc","male",35,"no","no","yes",77
"chicago",3517,"cauc","female",49,"yes","no","no",81
"chicago",3517,"cauc","female",27,"yes","no","yes",72
"chicago",3502,"cauc","female",30,"yes","no","yes",55
"chicago",3502,"cauc","female",27,"yes","no","yes",76
"chicago",3512,"cauc","male",45,"no","no","yes",77
"chicago",3512,"cauc","female",38,"yes","no","yes",59
"chicago",3502,"cauc","female",42,"yes","no","yes",502
"chicago",3519,"afam","male",43,"yes","no","yes",192
"chicago",3518,"afam","female",44,"no","no","no",52
"chicago",3510,"afam","female",26,"no","no","no",108
"chicago",3516,"afam","female",50,"no","no","yes",59
"chicago",3516,"afam","male",52,"no","no","yes",83
"chicago",3516,"afam","male",26,"no","no","yes",111
"chicago",3516,"afam","male",29,"yes","no","yes",111
"chicago",3508,"afam","male",30,"no","no","yes",174
"chicago",3508,"afam","male",30,"yes","no","yes",257
"chicago",3508,"cauc","male",27,"no","no","no",58
"chicago",3508,"cauc","male",50,"no","no","no",88
"chicago",3508,"cauc","female",49,"no","no","yes",73
"chicago",3504,"cauc","male",53,"no","no","yes",121
"chicago",3509,"cauc","female",41,"yes","no","yes",64
"chicago",3516,"afam","female",40,"no","no","no",62
"chicago",3514,"cauc","male",25,"yes","no","no",37
"chicago",3514,"cauc","female",25,"no","no","yes",33
"chicago",3513,"afam","male",50,"no","no","yes",171
"chicago",3517,"cauc","female",45,"yes","no","yes",197
"chicago",3517,"cauc","male",44,"no","no","yes",195
"chicago",3509,"cauc","male",26,"no","no","yes",115
"chicago",3509,"cauc","male",25,"no","no","yes",178
"chicago",3516,"afam","female",53,"no","no","yes",56
"chicago",3505,"cauc","male",48,"yes","no","yes",123
"chicago",3519,"afam","male",50,"yes","yes","no",46
"chicago",3519,"afam","female",53,"yes","no","yes",39
"chicago",3509,"cauc","female",41,"yes","no","yes",34
"chicago",3509,"cauc","male",42,"yes","no","yes",41
"chicago",3503,"cauc","female",51,"yes","no","yes",62
"chicago",3504,"cauc","female",48,"yes","no","yes",75
"chicago",3504,"cauc","male",49,"yes","no","yes",69
"chicago",3512,"cauc","female",36,"yes","no","yes",71
"chicago",3512,"cauc","male",34,"yes","yes","yes",108
"chicago",3510,"cauc","female",34,"yes","no","yes",68
"chicago",3510,"afam","male",38,"yes","no","no",82
"chicago",3512,"cauc","male",38,"no","no","yes",127
"chicago",3512,"cauc","male",42,"no","no","yes",186
"chicago",3509,"cauc","male",28,"no","no","yes",54
"chicago",3501,"cauc","female",29,"yes","no","yes",181
"chicago",3502,"cauc","male",32,"yes","no","yes",50
"chicago",3508,"afam","female",37,"no","no","yes",91
"chicago",3508,"afam","male",32,"no","no","no",93
"chicago",3518,"afam","female",54,"no","no","yes",58
"chicago",3502,"cauc","female",29,"yes","no","no",110
"chicago",3502,"cauc","male",29,"no","no","yes",104
"chicago",3510,"cauc","male",28,"yes","no","yes",30
"chicago",3510,"cauc","female",29,"yes","no","yes",26
"chicago",3505,"cauc","female",44,"yes","no","no",133
"chicago",3510,"cauc","female",45,"no","no","no",87
"chicago",3515,"afam","female",42,"no","no","no",161
"chicago",3512,"cauc","male",47,"no","yes","yes",87
"chicago",3509,"cauc","male",37,"yes","no","yes",137
"chicago",3502,"cauc","male",27,"yes","no","yes",278
"chicago",3510,"cauc","male",38,"yes","no","yes",270
"chicago",3510,"cauc","female",35,"yes","no","yes",222
"chicago",3507,"afam","male",32,"no","no","yes",89
"chicago",3516,"afam","female",52,"no","no","no",62
"chicago",3514,"afam","female",50,"yes","no","no",28
"chicago",3508,"afam","female",43,"no","no","no",75
"chicago",3509,"cauc","male",32,"yes","no","yes",83
"chicago",3509,"cauc","female",28,"yes","no","yes",70
"chicago",3509,"cauc","male",31,"yes","no","yes",82
"chicago",3509,"cauc","female",29,"no","no","yes",70
"chicago",3502,"cauc","female",27,"yes","no","yes",68
"chicago",3502,"cauc","male",28,"yes","no","yes",65
"chicago",3503,"cauc","female",33,"yes","no","yes",57
"chicago",3503,"cauc","male",35,"no","no","yes",63
"chicago",3516,"afam","female",36,"no","no","yes",61
"chicago",3515,"afam","male",53,"no","yes","no",137
"chicago",3508,"cauc","male",41,"yes","no","yes",37
"chicago",3502,"cauc","male",36,"yes","no","yes",108
"chicago",3502,"cauc","female",32,"yes","no","yes",99
"chicago",3510,"cauc","female",37,"yes","no","yes",63
"chicago",3518,"afam","male",53,"yes","yes","yes",121
"chicago",3515,"afam","female",53,"no","no","no",45
"chicago",3504,"cauc","female",25,"yes","no","yes",53
"chicago",3504,"cauc","male",28,"yes","no","no",47
"chicago",3510,"cauc","male",53,"yes","no","yes",236
"chicago",3512,"cauc","female",53,"yes","no","no",37
"chicago",3518,"afam","male",25,"no","no","no",113
"chicago",3502,"cauc","male",25,"yes","no","yes",102
"chicago",3510,"cauc","female",30,"yes","no","yes",714
"chicago",3515,"cauc","male",32,"yes","no","no",3
"chicago",3514,"afam","female",53,"no","no","yes",119
"chicago",3514,"afam","female",27,"no","no","no",158
"chicago",3512,"cauc","female",26,"yes","no","yes",51
"chicago",3512,"cauc","male",27,"yes","no","yes",38
"chicago",3501,"cauc","male",29,"yes","no","yes",274
"chicago",3504,"cauc","female",50,"no","no","yes",95
"chicago",3504,"cauc","male",48,"yes","no","no",79
"chicago",3503,"afam","female",51,"yes","no","yes",126
"chicago",3514,"afam","female",33,"yes","no","yes",118
"chicago",3508,"afam","male",46,"no","no","no",174
"chicago",3512,"cauc","male",37,"no","no","yes",107
"chicago",3515,"afam","male",43,"no","no","yes",200
"chicago",3510,"afam","female",53,"yes","no","yes",31
"chicago",3506,"cauc","female",35,"no","no","no",68
"chicago",3506,"cauc","male",37,"no","no","yes",65
"chicago",3517,"cauc","female",50,"yes","no","no",67
"chicago",3517,"cauc","female",49,"no","no","yes",86
"chicago",3517,"cauc","male",49,"no","no","yes",81
"chicago",3501,"afam","male",44,"no","no","yes",167
"chicago",3502,"cauc","male",52,"yes","no","yes",322
"chicago",3502,"cauc","female",47,"yes","no","no",320
"chicago",3509,"cauc","male",26,"yes","no","yes",183
"chicago",3501,"cauc","female",27,"yes","no","yes",207
"chicago",3501,"cauc","male",27,"yes","no","yes",195
"chicago",3509,"cauc","male",37,"no","no","yes",46
"chicago",3516,"afam","male",28,"no","no","no",180
"chicago",3509,"cauc","male",30,"yes","no","yes",59
"chicago",3509,"cauc","female",29,"yes","no","yes",51
"chicago",3503,"cauc","female",35,"no","no","yes",66
"chicago",3510,"cauc","male",28,"yes","no","yes",37
"chicago",3510,"cauc","female",29,"yes","no","yes",42
"chicago",3510,"cauc","male",28,"yes","no","yes",48
"chicago",3509,"cauc","male",33,"yes","no","yes",83
"chicago",3509,"cauc","female",32,"yes","no","yes",77
"chicago",3510,"cauc","female",27,"yes","no","yes",307
"chicago",3502,"cauc","female",29,"yes","no","yes",37
"chicago",3502,"cauc","male",26,"yes","no","yes",53
"chicago",3501,"cauc","male",28,"yes","no","yes",250
"chicago",3515,"afam","female",53,"no","no","no",160
"chicago",3510,"cauc","male",27,"yes","no","yes",61
"chicago",3507,"afam","female",27,"no","no","yes",93
"chicago",3507,"afam","male",28,"yes","no","yes",159
"chicago",3507,"afam","female",33,"no","no","no",199
"chicago",3507,"afam","male",32,"no","no","no",200
"chicago",3509,"cauc","male",31,"yes","no","yes",110
"chicago",3515,"afam","male",49,"no","no","no",730
"chicago",3515,"afam","female",39,"no","no","no",907
"chicago",3513,"cauc","female",32,"no","no","yes",35
"chicago",3503,"cauc","female",32,"yes","no","yes",37
"chicago",3518,"afam","male",51,"no","no","no",101
"chicago",3517,"afam","male",44,"no","no","yes",46
"chicago",3517,"afam","female",38,"no","no","yes",54
"chicago",3515,"afam","male",45,"no","no","yes",42
"chicago",3503,"cauc","female",29,"yes","no","yes",31
"chicago",3503,"cauc","male",30,"yes","no","yes",45
"chicago",3514,"cauc","male",29,"yes","no","no",95
"chicago",3514,"cauc","female",28,"yes","no","no",86
"chicago",3514,"afam","female",33,"yes","no","no",84
"chicago",3509,"cauc","male",34,"yes","no","yes",61
"chicago",3517,"cauc","female",49,"yes","no","yes",71
"chicago",3517,"cauc","male",49,"no","no","no",63
"chicago",3509,"cauc","female",28,"yes","no","yes",66
"chicago",3509,"cauc","male",33,"no","no","yes",80
"chicago",3507,"afam","female",53,"no","no","no",119
"chicago",3509,"cauc","male",36,"yes","no","yes",43
"chicago",3509,"cauc","female",34,"yes","no","yes",42
"chicago",3509,"cauc","male",48,"no","no","yes",67
"chicago",3509,"cauc","female",33,"yes","no","yes",73
"chicago",3514,"cauc","male",25,"yes","no","yes",37
"chicago",3514,"cauc","female",27,"yes","no","yes",32
"chicago",3513,"cauc","female",49,"no","no","yes",85
"chicago",3513,"cauc","female",43,"no","no","no",84
"chicago",3502,"cauc","female",28,"yes","no","yes",206
"chicago",3502,"cauc","male",41,"yes","no","yes",40
"chicago",3503,"cauc","female",47,"yes","no","no",74
"chicago",3503,"cauc","male",46,"yes","no","yes",68
"chicago",3516,"afam","male",41,"no","no","yes",435
"chicago",3501,"cauc","male",36,"yes","no","yes",437
"chicago",3512,"afam","male",32,"no","no","no",113
"chicago",3501,"cauc","female",30,"yes","no","no",188
"chicago",3501,"cauc","male",35,"yes","no","yes",221
"chicago",3512,"cauc","female",43,"no","no","no",178
"chicago",3505,"cauc","female",39,"yes","no","no",118
"chicago",3505,"cauc","male",41,"no","no","yes",153
"chicago",3512,"afam","female",28,"yes","no","yes",37
"chicago",3509,"cauc","female",31,"yes","no","yes",74
"chicago",3509,"cauc","male",35,"yes","no","yes",82
"chicago",3509,"cauc","male",38,"no","no","yes",36
"chicago",3509,"cauc","female",35,"yes","no","yes",32
"chicago",3517,"cauc","male",30,"yes","no","yes",88
"chicago",3517,"cauc","female",27,"yes","no","no",62
"chicago",3508,"afam","female",49,"yes","no","yes",36
"chicago",3513,"afam","female",37,"yes","no","yes",60
"chicago",3516,"afam","male",46,"no","no","yes",53
"chicago",3516,"afam","male",43,"no","no","no",63
"chicago",3516,"afam","female",42,"no","no","yes",58
"chicago",3516,"afam","male",33,"no","no","no",67
"chicago",3514,"afam","female",35,"no","no","yes",113
"chicago",3516,"afam","male",35,"no","no","yes",46
"chicago",3516,"afam","female",32,"no","no","no",51
"chicago",3510,"afam","female",27,"yes","no","yes",87
"chicago",3509,"cauc","male",30,"yes","no","yes",63
"chicago",3509,"cauc","female",28,"no","no","yes",53
"chicago",3514,"afam","male",26,"no","no","yes",147
"chicago",3515,"afam","female",53,"no","no","yes",84
"chicago",3509,"cauc","male",28,"yes","no","yes",52
"chicago",3509,"afam","female",26,"yes","no","yes",81
"chicago",3516,"afam","female",42,"no","no","no",54
"chicago",3516,"afam","male",37,"no","no","no",60
"chicago",3510,"cauc","male",50,"yes","no","yes",211
"chicago",3510,"cauc","female",52,"yes","no","yes",196
"chicago",3515,"afam","female",53,"no","no","no",73
"chicago",3515,"afam","female",42,"yes","no","yes",47
"chicago",3516,"afam","male",48,"no","yes","no",99
"chicago",3503,"cauc","male",48,"no","no","no",113
"chicago",3517,"afam","female",45,"no","no","no",106
"chicago",3518,"afam","male",25,"no","no","yes",84
"chicago",3516,"afam","female",48,"no","no","no",120
"chicago",3506,"cauc","female",45,"no","no","no",4
"chicago",3518,"afam","female",29,"no","no","no",187
"chicago",3501,"cauc","male",50,"yes","no","yes",87
"chicago",3506,"cauc","male",28,"no","no","yes",99
"chicago",3503,"cauc","female",38,"yes","no","yes",71
"chicago",3515,"afam","male",42,"no","no","no",286
"chicago",3515,"afam","male",36,"no","no","yes",284
"chicago",3515,"afam","male",35,"no","no","no",285
"chicago",3503,"cauc","female",36,"yes","no","no",76
"chicago",3503,"cauc","male",34,"yes","no","yes",90
"chicago",3506,"cauc","female",46,"no","no","no",4
"chicago",3516,"afam","female",45,"no","no","no",90
"chicago",3514,"afam","female",44,"yes","no","yes",39
"chicago",3516,"afam","female",38,"no","no","yes",153
"chicago",3502,"cauc","male",26,"yes","no","yes",44
"chicago",3514,"afam","female",45,"no","no","no",34
"chicago",3512,"cauc","male",30,"no","no","yes",56
"chicago",3507,"afam","male",41,"no","no","no",40
"chicago",3502,"cauc","female",33,"yes","no","yes",64
"chicago",3510,"cauc","female",25,"yes","no","yes",95
"chicago",3505,"cauc","female",40,"yes","no","yes",55
"chicago",3515,"afam","female",43,"no","no","yes",205
"chicago",3515,"afam","male",47,"no","no","no",244
"chicago",3516,"afam","female",44,"no","no","yes",113
"chicago",3502,"cauc","male",29,"yes","no","yes",61
"chicago",3502,"cauc","female",28,"yes","no","yes",65
"chicago",3509,"cauc","female",46,"no","no","yes",47
"chicago",3509,"cauc","male",50,"no","no","no",54
"chicago",3501,"afam","female",27,"no","no","yes",133
"chicago",3501,"afam","male",53,"no","no","no",58
"chicago",3510,"cauc","female",49,"yes","no","yes",78
"chicago",3514,"afam","female",29,"no","no","yes",63
"chicago",3515,"afam","female",46,"no","no","yes",93
"chicago",3512,"afam","female",48,"no","no","yes",66
"chicago",3512,"afam","female",31,"no","no","no",97
"chicago",3508,"afam","female",33,"no","no","yes",106
"chicago",3515,"afam","female",40,"yes","no","yes",35
"chicago",3514,"afam","female",38,"no","no","no",60
"chicago",3514,"afam","male",49,"no","no","no",35
"chicago",3514,"afam","male",42,"yes","no","yes",70
"chicago",3514,"afam","male",44,"no","no","no",40
"chicago",3502,"cauc","male",28,"no","yes","yes",117
"chicago",3505,"cauc","male",46,"no","no","yes",59
"chicago",3505,"cauc","male",34,"no","no","yes",98
"chicago",3505,"cauc","female",38,"no","no","no",76
"chicago",3513,"afam","male",49,"no","no","yes",127
"chicago",3504,"cauc","female",51,"no","no","yes",87
"chicago",3504,"cauc","male",50,"no","no","yes",73
"chicago",3504,"cauc","female",26,"yes","no","yes",112
"chicago",3517,"cauc","female",27,"yes","no","yes",61
"chicago",3517,"cauc","male",31,"yes","no","yes",90
"chicago",3505,"cauc","male",48,"yes","yes","yes",163
"chicago",3502,"cauc","female",31,"yes","no","yes",40
"chicago",3502,"cauc","male",28,"yes","no","yes",33
"chicago",3512,"cauc","male",53,"yes","no","yes",38
"chicago",3512,"cauc","female",52,"no","no","no",39
"chicago",3504,"cauc","female",30,"yes","no","yes",141
"chicago",3503,"cauc","male",27,"yes","no","yes",76
"chicago",3503,"cauc","male",28,"yes","no","yes",127
"chicago",3503,"cauc","male",27,"yes","no","yes",129
"chicago",3514,"afam","female",45,"no","no","yes",27
"chicago",3507,"afam","female",41,"yes","no","yes",213
"chicago",3514,"afam","female",25,"no","no","yes",155
"chicago",3501,"cauc","female",37,"yes","no","yes",101
"chicago",3501,"cauc","female",37,"yes","no","yes",127
"chicago",3509,"cauc","male",36,"yes","no","no",42
"chicago",3501,"afam","female",45,"no","no","no",82
"chicago",3516,"afam","male",53,"yes","no","yes",93
"chicago",3516,"afam","female",54,"no","no","no",66
"chicago",3509,"cauc","female",33,"yes","no","yes",48
"chicago",3509,"cauc","female",28,"yes","no","yes",67
"chicago",3502,"cauc","female",33,"no","no","yes",82
"chicago",3516,"afam","female",52,"no","no","yes",386
"chicago",3517,"afam","male",41,"no","no","no",172
"chicago",3505,"cauc","female",47,"no","no","yes",97
"chicago",3505,"cauc","male",49,"no","no","yes",123
"chicago",3515,"afam","male",52,"no","no","no",137
"chicago",3510,"cauc","female",25,"yes","no","no",332
"chicago",3502,"cauc","female",42,"yes","no","yes",53
"chicago",3505,"cauc","female",33,"yes","no","yes",52
"chicago",3505,"cauc","male",37,"yes","no","yes",57
"chicago",3501,"cauc","male",33,"yes","no","yes",433
"chicago",3517,"cauc","female",52,"yes","no","yes",29
"chicago",3510,"cauc","male",34,"yes","no","yes",123
"chicago",3505,"cauc","male",45,"yes","no","yes",150
"chicago",3514,"afam","female",49,"no","no","no",56
"chicago",3510,"cauc","female",29,"yes","no","yes",83
"chicago",3502,"cauc","female",27,"yes","no","yes",55
"chicago",3503,"cauc","male",32,"no","no","no",80
"chicago",3507,"afam","male",35,"no","no","no",94
"chicago",3505,"cauc","male",49,"no","no","yes",170
"chicago",3505,"cauc","female",48,"no","no","yes",143
"chicago",3515,"afam","male",50,"no","no","yes",72
"chicago",3518,"afam","female",41,"no","no","no",126
"chicago",3518,"afam","female",44,"no","no","yes",181
"chicago",3518,"afam","female",25,"no","no","no",167
"chicago",3513,"afam","male",45,"no","no","no",59
"chicago",3509,"cauc","male",27,"yes","no","yes",81
"chicago",3512,"cauc","female",37,"no","no","yes",227
"chicago",3503,"cauc","male",38,"yes","yes","yes",46
"chicago",3503,"cauc","female",36,"yes","no","yes",40
"chicago",3504,"cauc","male",46,"no","no","yes",70
"chicago",3504,"cauc","female",48,"no","no","yes",85
"chicago",3518,"afam","female",42,"no","no","yes",122
"chicago",3504,"cauc","male",35,"yes","no","yes",114
"chicago",3504,"cauc","female",29,"yes","no","yes",106
"chicago",3510,"cauc","female",42,"yes","no","yes",32
"chicago",3510,"cauc","male",31,"yes","no","yes",149
"chicago",3516,"afam","female",30,"no","no","no",158
"chicago",3508,"afam","female",35,"no","no","yes",158
"chicago",3504,"cauc","female",28,"no","no","yes",57
"chicago",3513,"afam","female",32,"yes","no","yes",45
"chicago",3517,"cauc","male",53,"no","no","yes",39
"chicago",3517,"cauc","female",51,"yes","no","yes",29
"chicago",3518,"afam","male",52,"no","no","yes",76
"chicago",3518,"afam","female",38,"no","no","yes",85
"chicago",3508,"afam","female",49,"no","no","yes",104
"chicago",3503,"cauc","male",43,"no","no","no",33
"chicago",3508,"afam","male",30,"no","no","yes",77
"chicago",3511,"afam","male",30,"no","no","no",293
"chicago",3504,"cauc","male",29,"no","yes","no",90
"chicago",3506,"cauc","male",32,"no","no","yes",451
"chicago",3517,"afam","male",53,"no","no","yes",91
"chicago",3517,"afam","female",49,"no","no","no",98
"chicago",3517,"afam","male",26,"no","no","yes",136
"chicago",3503,"cauc","female",50,"yes","no","yes",100
"chicago",3502,"cauc","male",46,"yes","no","yes",35
"chicago",3502,"cauc","female",38,"yes","no","no",31
"chicago",3508,"afam","female",47,"no","no","yes",44
"chicago",3508,"afam","female",29,"no","no","no",42
"chicago",3501,"cauc","male",38,"yes","no","yes",97
"chicago",3501,"cauc","female",30,"yes","no","yes",86
"chicago",3517,"cauc","female",30,"yes","no","yes",72
"chicago",3517,"cauc","male",29,"yes","no","yes",81
"chicago",3509,"cauc","male",47,"yes","no","yes",31
"chicago",3507,"afam","male",42,"no","no","no",62
"chicago",3507,"afam","female",43,"no","no","no",87
"chicago",3503,"cauc","male",26,"yes","no","yes",220
"chicago",3503,"cauc","female",27,"yes","no","yes",319
"chicago",3503,"cauc","male",26,"yes","no","yes",372
"chicago",3507,"afam","male",38,"no","no","no",202
"chicago",3509,"afam","male",32,"yes","no","yes",140
"chicago",3502,"cauc","female",29,"yes","no","yes",153
"chicago",3502,"cauc","male",31,"yes","no","yes",160
"chicago",3509,"cauc","male",25,"yes","no","yes",220
"chicago",3502,"cauc","male",31,"yes","no","yes",39
"chicago",3502,"cauc","female",28,"no","no","yes",36
"chicago",3515,"afam","female",46,"no","no","no",64
"chicago",3515,"afam","male",26,"no","no","no",123
"chicago",3510,"cauc","female",26,"yes","no","yes",132
"chicago",3510,"cauc","female",28,"yes","no","yes",163
"chicago",3502,"cauc","male",25,"yes","no","no",285
"chicago",3510,"cauc","male",35,"yes","no","yes",742
"chicago",3504,"cauc","male",38,"yes","no","yes",60
"chicago",3504,"cauc","female",38,"yes","no","yes",46
"chicago",3505,"cauc","male",44,"no","no","yes",106
"chicago",3518,"afam","female",34,"no","no","yes",149
"chicago",3516,"afam","female",44,"yes","no","no",70
"chicago",3511,"cauc","male",25,"yes","no","yes",30
"chicago",3509,"cauc","female",29,"no","no","yes",31
"chicago",3509,"cauc","male",29,"yes","no","yes",32
"chicago",3515,"afam","female",46,"no","no","yes",161
"chicago",3502,"cauc","male",52,"no","no","yes",167
"chicago",3512,"cauc","male",52,"no","no","yes",42
"chicago",3512,"cauc","female",46,"no","no","yes",38
"chicago",3512,"cauc","female",25,"no","no","no",71
"chicago",3515,"afam","female",42,"no","no","yes",9
"chicago",3506,"cauc","male",51,"no","yes","yes",120
"chicago",3506,"cauc","female",46,"no","no","no",123
"chicago",3502,"cauc","female",41,"yes","no","yes",33
"chicago",3502,"cauc","male",43,"yes","no","yes",41
"chicago",3510,"afam","female",47,"no","no","yes",119
"chicago",3509,"cauc","male",29,"yes","no","yes",49
"chicago",3516,"afam","female",40,"yes","no","yes",58
"chicago",3516,"afam","male",40,"yes","no","no",63
"chicago",3516,"afam","female",31,"no","no","no",220
"chicago",3516,"afam","male",52,"no","no","no",249
"chicago",3507,"afam","male",52,"no","no","yes",41
"chicago",3503,"cauc","female",54,"yes","no","yes",83
"chicago",3502,"cauc","female",26,"yes","no","yes",46
"chicago",3502,"cauc","female",26,"yes","no","yes",70
"chicago",3502,"cauc","female",25,"yes","no","yes",70
"chicago",3509,"cauc","female",26,"yes","no","yes",140
"chicago",3509,"cauc","male",25,"no","no","yes",142
"chicago",3509,"cauc","female",25,"yes","no","yes",140
"chicago",3503,"cauc","male",37,"yes","no","yes",59
"chicago",3502,"afam","female",33,"no","no","yes",125
"chicago",3516,"afam","female",38,"no","no","yes",186
"chicago",3509,"cauc","female",33,"yes","no","yes",59
"chicago",3509,"cauc","female",36,"yes","no","no",82
"chicago",3501,"cauc","male",47,"yes","no","yes",67
"chicago",3501,"cauc","male",43,"no","no","yes",73
"chicago",3519,"afam","female",48,"no","no","yes",226
"chicago",3519,"afam","female",29,"yes","no","yes",517
"chicago",3514,"cauc","male",49,"no","no","yes",84
"chicago",3514,"cauc","female",44,"yes","no","no",76
"chicago",3504,"cauc","male",51,"no","no","no",301
"chicago",3504,"cauc","female",41,"no","no","no",279
"chicago",3501,"afam","female",31,"yes","no","no",304
"chicago",3505,"cauc","male",40,"no","no","yes",135
"chicago",3505,"cauc","female",40,"no","no","no",108
"chicago",3509,"cauc","male",38,"yes","no","yes",38
"chicago",3514,"afam","female",53,"no","no","no",50
"chicago",3509,"cauc","male",44,"yes","no","yes",161
"chicago",3513,"cauc","female",38,"no","no","no",53
"chicago",3509,"cauc","male",33,"no","no","yes",48
"chicago",3509,"cauc","female",27,"yes","no","yes",42
"chicago",3502,"cauc","male",54,"yes","no","yes",141
"chicago",3502,"cauc","male",51,"yes","no","yes",140
"chicago",3514,"cauc","female",44,"yes","no","yes",112
"chicago",3507,"afam","male",49,"no","no","no",147
"chicago",3506,"cauc","male",29,"no","no","yes",25
"chicago",3509,"cauc","female",26,"yes","no","yes",55
"chicago",3509,"cauc","female",29,"yes","no","yes",84
"chicago",3515,"afam","female",31,"yes","no","yes",143
"chicago",3515,"afam","female",33,"yes","no","no",144
"chicago",3513,"afam","female",37,"yes","no","no",284
"chicago",3513,"afam","male",40,"no","no","yes",365
"chicago",3502,"cauc","male",26,"yes","no","yes",32
"chicago",3502,"cauc","male",37,"no","no","yes",63
"chicago",3503,"cauc","male",28,"yes","no","yes",81
"chicago",3502,"cauc","female",48,"yes","no","yes",103
"chicago",3516,"afam","female",28,"no","no","no",41
"chicago",3516,"afam","female",35,"no","no","no",40
"chicago",3510,"cauc","female",39,"yes","no","yes",61
"chicago",3505,"cauc","male",29,"no","no","yes",90
"chicago",3505,"cauc","female",28,"yes","no","yes",141
"chicago",3502,"cauc","male",51,"yes","no","yes",48
"chicago",3502,"cauc","female",48,"yes","no","no",47
"chicago",3509,"cauc","female",41,"yes","no","no",252
"chicago",3510,"cauc","male",28,"no","no","yes",152
"chicago",3510,"afam","female",27,"no","no","no",172
"chicago",3517,"afam","male",47,"no","yes","yes",73
"chicago",3502,"cauc","male",46,"yes","no","yes",58
"chicago",3508,"afam","male",32,"no","no","no",140
"chicago",3508,"afam","male",30,"no","no","no",187
"chicago",3508,"afam","female",25,"no","no","yes",129
"chicago",3506,"cauc","male",38,"no","no","yes",124
"chicago",3506,"cauc","female",46,"no","no","no",153
"chicago",3512,"cauc","male",40,"no","yes","yes",46
"chicago",3512,"cauc","female",39,"no","no","yes",39
"chicago",3516,"afam","female",28,"yes","no","no",39
"chicago",3509,"cauc","male",42,"yes","no","yes",146
"chicago",3509,"cauc","female",29,"yes","no","yes",44
"chicago",3509,"cauc","male",31,"yes","no","yes",53
"chicago",3505,"cauc","female",42,"yes","no","yes",121
"chicago",3505,"cauc","male",46,"yes","no","yes",129
"chicago",3512,"cauc","female",32,"no","no","yes",111
"chicago",3518,"afam","female",37,"no","no","no",40
"chicago",3506,"cauc","male",46,"no","no","yes",123
"chicago",3501,"cauc","male",33,"yes","no","yes",82
"chicago",3501,"cauc","female",30,"no","no","yes",71
"chicago",3501,"afam","female",46,"no","no","no",144
"chicago",3513,"cauc","female",52,"yes","no","yes",95
"chicago",3513,"cauc","male",53,"no","no","no",102
"chicago",3501,"afam","female",52,"no","no","yes",365
"chicago",3502,"cauc","female",28,"yes","no","yes",95
"chicago",3502,"cauc","female",28,"yes","no","yes",151
"chicago",3502,"cauc","female",28,"yes","no","yes",149
"chicago",3516,"afam","female",51,"yes","no","yes",104
"chicago",3506,"afam","female",40,"no","no","no",4
"chicago",3513,"cauc","male",40,"yes","no","yes",126
"chicago",3506,"cauc","female",51,"no","no","yes",137
"chicago",3502,"cauc","female",27,"yes","no","yes",51
"chicago",3502,"cauc","male",26,"yes","no","yes",49
"chicago",3505,"cauc","male",51,"yes","no","yes",89
"chicago",3505,"cauc","female",51,"yes","no","yes",84
"chicago",3506,"cauc","male",36,"no","no","yes",232
"chicago",3506,"cauc","female",36,"yes","no","yes",237
"chicago",3508,"afam","male",37,"no","no","no",148
"chicago",3516,"afam","female",25,"no","no","no",217
"chicago",3501,"cauc","female",49,"yes","no","yes",60
"chicago",3503,"cauc","male",40,"no","no","yes",66
"chicago",3503,"cauc","male",50,"yes","no","yes",62
"chicago",3509,"afam","female",37,"no","no","yes",43
"chicago",3513,"cauc","male",44,"no","no","no",97
"chicago",3512,"cauc","female",40,"no","no","yes",44
"chicago",3507,"afam","male",29,"no","no","yes",68
"chicago",3516,"afam","female",38,"no","no","yes",313
"chicago",3505,"cauc","female",50,"no","no","yes",185
"chicago",3505,"cauc","male",26,"no","no","yes",227
"chicago",3516,"afam","female",46,"no","no","yes",104
"chicago",3514,"afam","male",29,"yes","no","yes",105
"chicago",3514,"afam","female",29,"yes","no","yes",115
"chicago",3518,"afam","male",25,"no","no","yes",141
"chicago",3509,"cauc","male",36,"no","no","yes",40
"chicago",3509,"cauc","female",35,"no","no","no",35
"chicago",3514,"afam","female",31,"no","no","no",28
"chicago",3514,"afam","male",34,"no","no","no",36
"chicago",3502,"cauc","female",25,"yes","no","yes",99
"chicago",3503,"cauc","female",37,"yes","no","no",60
"chicago",3509,"cauc","female",25,"no","no","yes",54
"chicago",3515,"afam","male",41,"no","no","yes",38
"chicago",3515,"afam","female",37,"yes","no","yes",38
"chicago",3506,"cauc","female",54,"no","no","yes",143
"chicago",3514,"afam","female",45,"no","no","no",36
"chicago",3510,"afam","male",50,"no","no","no",89
"chicago",3509,"cauc","male",44,"yes","no","yes",108
"chicago",3508,"afam","female",39,"no","no","yes",81
"chicago",3509,"cauc","female",26,"yes","no","no",313
"chicago",3509,"cauc","male",25,"no","no","no",317
"chicago",3507,"afam","male",52,"no","no","no",54
"chicago",3513,"afam","female",33,"no","no","yes",55
"chicago",3510,"cauc","female",46,"yes","no","yes",136
"chicago",3506,"cauc","male",48,"no","no","no",81
"chicago",3515,"cauc","male",36,"yes","no","yes",87
"chicago",3512,"afam","male",26,"no","no","no",93
"chicago",3510,"cauc","male",34,"no","no","yes",79
"chicago",3510,"cauc","male",34,"no","no","yes",96
"chicago",3513,"afam","female",49,"no","no","no",124
"chicago",3513,"afam","male",27,"no","no","yes",188
"chicago",3503,"cauc","male",41,"yes","no","yes",60
"chicago",3508,"afam","female",36,"no","no","yes",111
"chicago",3508,"afam","male",36,"no","no","no",116
"chicago",3515,"afam","male",42,"no","no","yes",378
"chicago",3515,"afam","male",40,"no","no","no",377
"chicago",3502,"cauc","male",45,"yes","no","yes",176
"chicago",3509,"cauc","female",30,"yes","no","yes",31
"chicago",3509,"cauc","male",28,"yes","no","yes",29
"chicago",3514,"cauc","male",28,"yes","no","yes",44
"chicago",3514,"cauc","female",27,"yes","no","yes",39
"chicago",3502,"cauc","female",50,"no","no","yes",50
"chicago",3510,"afam","female",41,"no","no","no",37
"chicago",3512,"afam","male",25,"no","no","yes",61
"chicago",3512,"afam","female",25,"no","no","yes",59
"chicago",3502,"cauc","male",25,"yes","no","yes",55
"chicago",3505,"cauc","male",25,"yes","no","yes",180
"chicago",3502,"cauc","male",29,"yes","no","yes",190
"chicago",3501,"cauc","male",38,"yes","no","yes",216
"chicago",3501,"cauc","female",38,"yes","no","yes",268
"chicago",3515,"cauc","male",43,"yes","no","no",3
"chicago",3514,"cauc","female",35,"yes","no","no",132
"chicago",3504,"cauc","female",53,"no","no","yes",348
"chicago",3504,"cauc","male",36,"no","no","yes",97
"chicago",3504,"cauc","female",28,"yes","no","yes",89
"chicago",3501,"cauc","male",52,"yes","no","yes",146
"chicago",3512,"cauc","female",31,"yes","no","yes",40
"chicago",3516,"afam","female",39,"no","no","yes",64
"chicago",3504,"cauc","male",47,"no","no","yes",137
"chicago",3517,"cauc","female",35,"yes","no","yes",69
"chicago",3517,"cauc","male",42,"yes","no","yes",72
"chicago",3508,"afam","male",52,"no","no","no",190
"chicago",3510,"cauc","male",31,"no","no","yes",43
"chicago",3506,"cauc","female",46,"no","no","yes",180
"chicago",3506,"cauc","male",51,"yes","no","yes",269
"chicago",3512,"afam","female",48,"no","no","no",46
"chicago",3514,"afam","female",45,"yes","no","yes",115
"chicago",3514,"afam","female",25,"yes","no","yes",161
"chicago",3502,"cauc","female",32,"yes","no","yes",40
"chicago",3514,"afam","female",39,"no","no","no",34
"chicago",3509,"cauc","male",53,"yes","no","yes",43
"chicago",3503,"cauc","female",45,"yes","no","yes",60
"chicago",3503,"cauc","male",48,"yes","no","yes",56
"chicago",3512,"cauc","male",29,"no","no","yes",77
"chicago",3510,"cauc","male",51,"no","no","no",63
"chicago",3510,"cauc","female",50,"no","no","yes",57
"chicago",3515,"afam","female",36,"no","no","yes",258
"chicago",3515,"afam","male",38,"no","no","no",265
"chicago",3512,"cauc","female",43,"yes","no","yes",53
"chicago",3512,"cauc","male",42,"no","no","yes",63
"chicago",3506,"cauc","female",44,"no","no","yes",228
"chicago",3506,"cauc","male",45,"no","no","yes",205
"chicago",3515,"afam","female",35,"no","no","no",105
"chicago",3515,"afam","male",36,"no","no","yes",106
"chicago",3505,"cauc","male",42,"no","no","yes",135
"chicago",3504,"cauc","male",54,"yes","no","no",84
"chicago",3504,"cauc","female",53,"yes","no","yes",108
"chicago",3509,"cauc","female",39,"yes","no","yes",48
"chicago",3514,"cauc","male",37,"yes","no","no",57
"chicago",3514,"afam","female",49,"no","no","no",95
"chicago",3504,"cauc","male",34,"yes","no","yes",94
"chicago",3504,"cauc","female",29,"yes","no","yes",71
"chicago",3515,"afam","male",29,"yes","no","yes",156
"chicago",3503,"cauc","female",31,"yes","no","yes",42
"chicago",3515,"afam","female",54,"no","no","yes",92
"chicago",3515,"afam","female",35,"no","no","no",88
"chicago",3515,"afam","female",27,"yes","no","yes",90
"chicago",3502,"cauc","male",26,"no","yes","yes",92
"chicago",3505,"cauc","female",49,"no","no","yes",55
"chicago",3518,"afam","female",48,"yes","no","yes",45
"chicago",3513,"afam","male",43,"no","no","yes",259
"chicago",3513,"afam","female",40,"no","no","yes",208
"chicago",3519,"afam","female",53,"yes","no","yes",42
"chicago",3514,"afam","male",41,"no","no","no",67
"chicago",3509,"cauc","male",36,"yes","no","yes",60
"chicago",3509,"cauc","female",27,"yes","no","yes",32
"chicago",3519,"afam","female",38,"no","no","yes",492
"chicago",3508,"afam","female",48,"yes","no","no",78
"chicago",3501,"cauc","male",54,"yes","no","yes",107
"chicago",3508,"afam","female",30,"no","no","no",95
"chicago",3508,"afam","female",36,"no","no","no",125
"chicago",3508,"afam","male",27,"no","no","yes",130
"chicago",3507,"cauc","male",52,"no","no","no",97
"chicago",3514,"afam","female",28,"yes","no","yes",98
"chicago",3502,"cauc","female",36,"yes","no","yes",107
"chicago",3502,"cauc","male",46,"yes","no","yes",119
"chicago",3505,"cauc","female",45,"no","no","yes",75
"chicago",3518,"afam","female",50,"yes","no","yes",51
"chicago",3518,"afam","female",47,"no","no","no",73
"chicago",3515,"afam","female",33,"yes","no","yes",411
"chicago",3501,"cauc","male",34,"yes","no","yes",190
"chicago",3505,"cauc","male",40,"no","no","no",229
"chicago",3510,"afam","male",37,"no","no","no",55
"chicago",3512,"cauc","female",42,"no","no","yes",50
"chicago",3514,"afam","female",52,"no","no","yes",31
"chicago",3514,"afam","female",31,"yes","no","yes",45
"chicago",3514,"afam","male",30,"no","no","yes",58
"chicago",3515,"afam","female",49,"no","no","no",44
"chicago",3501,"cauc","female",27,"yes","no","yes",85
"chicago",3510,"cauc","male",45,"no","yes","no",107
"chicago",3516,"afam","female",48,"no","no","no",183
"chicago",3510,"afam","female",41,"no","no","yes",123
"chicago",3510,"afam","female",26,"no","no","no",75
"chicago",3502,"cauc","female",28,"yes","no","yes",221
"chicago",3502,"cauc","female",27,"yes","no","yes",344
"chicago",3509,"cauc","female",46,"yes","no","yes",49
"chicago",3502,"cauc","female",31,"yes","no","yes",61
"chicago",3504,"cauc","male",39,"yes","no","yes",121
"chicago",3502,"cauc","male",32,"yes","no","yes",189
"chicago",3502,"cauc","female",32,"yes","no","yes",206
"chicago",3516,"afam","female",53,"no","no","no",35
"chicago",3508,"afam","female",50,"no","no","yes",61
"chicago",3508,"afam","male",26,"no","no","yes",115
"chicago",3509,"cauc","male",42,"yes","no","yes",56
"chicago",3509,"cauc","female",37,"yes","no","no",49
"chicago",3515,"afam","female",29,"no","no","no",201
"chicago",3501,"cauc","female",44,"yes","no","yes",49
"chicago",3501,"cauc","male",51,"yes","no","yes",163
"chicago",3511,"cauc","male",39,"yes","no","yes",44
"chicago",3509,"cauc","female",28,"yes","no","yes",56
"chicago",3501,"cauc","male",46,"yes","no","yes",100
"chicago",3501,"cauc","female",43,"yes","no","yes",131
"chicago",3514,"afam","female",49,"yes","no","no",67
"chicago",3506,"cauc","female",46,"no","no","no",83
"chicago",3501,"cauc","male",33,"yes","no","yes",140
"chicago",3502,"cauc","male",31,"yes","no","yes",48
"chicago",3502,"cauc","female",31,"yes","no","yes",52
"chicago",3503,"cauc","female",49,"yes","no","yes",82
"chicago",3503,"cauc","male",43,"no","no","no",94
"chicago",3509,"cauc","male",37,"yes","no","yes",37
"chicago",3509,"cauc","female",37,"yes","no","yes",33
"chicago",3508,"afam","female",34,"no","no","no",80
"chicago",3501,"cauc","male",35,"yes","no","yes",135
"chicago",3501,"cauc","female",36,"yes","no","no",167
"chicago",3503,"cauc","male",52,"no","no","yes",132
"chicago",3503,"cauc","female",44,"no","no","yes",124
"chicago",3505,"cauc","male",28,"no","no","yes",239
"chicago",3505,"cauc","female",47,"no","no","yes",420
"chicago",3502,"cauc","male",29,"yes","no","yes",154
"chicago",3501,"afam","male",45,"yes","yes","yes",305
"chicago",3501,"afam","female",50,"no","no","yes",300
"chicago",3513,"cauc","male",44,"yes","no","yes",259
"chicago",3513,"cauc","female",38,"yes","no","yes",249
"chicago",3502,"cauc","male",30,"yes","no","yes",188
"chicago",3509,"cauc","male",30,"yes","no","yes",78
"chicago",3509,"cauc","male",30,"yes","no","yes",124
"chicago",3502,"cauc","male",30,"no","no","yes",194
"chicago",3514,"afam","female",26,"no","no","no",171
"chicago",3514,"afam","male",29,"no","no","no",168
"chicago",3504,"afam","female",37,"yes","no","yes",31
"chicago",3503,"cauc","female",45,"yes","no","yes",42
"chicago",3503,"cauc","male",47,"yes","no","yes",38
"chicago",3508,"cauc","male",32,"yes","no","yes",115
"chicago",3508,"cauc","female",33,"yes","no","yes",91
"chicago",3509,"cauc","female",33,"yes","no","yes",127
"chicago",3519,"afam","female",41,"no","no","no",113
"chicago",3513,"cauc","male",34,"no","no","yes",173
"chicago",3502,"cauc","female",39,"yes","no","yes",56
"chicago",3502,"cauc","male",40,"yes","no","yes",69
"chicago",3509,"cauc","female",28,"yes","no","yes",72
"chicago",3515,"afam","female",51,"yes","no","yes",100
"chicago",3515,"afam","female",40,"yes","no","yes",190
"chicago",3502,"cauc","female",52,"yes","no","no",55
"chicago",3507,"afam","male",47,"no","no","no",95
"chicago",3509,"cauc","male",32,"yes","no","yes",185
"chicago",3509,"cauc","female",29,"yes","no","no",156
"chicago",3508,"afam","male",27,"no","no","yes",125
"chicago",3502,"cauc","male",33,"no","no","yes",45
"chicago",3502,"cauc","female",52,"no","no","no",58
"chicago",3504,"cauc","male",47,"yes","no","yes",248
"chicago",3506,"cauc","female",33,"no","no","yes",361
"chicago",3506,"cauc","male",36,"no","no","yes",251
"chicago",3504,"cauc","female",25,"yes","no","yes",103
"chicago",3506,"cauc","male",39,"yes","no","yes",30
"chicago",3506,"cauc","female",34,"yes","no","yes",41
"chicago",3508,"afam","female",32,"no","no","yes",90
"chicago",3514,"afam","female",40,"no","no","no",44
"chicago",3513,"cauc","female",42,"no","no","no",450
"chicago",3503,"cauc","male",46,"yes","no","yes",66
"chicago",3503,"cauc","male",47,"yes","no","yes",66
"chicago",3510,"cauc","male",29,"no","no","yes",72
"chicago",3510,"cauc","male",27,"no","no","yes",88
"chicago",3516,"afam","female",27,"no","no","no",252
"chicago",3502,"cauc","male",26,"yes","no","yes",50
"chicago",3511,"cauc","female",33,"no","no","yes",204
"chicago",3511,"cauc","male",28,"no","no","yes",147
"chicago",3502,"cauc","male",52,"yes","no","yes",45
"chicago",3502,"cauc","female",50,"yes","no","yes",55
"chicago",3514,"afam","female",52,"yes","no","yes",93
"chicago",3507,"afam","male",31,"no","no","yes",173
"chicago",3507,"afam","female",30,"no","no","yes",164
"chicago",3509,"cauc","female",43,"yes","no","yes",35
"chicago",3503,"cauc","female",33,"yes","no","yes",41
"chicago",3508,"cauc","female",54,"no","no","no",60
"chicago",3509,"cauc","female",25,"no","no","yes",111
"chicago",3508,"afam","female",54,"no","no","no",53
"chicago",3510,"cauc","male",35,"yes","no","yes",44
"chicago",3518,"afam","male",37,"no","no","no",133
"chicago",3508,"cauc","female",46,"no","no","no",14
"chicago",3515,"afam","female",53,"no","yes","no",177
"chicago",3515,"afam","female",33,"no","no","no",161
"chicago",3518,"afam","female",48,"yes","no","yes",106
"chicago",3516,"afam","male",51,"no","no","no",148
"chicago",3508,"afam","male",31,"no","no","no",190
"chicago",3511,"cauc","male",30,"no","no","yes",78
"chicago",3504,"cauc","male",51,"yes","no","yes",110
"chicago",3504,"cauc","female",41,"yes","no","yes",102
"chicago",3502,"cauc","female",25,"yes","no","yes",66
"chicago",3518,"afam","female",32,"yes","no","yes",186
"chicago",3516,"afam","female",30,"no","no","yes",430
"chicago",3502,"cauc","male",47,"no","no","yes",60
"chicago",3517,"cauc","female",54,"no","no","yes",90
"chicago",3517,"cauc","female",52,"no","no","yes",112
"chicago",3506,"cauc","male",31,"yes","no","yes",28
"chicago",3512,"cauc","female",33,"yes","no","yes",26
"chicago",3512,"cauc","male",29,"yes","no","yes",33
"chicago",3510,"cauc","male",52,"yes","no","yes",46
"chicago",3510,"cauc","female",50,"yes","no","yes",43
"chicago",3502,"cauc","male",50,"yes","no","yes",84
"chicago",3502,"cauc","female",51,"yes","no","yes",103
"chicago",3502,"cauc","male",33,"yes","no","yes",48
"chicago",3502,"cauc","female",32,"yes","no","yes",53
"chicago",3508,"afam","female",34,"no","no","no",46
"chicago",3515,"afam","female",28,"no","no","no",112
"chicago",3505,"cauc","male",43,"yes","no","yes",100
"chicago",3505,"cauc","female",43,"yes","no","yes",80
"chicago",3503,"cauc","male",39,"yes","no","yes",91
"chicago",3513,"cauc","female",25,"yes","no","yes",321
"chicago",3502,"cauc","male",34,"yes","no","yes",60
"chicago",3502,"cauc","male",51,"yes","no","yes",66
"chicago",3502,"cauc","female",34,"yes","no","yes",82
"chicago",3502,"cauc","male",39,"yes","no","yes",52
"chicago",3502,"cauc","female",31,"yes","no","no",48
"chicago",3514,"afam","male",50,"yes","no","yes",205
"chicago",3514,"afam","female",50,"no","no","yes",172
"chicago",3509,"cauc","male",53,"no","no","yes",63
"chicago",3504,"cauc","female",44,"no","no","no",87
"chicago",3504,"cauc","male",52,"no","no","yes",98
"chicago",3509,"cauc","male",30,"yes","no","yes",223
"chicago",3503,"cauc","male",36,"yes","no","yes",45
"chicago",3503,"cauc","female",32,"yes","no","yes",39
"chicago",3513,"afam","female",50,"no","no","yes",52
"chicago",3508,"afam","female",48,"no","no","yes",115
"chicago",3501,"afam","female",47,"no","no","no",133
"chicago",3502,"cauc","male",25,"yes","no","yes",301
"chicago",3501,"cauc","male",54,"no","no","yes",58
"chicago",3516,"afam","male",34,"yes","no","yes",60
"chicago",3517,"cauc","male",45,"no","no","yes",220
"chicago",3503,"cauc","female",37,"yes","no","yes",57
"chicago",3509,"cauc","female",31,"no","no","yes",26
"chicago",3505,"cauc","female",41,"no","no","no",282
"chicago",3505,"cauc","male",35,"no","no","no",367
"chicago",3515,"afam","female",46,"no","no","yes",71
"chicago",3505,"cauc","female",51,"no","no","yes",70
"chicago",3501,"cauc","male",40,"yes","yes","yes",134
"chicago",3509,"afam","female",46,"no","no","yes",101
"chicago",3512,"cauc","male",31,"no","no","yes",109
"chicago",3512,"cauc","female",29,"no","no","yes",94
"chicago",3518,"afam","female",38,"yes","no","no",49
"chicago",3518,"afam","female",45,"no","no","no",53
"chicago",3502,"cauc","female",41,"yes","no","yes",107
"chicago",3510,"cauc","male",46,"yes","no","yes",50
"chicago",3513,"cauc","male",42,"yes","no","yes",102
"chicago",3502,"cauc","female",42,"no","no","no",55
"chicago",3510,"cauc","female",53,"yes","no","yes",265
"chicago",3508,"afam","female",29,"no","no","no",50
"chicago",3507,"afam","female",53,"yes","no","yes",83
"chicago",3514,"afam","male",33,"no","no","no",32
"chicago",3506,"cauc","male",53,"no","no","yes",194
"chicago",3518,"afam","female",32,"no","no","yes",9
"chicago",3508,"afam","female",26,"no","no","no",65
"chicago",3502,"cauc","female",48,"yes","no","yes",46
"chicago",3502,"cauc","male",46,"yes","no","yes",54
"chicago",3510,"cauc","female",35,"yes","no","yes",30
"chicago",3510,"cauc","male",35,"yes","no","yes",36
"chicago",3508,"afam","female",26,"no","no","no",94
"chicago",3504,"cauc","female",38,"yes","no","no",72
"chicago",3516,"afam","female",43,"yes","no","no",117
"chicago",3503,"cauc","male",48,"yes","no","yes",50
"chicago",3503,"cauc","female",46,"yes","no","yes",50
"chicago",3505,"cauc","female",30,"yes","no","yes",76
"chicago",3502,"cauc","male",32,"yes","no","yes",76
"chicago",3502,"cauc","female",29,"yes","no","yes",74
"chicago",3514,"cauc","male",28,"yes","no","no",33
"chicago",3509,"cauc","male",44,"yes","no","yes",42
"chicago",3507,"afam","male",43,"no","no","yes",127
"chicago",3507,"afam","female",33,"no","no","yes",147
"chicago",3515,"afam","female",52,"no","no","no",231
"chicago",3509,"cauc","male",46,"yes","no","yes",179
"chicago",3510,"cauc","male",26,"yes","no","yes",184
"chicago",3510,"cauc","male",26,"yes","no","yes",224
"chicago",3502,"afam","female",48,"no","no","no",166
"chicago",3510,"cauc","female",32,"yes","no","yes",50
"chicago",3512,"afam","male",36,"yes","no","yes",57
"chicago",3516,"afam","male",53,"no","yes","no",91
"chicago",3516,"afam","female",50,"no","no","no",64
"chicago",3516,"afam","male",47,"no","no","no",92
"chicago",3514,"afam","female",33,"no","no","yes",74
"chicago",3501,"cauc","male",48,"yes","no","yes",63
"chicago",3501,"cauc","male",26,"no","no","yes",9
"chicago",3512,"afam","male",54,"no","yes","no",19
"chicago",3505,"cauc","female",34,"yes","no","yes",66
"chicago",3507,"afam","male",30,"no","no","yes",46
"chicago",3510,"cauc","female",41,"yes","no","yes",60
"chicago",3510,"cauc","male",41,"yes","no","yes",74
"chicago",3503,"cauc","male",44,"yes","no","yes",104
"chicago",3503,"cauc","female",46,"yes","no","yes",66
"chicago",3503,"cauc","male",49,"yes","no","yes",61
"chicago",3502,"cauc","female",28,"yes","no","yes",125
"chicago",3502,"cauc","male",31,"yes","no","yes",132
"chicago",3513,"afam","female",53,"no","no","no",63
"chicago",3508,"cauc","female",51,"no","no","no",34
"chicago",3517,"cauc","male",49,"no","no","yes",141
"chicago",3517,"cauc","female",47,"no","no","yes",162
"chicago",3501,"cauc","male",54,"no","no","no",99
"chicago",3509,"cauc","male",28,"yes","no","yes",50
"chicago",3509,"cauc","female",27,"yes","no","yes",51
"chicago",3502,"cauc","male",42,"yes","no","yes",69
"chicago",3502,"cauc","female",26,"yes","no","yes",69
"chicago",3515,"afam","female",35,"no","no","no",46
"chicago",3513,"cauc","female",46,"no","no","yes",39
"chicago",3513,"cauc","male",30,"no","no","yes",59
"chicago",3506,"cauc","female",40,"no","no","no",249
"chicago",3506,"cauc","male",40,"no","no","yes",234
"chicago",3512,"cauc","female",54,"no","no","no",46
"chicago",3516,"afam","female",31,"no","no","yes",59
"chicago",3510,"cauc","male",47,"yes","no","yes",260
"chicago",3515,"afam","female",53,"no","no","yes",301
"chicago",3517,"cauc","female",32,"yes","no","yes",91
"chicago",3504,"cauc","male",36,"yes","no","yes",93
"chicago",3504,"cauc","female",31,"yes","no","yes",93
"chicago",3509,"cauc","female",37,"no","no","yes",82
"chicago",3518,"afam","female",54,"no","no","no",231
"chicago",3501,"cauc","male",43,"yes","no","yes",123
"chicago",3501,"afam","female",51,"no","no","no",96
"chicago",3502,"cauc","male",53,"yes","no","yes",159
"chicago",3505,"cauc","female",49,"no","no","no",142
"chicago",3505,"cauc","male",42,"no","no","yes",208
"chicago",3508,"afam","female",42,"yes","no","yes",37
"chicago",3514,"afam","female",46,"no","no","yes",67
"chicago",3514,"afam","male",36,"no","no","yes",93
"chicago",3511,"cauc","female",37,"no","no","no",101
"chicago",3517,"cauc","female",50,"yes","no","yes",140
"chicago",3517,"cauc","male",47,"no","no","yes",172
"chicago",3507,"afam","female",35,"no","no","no",61
"chicago",3515,"afam","male",42,"no","no","yes",67
"chicago",3515,"afam","female",41,"no","no","yes",68
"chicago",3515,"afam","male",25,"no","no","no",130
"chicago",3505,"cauc","female",48,"yes","no","yes",141
"chicago",3505,"cauc","female",51,"yes","no","yes",160
"chicago",3503,"cauc","female",39,"yes","no","yes",82
"chicago",3503,"cauc","male",40,"no","no","yes",89
"chicago",3518,"afam","male",46,"no","no","yes",131
"chicago",3518,"afam","female",46,"yes","no","yes",97
"chicago",3512,"cauc","male",54,"no","no","yes",44
"chicago",3513,"afam","female",42,"no","no","yes",59
"chicago",3516,"afam","female",54,"no","no","yes",106
"chicago",3502,"afam","female",42,"yes","no","yes",71
"chicago",3502,"afam","male",38,"no","no","yes",62
"chicago",3514,"afam","female",33,"no","no","no",33
"chicago",3514,"afam","male",34,"no","no","yes",46
"chicago",3512,"cauc","male",42,"no","no","yes",139
"chicago",3512,"cauc","female",38,"no","no","yes",117
"chicago",3501,"afam","male",51,"no","no","no",107
"chicago",3510,"cauc","female",46,"no","no","yes",32
"chicago",3510,"cauc","female",35,"yes","no","yes",46
"chicago",3512,"cauc","male",52,"no","yes","no",90
"chicago",3502,"cauc","male",27,"no","no","yes",56
"chicago",3508,"afam","female",42,"no","no","no",184
"chicago",3508,"afam","male",51,"no","no","no",171
"chicago",3507,"cauc","female",25,"no","no","no",2
"chicago",3510,"cauc","female",33,"yes","no","yes",52
"chicago",3502,"cauc","male",36,"yes","no","yes",141
"chicago",3502,"cauc","female",35,"yes","no","yes",118
"chicago",3514,"afam","female",29,"yes","no","yes",35
"chicago",3507,"afam","female",43,"no","no","no",145
"chicago",3507,"afam","male",28,"no","no","no",264
"chicago",3513,"cauc","male",40,"no","no","no",126
"chicago",3508,"afam","female",39,"no","no","no",79
"chicago",3508,"afam","male",44,"no","no","no",67
"chicago",3518,"afam","male",34,"no","no","yes",179
"chicago",3515,"afam","female",45,"no","no","yes",95
"chicago",3509,"cauc","female",26,"yes","no","yes",56
"chicago",3509,"cauc","male",26,"yes","no","yes",92
"chicago",3516,"afam","male",43,"no","no","no",335
"chicago",3502,"cauc","male",34,"yes","no","yes",44
"chicago",3502,"cauc","female",34,"yes","no","yes",47
"chicago",3505,"cauc","female",31,"yes","no","yes",65
"chicago",3505,"cauc","male",28,"yes","no","yes",41
"chicago",3513,"cauc","male",28,"yes","no","yes",168
"chicago",3513,"cauc","female",26,"yes","no","no",184
"chicago",3502,"cauc","male",25,"no","no","yes",65
"chicago",3515,"afam","male",54,"no","yes","no",3
"chicago",3513,"cauc","female",50,"no","no","yes",123
"chicago",3509,"cauc","female",30,"yes","no","yes",76
"chicago",3507,"afam","female",49,"no","no","no",195
"chicago",3507,"afam","male",50,"no","no","no",232
"chicago",3518,"afam","male",51,"no","no","no",40
"chicago",3518,"afam","female",52,"yes","no","yes",35
"chicago",3518,"afam","male",31,"yes","no","yes",94
"chicago",3518,"afam","male",26,"no","no","yes",85
"chicago",3503,"cauc","female",29,"no","no","yes",158
"chicago",3503,"cauc","male",31,"no","no","yes",221
"chicago",3504,"cauc","female",41,"yes","no","yes",37
"chicago",3510,"cauc","female",25,"yes","no","yes",345
"chicago",3510,"cauc","male",25,"yes","no","yes",389
"chicago",3509,"cauc","female",31,"yes","no","yes",114
"chicago",3517,"afam","male",30,"no","no","yes",164
"chicago",3508,"afam","female",43,"no","no","no",12
"chicago",3514,"afam","male",48,"no","no","yes",35
"chicago",3514,"afam","female",49,"no","no","yes",30
"chicago",3514,"afam","female",26,"no","no","yes",47
"chicago",3516,"afam","female",48,"no","no","yes",84
"chicago",3510,"afam","male",25,"no","no","yes",177
"chicago",3515,"afam","male",41,"yes","no","yes",70
"chicago",3512,"cauc","female",52,"no","no","no",61
"chicago",3508,"afam","female",48,"no","no","yes",164
"chicago",3510,"cauc","female",46,"no","no","yes",175
"chicago",3510,"cauc","male",49,"no","no","yes",199
"chicago",3515,"afam","female",50,"no","no","no",204
"chicago",3503,"cauc","male",52,"yes","no","yes",57
"chicago",3503,"cauc","female",52,"yes","no","yes",70
"chicago",3508,"afam","female",37,"no","no","no",87
"chicago",3505,"cauc","male",42,"yes","no","yes",104
"chicago",3505,"cauc","female",43,"no","no","no",83
"chicago",3507,"cauc","male",49,"no","no","no",53
"chicago",3516,"afam","female",30,"no","no","yes",188
"chicago",3502,"cauc","female",26,"yes","no","yes",68
"chicago",3510,"afam","female",42,"yes","no","yes",65
"chicago",3502,"cauc","female",37,"yes","no","no",63
"chicago",3502,"cauc","male",43,"yes","no","yes",76
"chicago",3513,"cauc","male",54,"no","no","yes",56
"chicago",3513,"cauc","female",53,"no","no","no",53
"chicago",3513,"cauc","male",30,"no","no","no",86
"chicago",3513,"cauc","male",25,"no","no","no",58
"chicago",3517,"cauc","female",40,"no","no","yes",155
"chicago",3517,"cauc","male",41,"no","no","yes",162
"chicago",3502,"cauc","female",25,"yes","no","yes",31
"chicago",3502,"cauc","male",25,"yes","no","yes",32
"chicago",3509,"cauc","male",35,"yes","no","no",82
"chicago",3505,"cauc","male",48,"no","no","yes",349
"chicago",3505,"cauc","female",36,"no","no","no",339
"chicago",3514,"afam","female",44,"yes","no","yes",66
"chicago",3514,"afam","female",44,"no","no","yes",146
"chicago",3503,"cauc","male",40,"yes","no","yes",134
"chicago",3503,"cauc","female",34,"no","no","yes",116
"chicago",3509,"cauc","male",29,"yes","no","yes",73
"chicago",3509,"cauc","female",30,"yes","no","yes",83
"chicago",3515,"afam","female",32,"yes","no","yes",37
"chicago",3510,"afam","male",47,"no","no","no",47
"chicago",3509,"cauc","male",47,"no","no","yes",256
"chicago",3502,"cauc","male",39,"yes","no","yes",52
"chicago",3502,"cauc","female",32,"yes","no","no",48
"chicago",3514,"afam","female",31,"yes","no","yes",30
"chicago",3514,"afam","male",31,"yes","no","no",42
"chicago",3519,"afam","male",43,"no","no","no",181
"chicago",3503,"cauc","female",30,"yes","no","no",31
"chicago",3509,"cauc","male",35,"yes","no","yes",67
"chicago",3509,"cauc","female",34,"yes","no","yes",64
"chicago",3510,"cauc","female",34,"no","no","no",64
"chicago",3502,"cauc","female",26,"yes","no","yes",43
"chicago",3502,"afam","female",39,"yes","no","yes",202
"chicago",3502,"cauc","male",28,"no","no","yes",137
"chicago",3502,"cauc","male",29,"yes","no","yes",214
"chicago",3502,"cauc","female",27,"yes","no","yes",224
"chicago",3502,"cauc","female",26,"yes","no","yes",157
"chicago",3514,"afam","female",40,"no","no","yes",32
"chicago",3508,"cauc","male",28,"no","no","yes",62
"chicago",3518,"afam","male",30,"yes","no","yes",55
"chicago",3514,"cauc","female",50,"yes","no","yes",40
"chicago",3512,"afam","female",40,"no","no","no",60
"chicago",3514,"cauc","male",33,"yes","no","yes",90
"chicago",3514,"cauc","female",29,"yes","no","no",51
"chicago",3516,"afam","male",39,"no","no","no",96
"chicago",3508,"cauc","female",43,"yes","no","yes",38
"chicago",3507,"afam","female",26,"no","no","yes",170
"chicago",3507,"afam","female",39,"no","no","yes",64
"chicago",3507,"afam","male",45,"no","no","yes",69
"chicago",3501,"cauc","male",51,"yes","no","yes",65
"chicago",3510,"cauc","male",30,"yes","no","yes",106
"chicago",3516,"afam","female",29,"yes","no","yes",320
"chicago",3516,"afam","male",30,"no","no","yes",351
"chicago",3509,"cauc","female",27,"yes","no","yes",184
"chicago",3518,"afam","female",32,"no","no","yes",105
"chicago",3518,"afam","male",42,"no","no","yes",141
"chicago",3517,"afam","female",35,"no","no","yes",200
"chicago",3510,"cauc","female",46,"yes","no","yes",155
"chicago",3509,"cauc","female",29,"yes","no","yes",102
"chicago",3509,"cauc","male",29,"yes","no","yes",105
"chicago",3510,"cauc","male",45,"no","no","yes",55
"chicago",3512,"cauc","female",50,"no","no","yes",48
"chicago",3502,"cauc","female",25,"yes","no","yes",165
"chicago",3503,"cauc","female",52,"no","no","no",60
"chicago",3509,"cauc","male",32,"no","no","no",74
"chicago",3504,"cauc","male",38,"no","no","yes",248
"chicago",3504,"cauc","female",29,"yes","no","no",231
"chicago",3504,"cauc","female",52,"no","no","no",384
"chicago",3512,"cauc","female",51,"no","no","no",59
"chicago",3515,"cauc","male",40,"yes","no","yes",288
"chicago",3510,"cauc","male",44,"yes","no","yes",94
"chicago",3501,"cauc","male",28,"yes","no","yes",380
"chicago",3517,"cauc","male",45,"no","no","yes",75
"chicago",3517,"cauc","female",50,"no","no","yes",65
"chicago",3515,"afam","female",32,"no","no","yes",156
"chicago",3512,"cauc","female",47,"no","no","yes",60
"chicago",3515,"afam","female",36,"yes","no","yes",122
"chicago",3503,"afam","male",54,"no","no","no",16
"chicago",3516,"afam","female",43,"no","no","no",96
"chicago",3502,"cauc","female",43,"yes","no","yes",385
"chicago",3514,"afam","female",49,"no","no","yes",49
"chicago",3502,"cauc","female",28,"yes","no","yes",163
"chicago",3513,"cauc","female",54,"no","no","yes",45
"chicago",3506,"cauc","male",25,"no","no","no",115
"chicago",3501,"cauc","female",28,"yes","no","yes",170
"chicago",3502,"cauc","male",29,"yes","no","yes",49
"chicago",3510,"cauc","female",26,"yes","no","yes",250
"chicago",3510,"cauc","female",27,"yes","no","yes",308
"chicago",3509,"cauc","male",47,"yes","no","yes",35
"chicago",3509,"cauc","male",37,"no","no","yes",62
"chicago",3508,"afam","male",37,"no","no","no",134
"chicago",3516,"afam","male",54,"no","no","no",121
"chicago",3516,"afam","female",54,"no","no","no",84
"chicago",3510,"cauc","female",32,"yes","no","yes",34
"chicago",3510,"cauc","male",26,"yes","no","yes",194
"chicago",3508,"afam","female",48,"no","no","no",52
"chicago",3509,"cauc","male",27,"yes","no","yes",140
"chicago",3514,"cauc","male",31,"yes","no","yes",102
"chicago",3514,"cauc","female",32,"yes","no","yes",83
"chicago",3515,"afam","female",53,"no","no","yes",147
"chicago",3515,"afam","female",27,"no","no","no",219
"chicago",3504,"cauc","female",51,"yes","no","yes",41
"chicago",3504,"cauc","male",54,"yes","no","yes",34
"chicago",3518,"afam","female",41,"no","no","no",51
"chicago",3514,"cauc","female",50,"no","no","yes",102
"chicago",3514,"cauc","female",42,"no","no","yes",143
"chicago",3512,"afam","female",33,"no","no","yes",113
"chicago",3515,"afam","female",51,"no","no","no",6
"chicago",3508,"cauc","female",33,"no","no","yes",60
"chicago",3517,"cauc","male",46,"yes","no","yes",62
"chicago",3517,"cauc","female",45,"yes","no","yes",72
"chicago",3502,"cauc","female",26,"yes","no","yes",69
"chicago",3502,"cauc","male",30,"no","no","yes",73
"chicago",3508,"afam","female",29,"no","no","no",104
"chicago",3508,"afam","female",43,"no","no","yes",52
"chicago",3513,"cauc","male",54,"no","no","no",77
"chicago",3513,"cauc","female",49,"no","no","yes",71
"chicago",3503,"cauc","female",34,"no","no","yes",32
"chicago",3505,"cauc","male",38,"no","no","yes",90
"chicago",3502,"cauc","male",33,"yes","no","yes",243
"chicago",3515,"afam","female",46,"yes","no","yes",205
"chicago",3517,"cauc","female",54,"yes","no","yes",36
"chicago",3508,"afam","female",30,"no","no","yes",57
"chicago",3502,"cauc","female",54,"yes","no","yes",92
"chicago",3505,"cauc","male",40,"no","no","no",264
"chicago",3505,"cauc","male",38,"no","no","no",265
"chicago",3502,"cauc","female",52,"yes","no","yes",111
"chicago",3518,"afam","female",48,"no","no","yes",200
"chicago",3518,"afam","male",49,"no","no","yes",269
"chicago",3509,"cauc","male",34,"yes","no","yes",38
"chicago",3503,"cauc","female",35,"yes","no","yes",96
"chicago",3515,"afam","female",54,"no","no","yes",55
"chicago",3515,"afam","male",51,"no","no","no",56
"chicago",3518,"afam","female",26,"no","no","yes",219
"chicago",3509,"cauc","male",31,"no","no","yes",41
"chicago",3509,"cauc","female",30,"yes","no","no",39
"chicago",3510,"cauc","male",50,"yes","no","yes",232
"chicago",3510,"cauc","female",45,"yes","no","yes",179
"chicago",3510,"afam","male",49,"yes","no","no",143
"chicago",3509,"cauc","female",40,"yes","no","yes",60
"chicago",3508,"afam","female",52,"no","no","no",40
"chicago",3518,"afam","female",38,"no","no","yes",206
"chicago",3515,"afam","male",25,"no","no","no",146
"chicago",3502,"cauc","male",39,"yes","no","yes",37
"chicago",3502,"cauc","female",34,"yes","no","yes",38
"chicago",3517,"cauc","male",50,"no","no","yes",112
"chicago",3517,"cauc","female",52,"yes","no","yes",85
"chicago",3509,"cauc","female",25,"yes","no","yes",66
"chicago",3515,"afam","male",54,"no","no","no",96
"chicago",3515,"afam","female",36,"no","no","no",91
"chicago",3505,"cauc","male",31,"yes","no","no",238
"chicago",3505,"cauc","female",36,"yes","no","no",183
"chicago",3509,"cauc","female",32,"yes","no","yes",37
"chicago",3502,"cauc","male",27,"yes","no","yes",55
"chicago",3502,"cauc","male",27,"yes","no","yes",85
"chicago",3502,"cauc","male",27,"yes","no","yes",86
"chicago",3502,"cauc","male",27,"yes","no","yes",87
"chicago",3508,"afam","female",44,"no","no","yes",43
"chicago",3509,"cauc","male",30,"yes","no","yes",49
"chicago",3517,"cauc","female",27,"yes","no","no",58
"chicago",3515,"afam","male",48,"no","no","yes",91
"chicago",3514,"afam","female",40,"no","no","no",75
"chicago",3514,"afam","male",38,"no","no","yes",89
"chicago",3502,"cauc","female",46,"yes","no","no",62
"chicago",3509,"cauc","female",27,"yes","no","yes",38
"chicago",3509,"cauc","male",25,"yes","no","yes",42
"chicago",3501,"afam","female",35,"no","no","no",74
"chicago",3517,"afam","female",35,"yes","no","yes",162
"chicago",3514,"afam","male",43,"no","yes","yes",113
"chicago",3508,"afam","female",50,"no","no","no",129
"chicago",3502,"cauc","female",37,"yes","no","no",323
"chicago",3502,"cauc","male",54,"yes","no","yes",299
"chicago",3503,"cauc","male",25,"yes","no","no",43
"chicago",3505,"cauc","male",40,"no","no","yes",220
"chicago",3505,"cauc","female",38,"no","no","yes",265
"chicago",3518,"afam","female",41,"yes","no","no",84
"chicago",3502,"cauc","male",25,"yes","no","yes",54
"chicago",3517,"afam","male",50,"yes","no","yes",110
"chicago",3517,"afam","female",51,"no","no","yes",95
"chicago",3517,"afam","male",27,"yes","no","yes",165
"chicago",3515,"afam","male",41,"no","no","yes",65
"chicago",3514,"cauc","male",42,"yes","no","yes",116
"chicago",3514,"cauc","female",36,"yes","no","no",98
"chicago",3507,"afam","female",28,"no","no","yes",73
"chicago",3507,"afam","male",48,"no","no","no",150
"chicago",3503,"cauc","female",31,"yes","no","yes",43
"chicago",3503,"cauc","male",30,"yes","no","yes",53
"chicago",3509,"cauc","male",43,"yes","no","yes",44
"chicago",3502,"cauc","female",32,"yes","no","yes",127
"chicago",3509,"cauc","female",28,"yes","no","yes",60
"chicago",3501,"cauc","male",39,"no","no","yes",63
"chicago",3501,"cauc","female",36,"no","no","yes",78
"chicago",3517,"afam","female",50,"no","no","yes",348
"chicago",3503,"cauc","male",39,"yes","no","yes",58
"chicago",3503,"afam","male",39,"no","no","yes",84
"chicago",3503,"cauc","male",33,"yes","no","yes",65
"chicago",3503,"cauc","female",33,"yes","no","yes",51
"chicago",3516,"afam","male",53,"no","no","no",160
"chicago",3505,"cauc","female",54,"yes","no","yes",123
"chicago",3508,"afam","male",37,"no","no","yes",92
"chicago",3508,"afam","female",36,"no","no","no",82
"chicago",3516,"afam","female",50,"no","no","yes",308
"chicago",3516,"afam","male",26,"no","no","yes",569
"chicago",3502,"cauc","male",46,"yes","no","no",713
"chicago",3501,"cauc","male",29,"yes","no","yes",64
"chicago",3501,"cauc","female",36,"yes","no","yes",114
"chicago",3501,"cauc","male",32,"yes","no","yes",122
"chicago",3509,"cauc","male",47,"no","no","no",34
"chicago",3509,"cauc","female",49,"yes","no","yes",31
"chicago",3502,"cauc","female",26,"yes","no","yes",302
"chicago",3510,"cauc","male",31,"no","no","yes",79
"chicago",3510,"cauc","female",25,"yes","no","yes",61
"chicago",3516,"afam","male",35,"no","no","yes",63
"chicago",3516,"afam","male",43,"no","no","yes",63
"chicago",3514,"cauc","male",52,"no","no","yes",63
"chicago",3502,"cauc","male",42,"yes","no","yes",68
"chicago",3502,"cauc","female",43,"yes","no","no",56
"chicago",3512,"afam","female",31,"no","no","yes",106
"chicago",3512,"afam","male",33,"no","no","no",192
"chicago",3507,"afam","male",34,"no","no","no",98
"chicago",3503,"cauc","male",50,"yes","no","yes",34
"chicago",3514,"afam","male",52,"yes","no","yes",93
"chicago",3509,"cauc","male",47,"no","no","yes",108
"chicago",3509,"cauc","female",46,"no","no","yes",101
"chicago",3509,"cauc","male",39,"yes","no","yes",72
"chicago",3509,"cauc","female",35,"yes","no","yes",62
"chicago",3507,"afam","male",42,"no","no","yes",107
"chicago",3504,"cauc","female",53,"no","no","yes",78
"chicago",3512,"cauc","female",52,"no","no","yes",38
"chicago",3505,"cauc","male",49,"no","no","yes",113
"chicago",3505,"cauc","male",52,"no","no","no",172
"chicago",3503,"cauc","female",32,"yes","no","yes",113
"chicago",3502,"cauc","female",41,"no","no","yes",86
"chicago",3507,"afam","female",42,"no","no","yes",123
"chicago",3510,"afam","female",39,"no","no","yes",50
"chicago",3510,"afam","male",37,"no","no","yes",68
"chicago",3509,"cauc","male",32,"yes","no","yes",234
"chicago",3501,"cauc","male",28,"no","no","yes",190
"chicago",3510,"cauc","female",42,"yes","no","yes",202
"chicago",3519,"afam","female",50,"yes","no","no",134
"chicago",3509,"cauc","male",52,"yes","no","yes",65
"chicago",3510,"afam","female",25,"yes","no","no",52
"chicago",3510,"afam","male",28,"yes","no","yes",39
"chicago",3503,"cauc","male",32,"yes","no","yes",266
"chicago",3515,"afam","female",37,"no","no","yes",38
"chicago",3514,"afam","female",50,"no","no","yes",24
"chicago",3510,"cauc","male",52,"yes","no","yes",37
"chicago",3507,"afam","male",30,"no","no","no",61
"chicago",3516,"afam","female",48,"no","no","yes",232
"chicago",3501,"cauc","female",25,"yes","no","no",71
"chicago",3501,"cauc","female",25,"yes","no","yes",91
"chicago",3501,"cauc","female",25,"yes","no","yes",91
"chicago",3501,"cauc","male",25,"yes","no","yes",65
"chicago",3509,"afam","male",48,"no","no","no",54
"chicago",3509,"cauc","male",38,"yes","no","yes",41
"chicago",3502,"cauc","male",36,"no","no","no",292
"chicago",3515,"afam","female",42,"no","no","no",50
"chicago",3515,"afam","female",51,"no","no","no",53
"chicago",3514,"afam","male",42,"yes","no","yes",118
"chicago",3508,"afam","female",52,"no","no","yes",35
"chicago",3510,"cauc","male",27,"yes","no","no",48
"chicago",3513,"afam","female",35,"no","no","yes",98
"chicago",3509,"cauc","male",35,"yes","no","no",69
"chicago",3509,"cauc","female",34,"yes","no","yes",64
"chicago",3515,"afam","male",46,"no","no","yes",121
"chicago",3515,"afam","male",44,"no","no","no",152
"chicago",3510,"cauc","female",27,"yes","no","yes",32
"chicago",3507,"afam","female",48,"no","no","yes",241
"chicago",3506,"cauc","female",50,"no","no","no",71
"chicago",3516,"afam","female",27,"no","no","no",93
"chicago",3508,"afam","female",52,"no","no","no",124
"chicago",3508,"afam","male",30,"no","no","yes",197
"chicago",3508,"afam","female",30,"no","no","no",172
"chicago",3518,"afam","female",29,"yes","no","yes",30
"chicago",3518,"afam","male",39,"no","no","no",56
"chicago",3505,"cauc","female",30,"yes","no","no",69
"chicago",3505,"cauc","male",34,"no","no","yes",76
"chicago",3516,"afam","female",44,"no","no","no",105
"chicago",3505,"cauc","male",41,"yes","no","no",135
"chicago",3505,"cauc","male",50,"no","no","yes",109
"chicago",3505,"cauc","male",26,"no","no","no",123
"chicago",3517,"cauc","male",50,"no","no","yes",55
"chicago",3516,"afam","male",49,"no","no","no",123
"chicago",3514,"afam","female",51,"yes","no","no",45
"chicago",3509,"cauc","female",38,"yes","no","yes",122
"chicago",3509,"cauc","male",40,"yes","no","yes",147
"chicago",3509,"cauc","female",52,"yes","no","yes",49
"chicago",3513,"cauc","male",40,"yes","no","yes",58
"chicago",3513,"cauc","female",38,"yes","no","no",56
"chicago",3504,"cauc","female",27,"yes","no","yes",87
"chicago",3501,"cauc","male",41,"yes","no","yes",141
"chicago",3516,"afam","female",43,"no","no","no",210
"chicago",3516,"afam","male",43,"no","no","no",229
"chicago",3516,"afam","female",44,"no","no","yes",75
"chicago",3516,"afam","male",46,"no","no","no",105
"chicago",3519,"afam","male",31,"no","no","no",205
"chicago",3508,"afam","female",44,"no","no","no",108
"chicago",3507,"afam","female",42,"no","no","yes",161
"chicago",3509,"cauc","female",38,"yes","no","yes",57
"chicago",3505,"cauc","male",49,"yes","no","yes",98
"chicago",3505,"cauc","female",51,"yes","no","no",92
"chicago",3508,"afam","female",35,"no","no","no",69
"chicago",3501,"afam","female",46,"yes","no","yes",91
"chicago",3516,"afam","female",32,"no","no","yes",125
"chicago",3503,"cauc","female",31,"yes","no","yes",57
"chicago",3509,"cauc","male",33,"yes","no","yes",118
"chicago",3509,"cauc","female",31,"yes","no","yes",110
"chicago",3509,"cauc","female",52,"yes","no","yes",43
"chicago",3518,"afam","female",47,"no","no","yes",235
"chicago",3502,"cauc","male",40,"yes","no","yes",40
"chicago",3502,"cauc","female",40,"yes","no","no",35
"chicago",3509,"cauc","female",38,"yes","no","yes",59
"chicago",3518,"afam","male",40,"no","no","no",157
"chicago",3503,"cauc","male",34,"no","no","yes",50
"chicago",3503,"cauc","female",27,"no","no","yes",34
"chicago",3509,"cauc","male",41,"yes","no","yes",36
"chicago",3509,"cauc","female",37,"yes","no","yes",31
"chicago",3510,"afam","female",44,"yes","no","yes",471
"chicago",3510,"afam","male",44,"yes","no","yes",626
"chicago",3508,"afam","female",43,"no","no","no",90
"chicago",3503,"cauc","male",44,"yes","no","yes",133
"chicago",3503,"cauc","male",38,"yes","no","yes",223
"chicago",3504,"cauc","male",30,"yes","no","yes",104
"chicago",3504,"cauc","female",28,"yes","no","yes",78
"chicago",3515,"afam","female",28,"yes","no","yes",55
"chicago",3502,"cauc","male",36,"yes","no","yes",100
"chicago",3502,"cauc","female",32,"yes","no","yes",93
"chicago",3503,"cauc","male",52,"yes","no","yes",62
"chicago",3503,"cauc","female",48,"yes","no","yes",55
"chicago",3513,"cauc","female",37,"no","no","yes",385
"chicago",3505,"cauc","male",51,"no","no","yes",146
"chicago",3505,"cauc","female",49,"no","no","yes",123
"chicago",3505,"cauc","male",51,"yes","no","yes",115
"chicago",3505,"cauc","female",48,"no","no","no",98
"chicago",3516,"afam","female",37,"no","no","no",100
"chicago",3514,"afam","male",37,"no","no","yes",107
"chicago",3506,"cauc","male",47,"yes","no","yes",51
"chicago",3507,"afam","female",43,"no","no","yes",145
"chicago",3507,"afam","male",36,"no","no","yes",104
"chicago",3515,"afam","female",47,"no","no","no",78
"chicago",3517,"cauc","male",54,"yes","yes","yes",53
"chicago",3503,"cauc","female",27,"yes","no","yes",32
"chicago",3510,"cauc","male",43,"yes","no","yes",41
"chicago",3504,"cauc","male",30,"yes","no","no",127
"chicago",3504,"cauc","female",29,"yes","no","yes",93
"chicago",3502,"cauc","male",31,"yes","no","yes",32
"chicago",3510,"cauc","male",52,"yes","no","yes",224
"chicago",3510,"cauc","female",51,"no","no","yes",207
"chicago",3503,"cauc","male",45,"no","no","yes",221
"chicago",3503,"cauc","female",39,"no","no","yes",243
"chicago",3517,"afam","female",39,"no","no","yes",223
"chicago",3518,"afam","male",54,"no","no","no",36
"chicago",3515,"afam","male",31,"yes","no","yes",40
"chicago",3515,"afam","female",30,"yes","no","yes",35
"chicago",3514,"afam","male",36,"no","no","no",79
"chicago",3503,"cauc","male",34,"yes","no","yes",58
"chicago",3503,"cauc","female",35,"yes","no","no",47
"chicago",3515,"afam","female",38,"no","no","no",83
"chicago",3515,"afam","male",39,"no","no","yes",86
"chicago",3502,"cauc","female",33,"yes","no","yes",85
"chicago",3513,"afam","male",54,"no","no","no",89
"chicago",3519,"afam","female",47,"no","no","no",41
"chicago",3519,"afam","female",30,"no","no","no",85
"chicago",3516,"afam","female",54,"no","no","no",56
"chicago",3513,"cauc","male",41,"yes","no","yes",62
"chicago",3513,"cauc","female",37,"yes","no","yes",59
"chicago",3506,"cauc","male",38,"no","no","yes",425
"chicago",3512,"afam","male",53,"no","yes","no",49
"chicago",3515,"afam","female",36,"no","no","no",67
"chicago",3512,"afam","male",35,"yes","no","yes",192
"chicago",3505,"cauc","female",32,"yes","no","yes",109
"chicago",3505,"cauc","male",31,"yes","no","yes",117
"chicago",3501,"afam","male",51,"no","no","no",55
"chicago",3511,"cauc","male",25,"no","no","no",27
"chicago",3507,"afam","female",38,"yes","no","yes",66
"chicago",3504,"cauc","male",34,"yes","no","yes",159
"chicago",3504,"cauc","female",34,"yes","no","no",131
"chicago",3509,"afam","female",26,"yes","no","no",242
"chicago",3515,"afam","male",52,"no","no","yes",102
"chicago",3504,"cauc","male",41,"yes","no","no",41
"chicago",3513,"afam","male",33,"no","no","no",330
"chicago",3515,"afam","male",46,"no","no","yes",131
"chicago",3519,"cauc","female",37,"yes","no","yes",123
"chicago",3519,"cauc","male",39,"yes","no","yes",114
"chicago",3509,"cauc","male",26,"no","no","yes",197
"chicago",3501,"cauc","male",33,"no","no","yes",113
"chicago",3515,"afam","male",28,"no","no","yes",46
"chicago",3509,"cauc","male",52,"no","no","yes",68
"chicago",3510,"afam","female",49,"yes","no","yes",28
"chicago",3509,"cauc","male",38,"yes","no","yes",148
"chicago",3503,"cauc","male",37,"yes","no","yes",72
"chicago",3503,"cauc","female",32,"yes","no","yes",63
"chicago",3510,"afam","female",51,"yes","no","yes",27
"chicago",3510,"afam","female",25,"no","no","no",40
"chicago",3502,"cauc","female",31,"yes","no","yes",41
"chicago",3502,"cauc","female",31,"yes","no","yes",65
"chicago",3502,"cauc","female",54,"yes","no","yes",65
"chicago",3510,"afam","female",40,"no","no","no",146
"chicago",3515,"afam","male",50,"no","no","yes",150
"chicago",3515,"afam","female",52,"no","no","yes",53
"chicago",3515,"afam","male",41,"no","yes","yes",52
"chicago",3515,"afam","female",48,"no","no","yes",77
"chicago",3506,"afam","female",29,"no","no","yes",73
"chicago",3502,"cauc","female",47,"yes","no","no",262
"chicago",3508,"afam","male",29,"no","no","yes",82
"chicago",3508,"afam","male",28,"no","no","no",122
"chicago",3508,"afam","female",25,"no","no","no",93
"chicago",3518,"afam","female",25,"yes","no","yes",168
"chicago",3510,"cauc","female",46,"yes","no","yes",147
"chicago",3506,"cauc","female",32,"yes","no","no",134
"chicago",3502,"cauc","female",30,"yes","no","yes",203
"chicago",3519,"afam","male",27,"no","no","yes",57
"chicago",3507,"afam","female",36,"no","no","yes",178
"chicago",3507,"afam","male",37,"no","no","yes",210
"chicago",3517,"afam","male",28,"no","no","no",555
"chicago",3512,"afam","female",47,"no","no","yes",145
"chicago",3512,"afam","male",25,"no","no","yes",220
"chicago",3512,"cauc","female",25,"no","no","yes",256
"chicago",3519,"afam","female",43,"no","no","yes",148
"chicago",3515,"afam","male",31,"no","no","yes",110
"chicago",3508,"afam","female",46,"no","no","no",72
"chicago",3509,"cauc","female",32,"no","no","yes",58
"chicago",3516,"afam","female",47,"no","no","no",41
"chicago",3502,"cauc","male",41,"yes","no","yes",57
"chicago",3502,"cauc","female",42,"yes","no","yes",50
"chicago",3518,"afam","female",26,"no","no","no",38
"chicago",3501,"cauc","female",30,"yes","no","yes",110
"chicago",3503,"cauc","male",29,"yes","no","yes",45
"chicago",3503,"cauc","female",28,"yes","no","yes",38
"chicago",3516,"afam","male",44,"no","no","yes",87
"chicago",3508,"afam","male",47,"no","no","yes",206
"chicago",3501,"cauc","female",27,"yes","no","yes",643
"chicago",3507,"afam","male",52,"no","no","no",206
"chicago",3507,"afam","female",53,"no","no","no",204
"chicago",3507,"afam","female",51,"no","no","no",151
"chicago",3510,"cauc","male",46,"yes","no","yes",281
"chicago",3510,"cauc","female",30,"yes","no","yes",315
"chicago",3518,"afam","female",30,"no","no","no",340
"chicago",3503,"cauc","female",28,"yes","no","yes",195
"chicago",3503,"cauc","male",25,"yes","no","yes",223
"chicago",3510,"afam","female",49,"no","no","no",35
"chicago",3508,"afam","female",32,"no","no","no",113
"chicago",3510,"afam","male",54,"no","no","no",29
"chicago",3507,"afam","female",53,"no","no","no",3
"chicago",3510,"cauc","female",45,"no","no","yes",120
"chicago",3503,"cauc","female",50,"yes","no","no",95
"chicago",3516,"afam","male",34,"no","no","yes",48
"chicago",3502,"cauc","male",47,"yes","no","yes",176
"chicago",3515,"afam","male",28,"no","no","no",239
"chicago",3510,"cauc","male",27,"yes","yes","no",82
"chicago",3509,"cauc","male",28,"yes","no","yes",45
"chicago",3502,"cauc","male",29,"yes","no","yes",70
"chicago",3515,"afam","male",52,"no","no","yes",198
"chicago",3518,"afam","female",25,"yes","no","yes",254
"chicago",3518,"afam","female",45,"yes","no","yes",381
"chicago",3502,"cauc","female",35,"yes","no","yes",134
"chicago",3510,"cauc","male",49,"yes","no","yes",71
"chicago",3510,"cauc","female",53,"yes","no","yes",73
"chicago",3512,"afam","female",48,"no","no","yes",81
"chicago",3512,"afam","male",27,"no","no","no",124
"chicago",3516,"afam","female",28,"no","no","yes",185
"chicago",3504,"cauc","female",25,"yes","no","yes",82
"chicago",3504,"cauc","female",28,"yes","no","yes",130
"chicago",3502,"cauc","female",31,"yes","no","yes",53
"chicago",3502,"cauc","male",29,"yes","no","yes",43
"chicago",3517,"afam","male",50,"yes","no","yes",132
"chicago",3517,"afam","female",51,"no","no","yes",142
"chicago",3506,"cauc","male",48,"no","yes","yes",213
"chicago",3506,"cauc","female",48,"yes","no","yes",113
"chicago",3503,"cauc","female",47,"yes","no","yes",54
"chicago",3503,"cauc","male",49,"no","no","yes",49
"chicago",3509,"cauc","female",40,"yes","no","yes",131
"chicago",3502,"cauc","female",27,"yes","no","yes",62
"chicago",3502,"cauc","male",27,"yes","no","yes",59
"chicago",3514,"afam","male",54,"no","no","no",93
"chicago",3504,"cauc","male",35,"no","no","yes",75
"chicago",3504,"cauc","female",30,"no","no","yes",114
"chicago",3505,"cauc","male",43,"yes","no","yes",156
"chicago",3505,"cauc","female",47,"no","no","yes",108
"chicago",3509,"cauc","male",25,"no","no","yes",188
"chicago",3509,"cauc","female",25,"no","no","yes",188
"chicago",3509,"cauc","male",46,"yes","no","yes",50
"chicago",3509,"cauc","female",40,"yes","no","yes",50
"chicago",3509,"cauc","male",32,"yes","no","yes",84
"chicago",3509,"cauc","female",31,"no","no","yes",79
"chicago",3501,"cauc","female",27,"yes","no","yes",102
"chicago",3501,"cauc","male",39,"yes","no","yes",110
"chicago",3501,"cauc","female",39,"yes","no","yes",442
"chicago",3501,"cauc","male",26,"yes","no","yes",398
"chicago",3509,"cauc","male",43,"no","no","yes",71
"chicago",3517,"cauc","female",41,"yes","no","yes",50
"chicago",3502,"cauc","male",29,"yes","no","yes",40
"chicago",3506,"cauc","female",27,"yes","no","yes",75
"chicago",3502,"cauc","female",34,"yes","no","yes",204
"chicago",3502,"cauc","male",34,"yes","no","yes",186
"chicago",3508,"afam","female",31,"no","no","no",43
"chicago",3508,"afam","male",33,"no","no","no",75
"chicago",3512,"cauc","female",53,"yes","no","yes",79
"chicago",3505,"cauc","male",40,"no","no","yes",71
"chicago",3505,"cauc","female",41,"yes","no","no",55
"chicago",3502,"cauc","male",29,"yes","no","no",37
"chicago",3502,"cauc","female",26,"yes","no","yes",59
"chicago",3502,"cauc","female",41,"yes","no","yes",62
"chicago",3502,"cauc","male",35,"yes","no","yes",215
"chicago",3502,"cauc","male",33,"yes","no","yes",185
"chicago",3512,"cauc","male",31,"no","no","yes",79
"chicago",3512,"cauc","male",29,"no","no","yes",54
"chicago",3514,"afam","female",41,"yes","no","yes",51
"chicago",3508,"afam","female",35,"no","no","yes",133
"chicago",3508,"afam","male",35,"no","no","no",139
"chicago",3515,"afam","male",45,"no","no","no",73
"chicago",3504,"cauc","female",50,"yes","no","yes",74
"chicago",3509,"cauc","male",53,"yes","no","yes",192
"chicago",3509,"cauc","female",53,"yes","no","yes",206
"chicago",3514,"cauc","male",31,"yes","no","yes",103
"chicago",3517,"afam","female",27,"yes","no","yes",295
"chicago",3517,"cauc","female",50,"yes","no","no",67
"chicago",3509,"cauc","female",30,"yes","no","yes",77
"chicago",3509,"cauc","female",30,"yes","no","no",61
"chicago",3514,"cauc","female",28,"yes","no","yes",30
"chicago",3503,"cauc","female",32,"yes","no","yes",251
"chicago",3503,"cauc","female",33,"yes","no","yes",430
"chicago",3514,"afam","female",46,"no","no","no",63
"chicago",3510,"cauc","male",38,"yes","no","yes",214
"chicago",3510,"cauc","female",30,"yes","no","yes",211
"chicago",3509,"cauc","female",39,"yes","no","yes",104
"chicago",3509,"cauc","male",34,"yes","no","yes",128
"chicago",3510,"afam","female",34,"no","no","yes",79
"chicago",3514,"afam","female",37,"yes","no","yes",64
"chicago",3502,"cauc","female",30,"yes","no","yes",40
"chicago",3516,"afam","female",54,"no","no","no",30
"chicago",3516,"afam","male",31,"no","no","yes",56
"chicago",3516,"afam","female",28,"no","no","no",51
"chicago",3516,"afam","male",49,"no","no","no",65
"chicago",3516,"afam","female",46,"no","no","yes",50
"chicago",3516,"afam","male",30,"no","no","no",56
"chicago",3516,"afam","female",47,"no","no","yes",59
"chicago",3516,"afam","male",50,"no","no","yes",79
"chicago",3502,"cauc","female",37,"no","no","yes",204
"chicago",3502,"cauc","male",34,"yes","no","yes",211
"chicago",3510,"cauc","male",38,"yes","no","yes",296
"chicago",3510,"cauc","female",43,"yes","no","yes",241
"chicago",3509,"afam","male",27,"yes","no","no",2
"chicago",3503,"cauc","female",48,"yes","no","yes",58
"chicago",3503,"cauc","male",45,"no","no","yes",54
"chicago",3515,"afam","male",53,"yes","no","no",285
"chicago",3515,"afam","female",51,"no","no","no",128
"chicago",3510,"cauc","male",40,"yes","no","yes",133
"chicago",3513,"afam","female",53,"no","no","yes",67
"chicago",3504,"cauc","male",25,"yes","no","yes",97
"chicago",3509,"cauc","female",34,"yes","no","yes",37
"chicago",3501,"cauc","female",27,"yes","no","yes",144
"chicago",3501,"cauc","male",25,"yes","no","yes",117
"chicago",3502,"cauc","female",28,"yes","no","yes",59
"chicago",3505,"cauc","male",46,"no","no","yes",98
"chicago",3505,"cauc","female",47,"yes","no","yes",82
"chicago",3519,"afam","male",26,"no","no","no",68
"chicago",3506,"cauc","male",47,"yes","no","yes",53
"chicago",3510,"cauc","male",27,"yes","no","yes",125
"chicago",3510,"cauc","female",27,"no","no","yes",109
"chicago",3506,"cauc","male",39,"yes","no","yes",79
"chicago",3506,"cauc","female",40,"yes","no","no",80
"chicago",3509,"cauc","female",31,"yes","no","no",123
"chicago",3509,"cauc","male",32,"yes","no","yes",137
"chicago",3515,"afam","female",28,"yes","no","yes",155
"chicago",3515,"afam","male",33,"no","no","no",165
"chicago",3514,"afam","female",31,"no","no","yes",118
"chicago",3502,"cauc","female",30,"yes","no","yes",379
"chicago",3509,"cauc","female",25,"yes","no","yes",127
"chicago",3509,"cauc","female",31,"yes","no","yes",68
"chicago",3509,"cauc","male",31,"yes","no","yes",75
"chicago",3510,"afam","female",52,"no","no","yes",32
"chicago",3508,"afam","female",46,"no","no","no",70
"chicago",3510,"cauc","male",48,"yes","yes","yes",239
"chicago",3517,"cauc","female",34,"no","no","yes",48
"chicago",3517,"cauc","male",34,"yes","no","yes",62
"chicago",3517,"afam","female",41,"no","no","yes",304
"chicago",3517,"afam","male",42,"no","no","yes",275
"chicago",3502,"cauc","male",25,"yes","no","yes",50
"chicago",3502,"cauc","male",25,"yes","no","yes",78
"chicago",3503,"cauc","male",28,"yes","no","yes",54
"chicago",3503,"cauc","female",28,"yes","no","yes",45
"chicago",3509,"cauc","female",25,"yes","no","yes",59
"chicago",3509,"cauc","male",25,"yes","no","yes",60
"chicago",3502,"cauc","female",27,"yes","no","yes",69
"chicago",3505,"cauc","female",53,"no","no","yes",53
"chicago",3505,"cauc","male",50,"no","no","yes",60
"chicago",3502,"cauc","male",32,"yes","no","yes",53
"chicago",3502,"cauc","female",30,"yes","no","yes",58
"chicago",3514,"afam","female",31,"yes","no","yes",123
"chicago",3502,"cauc","female",26,"yes","no","yes",289
"chicago",3502,"cauc","female",27,"yes","no","yes",451
"chicago",3510,"afam","male",30,"no","no","yes",71
"chicago",3504,"cauc","male",49,"no","no","yes",77
"chicago",3503,"cauc","male",52,"yes","no","yes",39
"chicago",3503,"cauc","female",51,"yes","no","yes",48
"chicago",3503,"cauc","female",30,"yes","no","no",73
"chicago",3503,"cauc","female",29,"yes","no","yes",111
"chicago",3511,"cauc","male",41,"yes","no","yes",49
"chicago",3516,"afam","male",26,"no","no","no",158
"chicago",3515,"afam","male",39,"yes","no","yes",198
"chicago",3515,"afam","female",53,"yes","no","yes",298
"chicago",3512,"cauc","male",37,"yes","no","yes",71
"chicago",3509,"afam","female",32,"yes","no","yes",125
"chicago",3501,"afam","male",28,"yes","no","yes",196
"chicago",3509,"cauc","female",30,"no","no","no",195
"chicago",3514,"afam","female",34,"yes","no","yes",63
"chicago",3502,"afam","male",39,"yes","no","no",170
"chicago",3509,"cauc","male",29,"yes","no","yes",52
"chicago",3509,"cauc","female",30,"yes","no","yes",85
"chicago",3509,"cauc","male",32,"no","no","yes",134
"chicago",3509,"cauc","female",36,"yes","no","yes",114
"chicago",3501,"cauc","female",52,"yes","no","yes",53
"chicago",3512,"afam","female",38,"yes","no","yes",106
"chicago",3512,"afam","male",41,"yes","no","yes",124
"chicago",3507,"afam","male",45,"no","no","yes",86
"chicago",3502,"cauc","female",32,"yes","no","yes",68
"chicago",3504,"cauc","female",32,"no","no","yes",118
"chicago",3506,"cauc","female",36,"no","no","yes",85
"chicago",3519,"afam","female",50,"no","no","no",142
"chicago",3515,"afam","female",32,"no","no","no",184
"chicago",3517,"cauc","male",54,"yes","no","yes",4
"chicago",3502,"cauc","female",48,"yes","no","no",35
"chicago",3502,"cauc","male",45,"yes","no","yes",45
"chicago",3501,"cauc","male",43,"no","no","no",98
"chicago",3502,"cauc","male",29,"yes","no","yes",47
"chicago",3502,"cauc","male",28,"yes","yes","yes",71
"chicago",3502,"cauc","male",30,"yes","no","yes",79
"chicago",3510,"cauc","male",34,"yes","no","yes",52
"chicago",3510,"cauc","female",30,"yes","no","yes",45
"chicago",3502,"cauc","female",32,"yes","no","yes",38
"chicago",3502,"cauc","male",30,"yes","no","yes",36
"chicago",3515,"afam","male",54,"no","no","yes",59
"chicago",3515,"afam","female",25,"yes","no","yes",88
"chicago",3503,"cauc","male",29,"yes","no","yes",95
"chicago",3509,"cauc","female",40,"yes","no","yes",40
"chicago",3509,"cauc","male",39,"no","no","yes",49
"chicago",3514,"afam","female",39,"no","no","yes",53
"chicago",3510,"cauc","female",48,"no","no","yes",85
"chicago",3510,"cauc","male",48,"no","no","yes",96
"chicago",3502,"cauc","male",26,"yes","no","yes",73
"chicago",3502,"cauc","male",27,"yes","no","yes",114
"chicago",3515,"afam","female",46,"no","no","yes",34
"chicago",3509,"cauc","male",27,"yes","no","yes",137
"chicago",3501,"afam","male",31,"no","no","no",773
"chicago",3508,"afam","male",27,"yes","no","no",115
"chicago",3502,"cauc","female",39,"yes","no","no",680
"chicago",3502,"cauc","male",41,"yes","no","yes",814
"chicago",3502,"cauc","female",25,"yes","no","no",199
"chicago",3502,"cauc","male",34,"yes","no","yes",210
"chicago",3508,"afam","female",51,"yes","no","yes",33
"chicago",3514,"afam","female",40,"yes","no","yes",44
"chicago",3512,"cauc","female",53,"no","no","no",55
"chicago",3512,"cauc","male",46,"no","no","no",63
"chicago",3502,"cauc","male",37,"yes","no","yes",56
"chicago",3509,"afam","female",30,"yes","no","yes",72
"chicago",3509,"cauc","male",30,"no","no","yes",95
"chicago",3507,"afam","male",54,"no","yes","yes",111
"chicago",3507,"afam","female",53,"no","no","yes",109
"chicago",3501,"afam","male",54,"no","no","no",206
"chicago",3508,"afam","female",42,"no","no","yes",157
"chicago",3508,"afam","male",40,"no","no","no",166
"chicago",3509,"cauc","male",29,"yes","no","yes",249
"chicago",3509,"cauc","male",29,"yes","no","yes",388
"chicago",3509,"cauc","female",38,"yes","no","yes",328
"chicago",3512,"afam","female",36,"no","no","yes",133
"chicago",3502,"cauc","male",30,"yes","no","yes",29
"chicago",3502,"cauc","male",26,"yes","no","yes",26
"chicago",3504,"afam","male",46,"no","no","yes",86
"chicago",3504,"afam","male",42,"no","no","yes",136
"chicago",3502,"cauc","female",26,"yes","no","yes",88
"chicago",3502,"cauc","female",26,"yes","no","yes",138
"chicago",3516,"afam","female",52,"no","no","no",80
"chicago",3516,"afam","male",46,"no","no","no",408
"chicago",3512,"afam","male",53,"no","no","yes",68
"chicago",3512,"afam","female",51,"no","no","no",60
"chicago",3514,"afam","female",39,"no","no","yes",106
"chicago",3517,"cauc","female",44,"no","no","no",500
"chicago",3509,"cauc","male",33,"yes","no","yes",66
"chicago",3509,"cauc","female",40,"yes","no","no",91
"chicago",3509,"cauc","male",39,"yes","no","yes",110
"chicago",3514,"afam","female",31,"yes","no","yes",40
"chicago",3504,"cauc","female",47,"no","no","yes",114
"chicago",3513,"cauc","male",27,"yes","no","yes",114
"chicago",3519,"afam","female",47,"yes","no","yes",231
"chicago",3507,"afam","female",54,"no","no","no",202
"chicago",3507,"afam","male",27,"no","no","yes",229
"chicago",3515,"afam","female",32,"no","no","yes",101
"chicago",3506,"cauc","female",53,"yes","no","yes",46
"chicago",3515,"afam","female",32,"no","no","no",106
"chicago",3514,"cauc","male",37,"yes","no","yes",62
"chicago",3514,"cauc","female",34,"no","no","yes",53
"chicago",3509,"cauc","male",39,"no","no","yes",91
"chicago",3514,"afam","female",47,"no","no","no",45
"chicago",3507,"afam","female",37,"no","no","no",134
"chicago",3507,"afam","male",40,"no","no","no",100
"chicago",3510,"cauc","female",41,"yes","no","yes",190
"chicago",3501,"cauc","female",31,"yes","no","no",94
"chicago",3509,"cauc","male",42,"yes","no","yes",64
"chicago",3509,"cauc","female",41,"yes","no","no",56
"chicago",3517,"cauc","male",36,"yes","no","yes",60
"chicago",3517,"cauc","female",36,"yes","no","yes",62
"chicago",3518,"afam","male",51,"no","no","no",68
"chicago",3510,"cauc","female",27,"yes","no","yes",85
"chicago",3510,"cauc","male",30,"yes","no","yes",108
"chicago",3505,"afam","female",46,"no","no","yes",122
"chicago",3505,"afam","male",47,"no","no","yes",149
"chicago",3514,"afam","female",42,"no","no","yes",143
"chicago",3501,"cauc","male",37,"yes","no","yes",57
"chicago",3501,"cauc","female",31,"yes","no","yes",51
"chicago",3502,"cauc","male",29,"no","no","yes",97
"chicago",3514,"afam","male",51,"no","no","yes",66
"chicago",3510,"cauc","female",34,"yes","no","yes",45
"chicago",3510,"cauc","male",32,"no","no","yes",65
"chicago",3516,"afam","female",49,"no","no","no",101
"chicago",3516,"afam","male",44,"no","no","no",112
"chicago",3505,"cauc","male",53,"no","yes","yes",111
"chicago",3505,"cauc","female",47,"no","no","no",93
"chicago",3508,"afam","female",38,"yes","no","yes",75
"chicago",3508,"afam","female",38,"no","no","yes",116
"chicago",3502,"cauc","female",27,"yes","no","yes",377
"chicago",3514,"afam","female",37,"no","no","no",51
"chicago",3511,"cauc","male",45,"yes","no","yes",29
"chicago",3514,"afam","female",33,"no","no","yes",339
"chicago",3502,"cauc","female",41,"yes","no","no",38
"chicago",3502,"cauc","male",40,"yes","no","yes",44
"chicago",3502,"cauc","male",40,"yes","no","yes",69
"chicago",3507,"afam","male",43,"no","no","no",75
"chicago",3507,"afam","male",33,"no","no","yes",92
"chicago",3501,"cauc","male",30,"yes","no","yes",39
"chicago",3510,"cauc","male",51,"yes","no","yes",98
"chicago",3509,"cauc","female",39,"yes","no","yes",68
"chicago",3512,"cauc","female",38,"no","no","no",67
"chicago",3518,"afam","female",41,"yes","no","yes",42
"chicago",3502,"cauc","female",50,"yes","no","no",36
"chicago",3502,"cauc","male",48,"yes","no","yes",35
"chicago",3516,"afam","female",39,"no","no","yes",211
"chicago",3512,"afam","female",37,"no","no","no",178
"chicago",3503,"cauc","female",29,"no","no","no",293
"chicago",3503,"cauc","male",33,"no","no","yes",405
"chicago",3514,"afam","female",26,"no","no","yes",62
"chicago",3515,"afam","female",40,"no","no","no",70
"chicago",3503,"cauc","male",29,"no","no","no",57
"chicago",3516,"afam","female",28,"no","no","yes",76
"chicago",3502,"cauc","female",49,"no","no","yes",204
"chicago",3510,"afam","male",40,"no","no","yes",55
"chicago",3510,"cauc","male",43,"yes","no","yes",62
"chicago",3505,"cauc","female",44,"no","no","yes",88
"chicago",3502,"cauc","female",47,"yes","no","yes",91
"chicago",3509,"cauc","male",30,"no","no","yes",159
"chicago",3504,"cauc","female",39,"yes","no","yes",70
"chicago",3504,"cauc","male",40,"yes","no","yes",93
"chicago",3509,"cauc","male",53,"no","no","yes",43
"chicago",3509,"cauc","male",44,"no","no","yes",298
"chicago",3505,"cauc","female",31,"yes","no","yes",77
"chicago",3505,"cauc","male",31,"yes","no","yes",84
"chicago",3503,"cauc","male",30,"yes","no","yes",47
"chicago",3503,"cauc","female",30,"yes","no","yes",36
"chicago",3509,"cauc","female",44,"yes","no","yes",41
"chicago",3501,"afam","female",30,"no","no","no",231
"chicago",3501,"afam","male",45,"yes","no","yes",209
"chicago",3512,"cauc","male",39,"no","no","no",48
"chicago",3504,"cauc","female",51,"yes","no","yes",68
"chicago",3510,"cauc","male",36,"yes","no","yes",389
"chicago",3502,"cauc","male",36,"yes","no","yes",61
"chicago",3502,"cauc","female",36,"yes","no","yes",53
"chicago",3504,"cauc","male",50,"no","no","yes",200
"chicago",3504,"cauc","male",27,"no","no","no",190
"chicago",3516,"afam","female",35,"no","no","yes",86
"chicago",3516,"afam","female",52,"no","no","yes",74
"chicago",3515,"afam","male",31,"yes","yes","yes",877
"chicago",3510,"cauc","female",42,"yes","no","yes",65
"chicago",3507,"afam","female",28,"no","no","no",263
"chicago",3507,"afam","female",26,"no","no","no",417
"chicago",3517,"afam","male",35,"yes","no","yes",55
"chicago",3517,"afam","female",36,"yes","no","yes",65
"chicago",3509,"cauc","male",36,"yes","no","yes",65
"chicago",3509,"cauc","female",36,"yes","no","yes",56
"chicago",3516,"afam","female",39,"no","no","no",68
"chicago",3516,"afam","male",28,"no","no","no",119
"chicago",3505,"cauc","female",54,"yes","no","yes",67
"chicago",3507,"cauc","male",46,"yes","no","yes",101
"chicago",3507,"cauc","male",48,"yes","no","yes",100
"chicago",3503,"cauc","female",53,"no","no","yes",39
"chicago",3501,"cauc","male",42,"yes","no","yes",102
"chicago",3501,"cauc","female",38,"yes","no","yes",125
"chicago",3501,"cauc","male",31,"no","no","yes",34
"chicago",3501,"cauc","female",29,"yes","no","yes",33
"chicago",3519,"afam","male",40,"yes","no","yes",193
"chicago",3519,"afam","female",41,"no","no","no",158
"chicago",3518,"afam","male",40,"no","no","yes",256
"chicago",3507,"afam","female",34,"no","no","yes",172
"chicago",3504,"cauc","male",54,"yes","no","yes",50
"chicago",3501,"cauc","male",25,"yes","no","yes",117
"chicago",3509,"afam","male",40,"yes","no","no",249
"chicago",3509,"afam","female",43,"yes","no","yes",153
"chicago",3502,"cauc","male",38,"yes","no","yes",62
"chicago",3518,"afam","female",49,"no","no","no",148
"chicago",3518,"afam","male",32,"no","no","no",309
"chicago",3518,"afam","female",34,"no","no","no",219
"chicago",3515,"afam","female",32,"yes","no","yes",36
"chicago",3510,"cauc","male",30,"yes","no","yes",58
"chicago",3516,"afam","male",47,"no","no","yes",121
"chicago",3516,"afam","female",38,"no","no","yes",85
"chicago",3505,"cauc","female",46,"yes","no","yes",51
"chicago",3507,"afam","female",26,"no","no","yes",180
"chicago",3509,"cauc","female",41,"yes","no","yes",35
"chicago",3516,"afam","female",40,"no","no","no",150
"chicago",3515,"afam","female",31,"yes","no","yes",74
"chicago",3501,"afam","female",37,"no","no","yes",309
"chicago",3510,"cauc","male",26,"yes","no","yes",781
"chicago",3510,"afam","male",26,"yes","no","yes",53
"chicago",3512,"cauc","male",34,"yes","no","yes",44
"chicago",3518,"afam","male",35,"no","no","yes",245
"chicago",3518,"afam","female",26,"no","no","yes",130
"chicago",3512,"afam","female",46,"no","no","yes",276
"chicago",3514,"afam","male",53,"no","yes","yes",39
"chicago",3514,"afam","female",40,"no","no","no",36
"chicago",3502,"cauc","male",25,"yes","no","yes",208
"chicago",3506,"afam","female",41,"no","no","no",4
"chicago",3501,"cauc","male",47,"yes","no","yes",115
"chicago",3501,"cauc","female",41,"yes","no","no",154
"chicago",3509,"cauc","male",28,"yes","no","yes",96
"chicago",3509,"cauc","female",28,"yes","no","yes",95
"chicago",3503,"cauc","female",50,"yes","no","yes",75
"chicago",3513,"cauc","male",49,"no","no","yes",113
"chicago",3508,"afam","male",46,"no","no","no",49
"chicago",3512,"cauc","female",46,"no","no","no",118
"chicago",3508,"afam","female",45,"no","no","no",42
"chicago",3509,"cauc","male",32,"yes","no","yes",38
"chicago",3509,"cauc","female",33,"yes","no","yes",35
"chicago",3516,"afam","female",52,"no","no","yes",55
"chicago",3502,"cauc","female",28,"yes","no","yes",36
"chicago",3515,"afam","female",47,"no","no","yes",274
"chicago",3509,"cauc","male",31,"no","no","yes",80
"chicago",3509,"cauc","female",36,"no","no","yes",70
"chicago",3508,"cauc","female",32,"no","no","yes",44
"chicago",3508,"cauc","male",35,"yes","no","yes",56
"chicago",3516,"afam","female",50,"no","no","yes",72
"chicago",3509,"cauc","female",36,"yes","no","yes",49
"chicago",3509,"cauc","male",37,"yes","no","yes",59
"chicago",3506,"cauc","female",44,"no","no","yes",87
"chicago",3509,"cauc","male",28,"yes","no","yes",54
"chicago",3509,"cauc","male",30,"yes","no","yes",99
"chicago",3509,"cauc","male",28,"yes","no","yes",83
"chicago",3510,"afam","male",54,"no","no","no",42
"chicago",3510,"afam","male",48,"no","no","yes",43
"chicago",3505,"cauc","female",48,"no","no","no",10
"chicago",3502,"cauc","female",50,"yes","no","yes",62
"chicago",3503,"cauc","female",29,"no","no","no",196
"chicago",3509,"cauc","female",30,"yes","no","no",82
"chicago",3509,"cauc","male",32,"no","no","yes",142
"chicago",3514,"afam","female",26,"no","no","yes",87
"chicago",3510,"cauc","female",30,"yes","no","yes",45
"chicago",3512,"cauc","male",34,"no","no","no",66
"chicago",3509,"cauc","female",29,"yes","no","yes",32
"chicago",3501,"cauc","male",31,"yes","no","yes",66
"chicago",3506,"cauc","male",28,"no","no","yes",77
"chicago",3506,"cauc","female",26,"no","no","yes",80
"chicago",3510,"cauc","male",33,"yes","no","no",221
"chicago",3510,"cauc","female",26,"yes","no","yes",170
"chicago",3512,"afam","female",45,"no","no","yes",145
"chicago",3512,"afam","female",35,"no","no","yes",156
"chicago",3512,"cauc","male",54,"no","no","yes",7
"chicago",3514,"afam","male",44,"no","no","yes",43
"chicago",3514,"afam","female",35,"yes","no","no",40
"chicago",3503,"cauc","female",42,"yes","no","yes",61
"chicago",3508,"afam","female",46,"no","no","yes",36
"chicago",3519,"afam","female",45,"no","no","yes",76
"chicago",3513,"afam","female",29,"yes","no","yes",156
"chicago",3508,"afam","female",51,"no","no","yes",77
"chicago",3508,"afam","female",29,"no","no","no",123
"chicago",3515,"afam","male",53,"no","no","yes",166
"chicago",3515,"afam","male",36,"no","no","no",247
"chicago",3510,"cauc","male",29,"yes","no","yes",156
"chicago",3519,"cauc","female",33,"yes","no","yes",127
"chicago",3513,"cauc","male",49,"no","no","yes",94
"chicago",3514,"afam","female",51,"yes","no","no",38
"chicago",3515,"afam","female",54,"no","no","no",257
"chicago",3513,"cauc","male",39,"no","no","yes",118
"chicago",3503,"cauc","male",31,"yes","no","yes",53
"chicago",3516,"afam","female",45,"no","no","yes",84
"chicago",3516,"afam","male",49,"no","no","yes",117
"chicago",3516,"afam","female",33,"yes","no","yes",93
"chicago",3516,"afam","male",27,"yes","no","no",138
"chicago",3510,"cauc","male",33,"yes","no","yes",64
"chicago",3510,"cauc","male",28,"yes","no","yes",54
"chicago",3502,"cauc","female",31,"no","no","yes",61
"chicago",3517,"cauc","male",33,"no","no","yes",56
"chicago",3517,"cauc","female",32,"yes","no","yes",46
"chicago",3502,"cauc","male",47,"yes","no","yes",75
"chicago",3502,"cauc","female",41,"yes","no","no",68
"chicago",3517,"cauc","male",29,"no","no","yes",96
"chicago",3502,"cauc","male",25,"yes","no","yes",73
"chicago",3510,"cauc","male",33,"no","no","yes",220
"chicago",3501,"afam","female",30,"no","no","yes",226
"chicago",3501,"afam","male",32,"yes","no","yes",289
"chicago",3501,"cauc","male",31,"yes","no","yes",73
"chicago",3501,"cauc","female",33,"yes","no","yes",63
"chicago",3509,"cauc","male",25,"yes","no","yes",28
"chicago",3510,"cauc","female",27,"no","no","yes",308
"chicago",3508,"afam","female",54,"yes","no","yes",73
"chicago",3508,"afam","male",31,"no","no","no",51
"chicago",3508,"afam","female",42,"no","no","no",64
"chicago",3517,"afam","male",48,"yes","no","yes",53
"chicago",3517,"afam","female",49,"no","no","no",71
"chicago",3508,"afam","female",27,"no","no","yes",82
"chicago",3505,"cauc","female",50,"no","no","no",72
"chicago",3505,"cauc","male",27,"yes","no","yes",99
"chicago",3505,"cauc","male",25,"no","no","no",99
"chicago",3509,"cauc","male",33,"yes","no","yes",443
"chicago",3501,"cauc","male",26,"yes","no","no",72
"chicago",3514,"afam","female",48,"no","no","yes",47
"chicago",3514,"afam","male",25,"no","no","no",61
"chicago",3516,"afam","female",40,"no","no","yes",101
"chicago",3515,"afam","female",44,"no","no","yes",221
"chicago",3502,"cauc","male",26,"yes","no","yes",34
"chicago",3504,"cauc","male",38,"no","no","yes",190
"chicago",3510,"afam","female",40,"no","no","yes",53
"chicago",3517,"cauc","female",50,"yes","no","yes",169
"chicago",3517,"cauc","male",26,"no","no","no",256
"chicago",3517,"cauc","female",52,"no","no","no",217
"chicago",3509,"cauc","male",41,"yes","no","yes",49
"chicago",3509,"cauc","female",37,"yes","no","yes",43
"chicago",3503,"cauc","female",34,"yes","no","yes",205
"chicago",3503,"cauc","male",37,"no","no","yes",228
"chicago",3507,"afam","male",27,"yes","no","yes",88
"chicago",3504,"afam","male",25,"no","no","yes",86
"chicago",3515,"afam","female",41,"no","no","no",110
"chicago",3507,"afam","male",31,"no","no","yes",224
"chicago",3513,"afam","female",37,"no","no","no",188
"chicago",3512,"cauc","female",31,"yes","no","yes",33
"chicago",3504,"cauc","female",30,"no","no","no",101
"chicago",3504,"cauc","male",31,"no","no","no",132
"chicago",3514,"afam","female",38,"no","no","yes",39
"chicago",3502,"cauc","female",51,"yes","no","yes",62
"chicago",3514,"cauc","female",51,"yes","no","yes",47
"chicago",3516,"afam","male",54,"no","no","no",69
"chicago",3509,"cauc","female",42,"yes","no","yes",61
"chicago",3502,"cauc","male",28,"yes","no","yes",125
"chicago",3502,"cauc","male",28,"yes","no","yes",196
"chicago",3502,"cauc","male",28,"yes","no","yes",196
"chicago",3501,"cauc","male",29,"no","no","no",82
"chicago",3507,"afam","female",48,"no","no","yes",86
"chicago",3508,"afam","male",38,"no","no","no",189
"chicago",3508,"afam","female",34,"no","no","no",157
"chicago",3513,"afam","male",40,"no","no","yes",59
"chicago",3510,"afam","female",40,"no","no","yes",186
"chicago",3503,"afam","female",30,"no","no","yes",174
"chicago",3503,"afam","male",35,"no","no","no",162
"chicago",3507,"cauc","male",50,"no","no","yes",130
"chicago",3507,"cauc","female",53,"no","no","yes",148
"chicago",3505,"cauc","female",39,"yes","no","no",49
"chicago",3505,"cauc","male",41,"no","no","yes",62
"chicago",3505,"cauc","male",38,"no","no","yes",105
"chicago",3505,"cauc","female",34,"no","no","no",106
"chicago",3503,"cauc","female",34,"yes","no","yes",62
"chicago",3503,"cauc","male",37,"yes","no","yes",69
"chicago",3510,"cauc","female",31,"yes","no","yes",567
"chicago",3507,"afam","female",43,"no","no","yes",137
"chicago",3514,"afam","female",52,"no","no","yes",193
"chicago",3510,"cauc","female",25,"yes","no","yes",292
"chicago",3515,"afam","female",48,"no","no","yes",449
"chicago",3512,"cauc","female",50,"no","no","no",49
"chicago",3512,"cauc","male",27,"no","no","no",42
"chicago",3516,"afam","female",51,"no","no","no",39
"chicago",3506,"cauc","male",53,"yes","yes","yes",13
"chicago",3503,"cauc","female",27,"yes","no","yes",42
"chicago",3517,"afam","female",41,"no","no","no",131
"chicago",3512,"cauc","female",25,"no","no","yes",36
"chicago",3512,"cauc","female",51,"no","no","yes",48
"chicago",3502,"cauc","female",26,"yes","no","yes",306
"chicago",3502,"cauc","male",26,"yes","no","yes",292
"chicago",3510,"cauc","male",25,"yes","no","no",1387
"chicago",3509,"cauc","female",33,"yes","no","yes",40
"chicago",3507,"afam","female",36,"no","no","no",112
"chicago",3510,"cauc","female",26,"yes","no","yes",119
"chicago",3508,"afam","female",50,"no","no","no",57
"chicago",3501,"cauc","male",43,"no","no","yes",76
"chicago",3504,"cauc","female",28,"no","no","yes",276
"chicago",3504,"cauc","male",49,"no","no","no",269
"chicago",3517,"cauc","male",53,"no","no","yes",68
"chicago",3517,"cauc","female",39,"yes","no","yes",65
"chicago",3509,"cauc","female",28,"yes","no","yes",71
"chicago",3509,"cauc","male",28,"yes","no","no",74
"chicago",3510,"afam","male",48,"no","no","yes",135
"chicago",3513,"cauc","female",54,"no","no","yes",73
"chicago",3509,"cauc","female",32,"no","no","yes",73
"chicago",3514,"afam","male",41,"no","no","yes",143
"chicago",3503,"afam","female",38,"yes","no","yes",211
"chicago",3503,"afam","male",51,"yes","no","yes",184
"chicago",3511,"cauc","male",53,"no","yes","yes",78
"chicago",3511,"cauc","female",42,"no","no","no",103
"chicago",3511,"cauc","male",42,"no","no","no",83
"chicago",3518,"afam","female",45,"no","no","yes",294
"chicago",3502,"cauc","female",39,"yes","no","yes",73
"chicago",3514,"afam","female",53,"yes","no","yes",320
"chicago",3501,"cauc","male",52,"yes","no","yes",432
"chicago",3513,"cauc","male",36,"no","no","no",37
"chicago",3513,"cauc","female",38,"no","no","yes",36
"chicago",3502,"cauc","male",32,"no","no","yes",153
"chicago",3502,"cauc","female",31,"yes","no","no",169
"chicago",3516,"afam","female",49,"no","no","yes",206
"chicago",3516,"afam","female",52,"no","no","no",113
"chicago",3516,"afam","male",44,"no","no","no",131
"chicago",3516,"afam","female",30,"no","no","no",142
"chicago",3507,"afam","female",54,"no","no","yes",108
"chicago",3510,"cauc","female",27,"yes","no","yes",161
"chicago",3507,"afam","female",36,"no","no","no",42
"chicago",3502,"cauc","female",46,"no","no","no",61
"chicago",3507,"afam","male",35,"no","no","no",343
"chicago",3507,"afam","male",35,"no","no","no",345
"chicago",3509,"cauc","male",30,"yes","no","yes",153
"chicago",3509,"cauc","male",29,"yes","no","yes",201
"chicago",3509,"cauc","female",41,"no","no","no",68
"chicago",3509,"cauc","female",47,"no","no","no",12
"chicago",3502,"cauc","female",30,"yes","no","yes",238
"chicago",3509,"cauc","male",46,"yes","no","yes",42
"chicago",3510,"cauc","female",32,"no","no","yes",314
"chicago",3506,"cauc","female",54,"no","no","yes",103
"chicago",3519,"afam","female",52,"yes","no","yes",273
"chicago",3512,"cauc","male",29,"yes","no","no",198
"chicago",3512,"cauc","female",28,"no","no","yes",379
"chicago",3513,"cauc","male",33,"yes","no","yes",119
"chicago",3505,"cauc","female",54,"no","no","no",99
"chicago",3505,"cauc","male",29,"no","no","no",78
"chicago",3515,"afam","female",40,"no","no","yes",73
"chicago",3502,"cauc","female",27,"yes","no","yes",45
"chicago",3503,"cauc","female",49,"no","no","yes",34
"chicago",3509,"cauc","male",36,"yes","no","yes",83
"chicago",3509,"cauc","female",36,"yes","no","yes",71
"chicago",3515,"afam","female",44,"no","no","no",37
"chicago",3512,"cauc","female",46,"no","no","no",80
"chicago",3512,"cauc","male",48,"no","yes","no",108
"chicago",3512,"cauc","male",29,"no","no","no",119
"chicago",3510,"cauc","male",41,"yes","no","yes",42
"chicago",3510,"cauc","male",49,"no","no","yes",37
"chicago",3514,"afam","male",29,"no","no","yes",37
"chicago",3514,"afam","male",38,"no","no","yes",85
"chicago",3509,"cauc","male",34,"yes","no","yes",56
"chicago",3502,"cauc","female",44,"yes","no","no",73
"chicago",3502,"cauc","male",49,"yes","no","yes",82
"chicago",3509,"cauc","female",33,"yes","no","yes",57
"chicago",3509,"cauc","male",34,"no","no","yes",66
"chicago",3514,"afam","female",54,"no","no","yes",87
"chicago",3514,"afam","male",27,"no","no","no",109
"chicago",3519,"afam","female",42,"yes","no","no",345
"chicago",3515,"cauc","male",40,"yes","yes","yes",38
"chicago",3515,"cauc","female",41,"yes","no","yes",35
"chicago",3508,"afam","female",27,"no","no","yes",256
"chicago",3505,"cauc","male",39,"no","no","no",79
"chicago",3505,"cauc","female",26,"no","no","yes",69
"chicago",3505,"cauc","male",25,"no","no","yes",46
"chicago",3514,"afam","female",54,"no","no","no",36
"chicago",3502,"cauc","male",33,"no","no","yes",36
"chicago",3502,"cauc","female",33,"yes","no","yes",39
"chicago",3508,"afam","female",26,"no","no","yes",105
"chicago",3517,"cauc","male",36,"yes","no","yes",40
"chicago",3517,"cauc","female",35,"yes","no","yes",41
"chicago",3510,"cauc","male",28,"yes","no","yes",250
"chicago",3517,"afam","male",31,"no","no","no",88
"chicago",3517,"afam","male",25,"no","no","no",136
"chicago",3505,"cauc","male",42,"no","no","yes",64
"chicago",3505,"cauc","female",40,"yes","no","yes",50
"chicago",3514,"afam","female",52,"no","yes","no",97
"chicago",3508,"afam","male",51,"no","no","yes",27
"chicago",3508,"afam","female",51,"no","no","yes",28
"chicago",3518,"afam","female",54,"no","no","yes",65
"chicago",3518,"afam","female",37,"no","no","yes",111
"chicago",3518,"afam","female",33,"no","no","yes",110
"chicago",3518,"afam","female",28,"no","no","no",81
"chicago",3506,"cauc","male",53,"yes","no","yes",124
"chicago",3517,"afam","male",27,"no","no","yes",85
"chicago",3517,"cauc","female",54,"yes","no","yes",40
"chicago",3515,"afam","male",42,"no","yes","yes",95
"chicago",3515,"afam","female",46,"yes","no","yes",136
"chicago",3508,"afam","female",28,"no","no","no",90
"chicago",3508,"afam","male",25,"no","no","no",119
"chicago",3502,"cauc","female",26,"yes","no","yes",67
"chicago",3502,"cauc","male",29,"yes","no","yes",63
"chicago",3508,"afam","female",25,"no","no","yes",107
"chicago",3506,"cauc","female",45,"yes","no","yes",99
"chicago",3508,"afam","female",31,"no","no","no",68
"chicago",3509,"cauc","male",53,"no","no","no",109
"chicago",3516,"afam","female",40,"no","no","no",211
"chicago",3507,"afam","female",48,"no","no","yes",120
"chicago",3507,"afam","male",49,"no","no","no",261
"chicago",3508,"afam","female",54,"no","no","yes",33
"chicago",3514,"afam","female",29,"yes","no","no",71
"chicago",3510,"afam","female",28,"yes","no","yes",189
"chicago",3516,"afam","male",41,"yes","no","yes",47
"chicago",3502,"cauc","female",30,"yes","no","yes",47
"chicago",3502,"cauc","male",33,"yes","no","yes",43
"chicago",3518,"afam","female",36,"no","no","yes",57
"chicago",3503,"cauc","male",42,"no","no","yes",63
"chicago",3503,"cauc","female",42,"no","no","yes",57
"chicago",3508,"afam","male",39,"no","no","yes",106
"chicago",3508,"afam","female",36,"no","no","no",99
"chicago",3508,"afam","male",49,"no","no","no",122
"chicago",3519,"afam","female",41,"no","no","yes",157
"chicago",3519,"afam","male",43,"yes","no","no",191
"chicago",3509,"cauc","female",36,"yes","no","yes",60
"chicago",3502,"cauc","female",27,"yes","no","yes",38
"chicago",3503,"cauc","female",32,"yes","no","yes",330
"chicago",3519,"afam","male",39,"no","no","yes",242
"chicago",3519,"afam","female",30,"no","no","no",188
"chicago",3506,"cauc","female",47,"no","no","yes",129
"chicago",3515,"afam","female",33,"no","no","no",286
"chicago",3508,"afam","male",45,"no","no","no",55
"chicago",3509,"cauc","male",29,"yes","no","yes",36
"chicago",3512,"cauc","male",29,"yes","no","no",49
"chicago",3507,"afam","female",41,"yes","no","yes",100
"chicago",3513,"afam","female",29,"no","no","no",199
"chicago",3502,"afam","female",33,"yes","no","no",117
"chicago",3502,"afam","male",32,"no","no","no",114
"chicago",3515,"afam","male",51,"no","yes","yes",91
"chicago",3515,"afam","male",35,"no","no","yes",88
"chicago",3505,"cauc","male",46,"no","no","yes",117
"chicago",3516,"afam","female",53,"no","no","yes",189
"chicago",3506,"cauc","female",50,"no","no","yes",85
"chicago",3505,"cauc","male",27,"yes","no","yes",74
"chicago",3501,"cauc","male",53,"yes","no","yes",107
"chicago",3508,"afam","male",46,"no","yes","yes",41
"chicago",3515,"afam","female",48,"yes","no","yes",81
"chicago",3516,"afam","male",50,"yes","no","no",138
"chicago",3502,"cauc","female",36,"yes","no","yes",49
"chicago",3508,"afam","female",33,"no","no","no",35
"chicago",3518,"afam","female",50,"no","no","no",171
"chicago",3504,"cauc","female",44,"no","no","yes",153
"chicago",3516,"afam","female",41,"no","no","yes",77
"chicago",3501,"afam","male",45,"no","no","yes",463
"chicago",3501,"afam","female",41,"no","no","yes",557
"chicago",3504,"cauc","female",51,"yes","no","yes",98
"chicago",3510,"cauc","female",32,"yes","no","yes",215
"chicago",3518,"afam","female",27,"no","no","no",40
"chicago",3502,"afam","male",38,"yes","no","yes",49
"chicago",3519,"cauc","male",31,"no","no","no",120
"chicago",3508,"afam","female",29,"no","no","yes",43
"chicago",3515,"afam","female",50,"no","no","no",77
"chicago",3515,"afam","female",51,"no","no","no",97
"chicago",3509,"cauc","female",28,"yes","no","yes",46
"chicago",3513,"cauc","female",54,"no","yes","yes",68
"chicago",3515,"afam","female",44,"no","no","yes",182
"chicago",3513,"cauc","male",47,"yes","no","yes",279
"chicago",3513,"cauc","female",48,"no","no","no",253
"chicago",3506,"cauc","male",32,"no","no","no",191
"chicago",3506,"cauc","female",40,"no","no","no",206
"chicago",3509,"cauc","male",37,"yes","no","yes",43
"chicago",3509,"cauc","female",32,"yes","no","yes",43
"chicago",3510,"afam","female",51,"no","no","yes",56
"chicago",3508,"afam","male",36,"no","no","no",176
"chicago",3508,"afam","female",31,"no","no","no",226
"chicago",3515,"afam","female",48,"no","no","yes",124
"chicago",3503,"cauc","female",31,"yes","no","yes",32
"chicago",3503,"cauc","male",32,"yes","no","yes",39
"chicago",3507,"afam","male",48,"no","no","no",139
"chicago",3507,"afam","female",46,"no","no","yes",103
"chicago",3507,"afam","female",42,"no","no","no",125
"chicago",3506,"cauc","male",32,"no","no","yes",160
"chicago",3509,"cauc","female",30,"yes","no","yes",55
"chicago",3509,"cauc","female",28,"yes","no","yes",53
"chicago",3506,"cauc","female",29,"no","no","yes",96
"chicago",3506,"cauc","male",38,"no","no","yes",111
"chicago",3503,"cauc","male",46,"yes","no","yes",81
"chicago",3503,"cauc","female",50,"yes","no","no",118
"chicago",3502,"cauc","male",43,"yes","no","yes",68
"chicago",3502,"cauc","female",42,"yes","no","yes",58
"chicago",3509,"cauc","male",42,"no","no","yes",51
"chicago",3505,"cauc","female",50,"yes","no","yes",78
"chicago",3505,"cauc","male",47,"no","no","no",88
"chicago",3505,"cauc","female",54,"no","no","yes",75
"chicago",3509,"cauc","female",45,"no","no","yes",137
"chicago",3509,"cauc","male",45,"yes","yes","yes",69
"chicago",3509,"cauc","female",42,"yes","no","yes",68
"chicago",3515,"afam","female",37,"no","no","no",154
"chicago",3508,"afam","male",29,"no","yes","yes",138
"chicago",3507,"cauc","female",28,"no","no","no",4
"chicago",3508,"afam","female",50,"yes","no","yes",84
"chicago",3508,"afam","female",26,"yes","no","no",125
"chicago",3518,"afam","female",52,"yes","no","yes",254
"chicago",3502,"cauc","female",44,"yes","no","yes",58
"chicago",3506,"cauc","male",37,"yes","no","yes",107
"chicago",3506,"afam","male",42,"no","no","yes",163
"chicago",3507,"afam","female",38,"no","no","yes",87
"chicago",3501,"afam","male",45,"no","no","no",13
"chicago",3505,"cauc","male",46,"yes","no","yes",221
"chicago",3510,"afam","male",54,"yes","no","yes",97
"chicago",3503,"cauc","female",32,"yes","no","yes",31
"chicago",3503,"cauc","male",44,"yes","no","yes",36
"chicago",3514,"afam","female",40,"no","no","yes",116
"chicago",3514,"afam","male",31,"no","no","yes",127
"chicago",3516,"afam","male",36,"no","no","yes",116
"chicago",3513,"afam","male",52,"no","no","yes",216
"chicago",3513,"afam","female",49,"no","no","yes",148
"chicago",3517,"afam","female",35,"no","no","no",91
"chicago",3502,"cauc","female",28,"yes","no","yes",50
"chicago",3502,"cauc","female",25,"yes","no","yes",77
"chicago",3505,"cauc","female",47,"yes","no","yes",122
"chicago",3516,"afam","female",49,"no","no","yes",75
"chicago",3516,"afam","male",29,"no","no","yes",133
"chicago",3502,"cauc","female",50,"no","no","no",78
"chicago",3504,"cauc","male",50,"yes","no","yes",94
"chicago",3514,"afam","female",39,"no","no","no",102
"chicago",3514,"afam","male",41,"no","no","no",121
"chicago",3507,"afam","female",25,"no","no","no",108
"chicago",3504,"cauc","male",54,"no","no","yes",243
"chicago",3504,"cauc","male",28,"no","no","yes",238
"chicago",3506,"cauc","female",44,"no","no","yes",178
"chicago",3508,"afam","female",50,"no","no","yes",72
"chicago",3507,"afam","male",40,"no","no","yes",67
"chicago",3507,"afam","female",41,"no","no","yes",87
"chicago",3503,"cauc","female",29,"yes","no","yes",80
"chicago",3502,"cauc","female",26,"yes","no","yes",118
"chicago",3502,"cauc","female",26,"yes","no","yes",184
"chicago",3510,"cauc","male",34,"yes","no","yes",54
"chicago",3510,"cauc","female",31,"yes","no","yes",47
"chicago",3505,"cauc","male",44,"yes","no","yes",90
"chicago",3505,"cauc","female",38,"no","no","yes",72
"chicago",3514,"cauc","male",29,"no","no","yes",71
"chicago",3514,"cauc","female",28,"yes","no","yes",64
"chicago",3508,"afam","male",38,"no","no","yes",131
"chicago",3508,"afam","female",35,"no","no","no",120
"chicago",3502,"cauc","male",28,"yes","no","yes",57
"chicago",3502,"cauc","female",25,"yes","no","yes",92
"chicago",3519,"afam","female",49,"no","no","yes",90
"chicago",3514,"afam","male",29,"no","no","no",44
"chicago",3517,"cauc","male",44,"yes","no","yes",80
"chicago",3517,"cauc","female",32,"yes","no","yes",68
"chicago",3502,"cauc","male",31,"yes","no","yes",519
"chicago",3502,"cauc","male",31,"yes","no","yes",521
"chicago",3518,"afam","female",54,"no","no","yes",70
"chicago",3518,"afam","male",51,"no","yes","yes",84
"chicago",3518,"afam","male",45,"no","no","yes",109
"chicago",3518,"afam","male",42,"no","no","no",130
"chicago",3511,"cauc","female",36,"no","no","yes",2
"chicago",3509,"cauc","male",46,"yes","yes","yes",44
"chicago",3516,"afam","female",36,"no","no","yes",126
"chicago",3506,"cauc","female",27,"no","no","no",135
"chicago",3518,"afam","female",41,"yes","no","yes",46
"chicago",3515,"afam","male",29,"no","no","yes",101
"chicago",3515,"afam","male",33,"no","no","yes",129
"chicago",3510,"cauc","male",35,"yes","no","yes",93
"chicago",3510,"cauc","male",37,"yes","no","yes",93
"chicago",3503,"cauc","female",31,"yes","no","yes",35
"chicago",3509,"cauc","male",26,"yes","no","yes",34
"chicago",3512,"cauc","female",27,"no","no","no",88
"chicago",3508,"afam","female",43,"no","no","yes",76
"chicago",3508,"afam","male",48,"no","no","no",91
"chicago",3504,"cauc","female",52,"no","no","no",58
"chicago",3509,"cauc","female",40,"yes","no","no",165
"chicago",3509,"cauc","male",42,"yes","no","yes",198
"chicago",3505,"cauc","male",30,"yes","no","yes",159
"chicago",3505,"cauc","female",30,"yes","no","no",150
"chicago",3501,"cauc","male",32,"yes","no","yes",75
"chicago",3501,"cauc","female",32,"yes","no","yes",63
"chicago",3509,"cauc","male",37,"no","yes","yes",130
"chicago",3505,"cauc","male",26,"yes","no","yes",74
"chicago",3515,"afam","female",49,"no","no","yes",81
"chicago",3515,"afam","female",45,"no","no","yes",80
"chicago",3509,"cauc","male",50,"yes","no","yes",37
"chicago",3509,"cauc","female",28,"yes","no","yes",61
"chicago",3519,"afam","female",52,"yes","no","yes",47
"chicago",3516,"afam","female",54,"yes","no","yes",64
"chicago",3503,"cauc","female",27,"yes","no","yes",170
"chicago",3514,"afam","male",51,"no","no","no",121
"chicago",3509,"cauc","male",32,"yes","no","yes",38
"chicago",3517,"cauc","male",43,"no","no","yes",37
"chicago",3517,"cauc","female",41,"no","no","no",38
"chicago",3508,"cauc","female",27,"no","no","yes",109
"chicago",3518,"afam","male",46,"no","no","yes",237
"chicago",3518,"afam","female",35,"no","no","no",202
"chicago",3519,"afam","female",30,"no","no","no",160
"chicago",3509,"afam","male",25,"yes","no","yes",79
"chicago",3502,"cauc","female",27,"yes","no","yes",285
"chicago",3502,"cauc","male",27,"yes","no","yes",273
"chicago",3516,"afam","female",40,"no","no","yes",53
"chicago",3508,"afam","female",34,"no","no","no",141
"chicago",3507,"afam","female",28,"no","no","no",128
"chicago",3504,"cauc","male",28,"yes","no","yes",57
"chicago",3504,"cauc","female",27,"yes","no","yes",67
"chicago",3519,"cauc","female",26,"no","no","yes",44
"chicago",3502,"cauc","female",38,"yes","no","yes",157
"chicago",3517,"afam","female",33,"no","no","no",94
"chicago",3517,"afam","male",29,"no","no","no",108
"chicago",3514,"afam","female",33,"yes","no","yes",50
"chicago",3512,"afam","male",26,"no","no","no",104
"chicago",3501,"afam","female",27,"no","no","no",54
"chicago",3506,"cauc","male",41,"no","no","yes",90
"chicago",3502,"cauc","female",28,"yes","no","yes",60
"chicago",3512,"cauc","male",32,"no","no","yes",105
"chicago",3512,"cauc","female",37,"no","no","yes",69
"chicago",3503,"cauc","male",49,"yes","no","yes",80
"chicago",3512,"cauc","male",43,"no","yes","yes",108
"chicago",3501,"cauc","male",30,"yes","no","yes",106
"chicago",3501,"cauc","female",28,"yes","no","no",99
"chicago",3503,"afam","male",28,"no","no","yes",151
"chicago",3503,"cauc","male",29,"yes","no","yes",39
"chicago",3503,"cauc","female",29,"yes","no","yes",33
"chicago",3515,"afam","male",40,"no","no","no",49
"chicago",3509,"cauc","male",30,"yes","no","yes",39
"chicago",3509,"cauc","female",28,"yes","no","yes",33
"chicago",3516,"afam","female",52,"no","no","yes",73
"chicago",3518,"afam","male",36,"no","no","no",125
"chicago",3518,"afam","female",32,"no","no","yes",91
"chicago",3510,"afam","female",53,"no","no","yes",39
"chicago",3510,"afam","male",50,"no","no","yes",51
"chicago",3508,"cauc","male",38,"yes","no","yes",77
"chicago",3502,"cauc","female",31,"yes","no","yes",143
"chicago",3510,"cauc","male",34,"yes","no","yes",208
"chicago",3510,"cauc","female",30,"yes","no","yes",180
"chicago",3517,"afam","female",54,"no","no","yes",188
"chicago",3510,"cauc","female",32,"yes","no","yes",77
"chicago",3510,"cauc","male",36,"yes","no","yes",79
"chicago",3506,"cauc","male",54,"yes","no","no",139
"chicago",3508,"afam","female",44,"no","no","yes",114
"chicago",3505,"cauc","female",51,"yes","no","yes",112
"chicago",3512,"cauc","female",43,"yes","no","no",38
"chicago",3509,"cauc","female",25,"yes","no","yes",52
"chicago",3508,"afam","female",35,"no","no","yes",39
"chicago",3509,"cauc","female",27,"yes","no","yes",50
"chicago",3509,"cauc","male",27,"yes","no","yes",52
"chicago",3509,"afam","female",50,"yes","no","no",55
"chicago",3510,"afam","male",32,"yes","no","yes",259
"chicago",3502,"cauc","male",34,"yes","no","yes",38
"chicago",3502,"cauc","female",34,"yes","no","yes",41
"chicago",3504,"cauc","male",42,"no","no","yes",120
"chicago",3504,"cauc","female",38,"no","no","no",92
"chicago",3501,"cauc","female",53,"no","no","yes",12
"chicago",3510,"cauc","male",25,"yes","no","yes",336
"chicago",3501,"cauc","female",26,"yes","no","yes",166
"chicago",3510,"cauc","female",33,"yes","no","yes",83
"chicago",3517,"cauc","male",33,"yes","no","yes",69
"chicago",3517,"cauc","female",31,"yes","no","yes",55
"chicago",3511,"afam","female",48,"no","no","no",59
"chicago",3502,"cauc","female",28,"yes","no","yes",48
"chicago",3502,"cauc","male",30,"no","no","yes",49
"chicago",3519,"cauc","female",54,"no","no","yes",79
"chicago",3516,"afam","male",29,"no","no","yes",166
"chicago",3502,"cauc","female",27,"yes","no","yes",102
"chicago",3502,"cauc","male",43,"no","no","yes",149
"chicago",3503,"cauc","male",47,"yes","no","yes",110
"chicago",3502,"cauc","male",43,"yes","no","yes",250
"chicago",3502,"cauc","female",36,"yes","no","yes",209
"chicago",3501,"cauc","female",31,"yes","no","yes",286
"chicago",3501,"cauc","male",34,"yes","no","yes",342
"chicago",3504,"cauc","female",48,"no","no","no",2
"chicago",3516,"afam","female",33,"no","no","yes",190
"chicago",3503,"cauc","male",33,"yes","no","yes",71
"chicago",3503,"cauc","female",32,"yes","no","yes",55
"chicago",3502,"cauc","female",38,"yes","no","yes",163
"chicago",3514,"afam","female",28,"no","no","yes",197
"chicago",3514,"afam","male",31,"no","no","no",278
"chicago",3501,"cauc","male",49,"yes","no","yes",141
"chicago",3516,"afam","female",53,"no","no","yes",110
"chicago",3516,"afam","female",43,"no","no","yes",115
"chicago",3503,"afam","male",27,"no","no","no",241
"chicago",3503,"afam","female",39,"yes","no","yes",287
"chicago",3504,"cauc","male",51,"no","no","yes",175
"chicago",3504,"cauc","female",51,"yes","no","yes",216
"chicago",3514,"afam","female",40,"no","no","no",183
"chicago",3509,"cauc","female",41,"yes","no","yes",103
"chicago",3501,"cauc","female",34,"yes","no","yes",73
"chicago",3511,"cauc","male",38,"yes","no","yes",34
"chicago",3519,"cauc","female",48,"no","no","no",84
"chicago",3515,"afam","female",41,"yes","no","yes",338
"chicago",3515,"afam","male",29,"no","no","yes",610
"chicago",3508,"afam","female",25,"no","no","no",33
"chicago",3516,"afam","male",35,"no","no","yes",64
"chicago",3516,"afam","female",35,"yes","no","yes",59
"chicago",3501,"cauc","female",37,"yes","no","yes",92
"chicago",3516,"afam","female",45,"no","no","yes",39
"chicago",3518,"afam","female",34,"yes","no","yes",213
"chicago",3518,"afam","female",44,"yes","no","yes",278
"chicago",3508,"afam","male",40,"no","no","yes",104
"chicago",3508,"afam","male",52,"no","no","yes",139
"chicago",3512,"afam","female",40,"no","no","no",19
"chicago",3514,"afam","female",32,"no","no","no",123
"chicago",3514,"afam","male",26,"no","no","yes",195
"chicago",3512,"afam","female",50,"no","no","no",70
"chicago",3512,"afam","male",50,"no","no","no",80
"chicago",3507,"afam","female",29,"no","no","no",182
"chicago",3505,"cauc","female",54,"no","no","yes",68
"chicago",3506,"cauc","male",38,"no","no","no",231
"chicago",3502,"cauc","male",31,"yes","no","yes",75
"chicago",3506,"afam","male",27,"no","no","yes",179
"chicago",3513,"cauc","female",49,"yes","no","no",155
"chicago",3518,"afam","female",36,"no","no","no",183
"chicago",3518,"afam","male",36,"no","no","no",248
"chicago",3510,"cauc","male",32,"no","yes","yes",20
"chicago",3519,"afam","male",32,"no","no","no",72
"chicago",3519,"afam","male",53,"no","no","no",70
"chicago",3519,"afam","female",47,"no","no","no",43
"chicago",3507,"afam","male",30,"no","no","yes",200
"chicago",3518,"afam","female",50,"yes","no","yes",110
"chicago",3517,"cauc","female",41,"yes","no","no",40
"chicago",3517,"cauc","male",37,"no","no","yes",43
"chicago",3502,"cauc","male",45,"no","no","yes",58
"chicago",3509,"cauc","male",29,"yes","no","yes",73
"chicago",3509,"cauc","female",39,"yes","no","yes",31
"chicago",3509,"cauc","female",36,"yes","no","yes",70
"chicago",3509,"cauc","male",34,"yes","no","yes",87
"chicago",3517,"cauc","male",40,"no","no","yes",83
"chicago",3517,"cauc","female",27,"yes","no","yes",60
"chicago",3513,"afam","female",48,"no","no","yes",50
"chicago",3503,"cauc","male",28,"no","yes","yes",390
"chicago",3503,"cauc","female",29,"yes","no","yes",330
"chicago",3505,"cauc","female",46,"no","no","yes",66
"chicago",3502,"cauc","male",53,"yes","no","yes",59
"chicago",3502,"cauc","female",48,"yes","no","yes",57
"chicago",3516,"afam","male",35,"no","no","no",88
"chicago",3501,"cauc","male",30,"yes","no","yes",133
"chicago",3514,"afam","female",52,"no","no","no",42
"chicago",3507,"afam","female",32,"no","no","yes",76
"chicago",3510,"cauc","male",26,"yes","no","yes",133
"chicago",3515,"afam","female",51,"yes","no","yes",104
"chicago",3515,"afam","male",51,"no","no","yes",106
"chicago",3515,"afam","male",25,"no","no","yes",194
"chicago",3503,"cauc","male",36,"yes","no","yes",145
"chicago",3502,"cauc","female",35,"yes","no","yes",40
"chicago",3502,"cauc","male",36,"yes","no","yes",48
"chicago",3503,"afam","female",53,"yes","no","no",48
"chicago",3513,"cauc","female",50,"no","no","yes",78
"chicago",3508,"afam","female",29,"no","no","yes",106
"chicago",3517,"afam","female",31,"no","no","yes",102
"chicago",3510,"cauc","female",53,"yes","no","yes",186
"chicago",3509,"cauc","female",34,"yes","no","no",72
"chicago",3509,"cauc","male",41,"no","no","no",79
"chicago",3518,"afam","female",33,"yes","no","yes",56
"chicago",3513,"afam","female",49,"no","no","yes",70
"chicago",3513,"afam","male",26,"no","no","yes",117
"chicago",3510,"afam","female",43,"no","no","yes",82
"chicago",3504,"cauc","male",33,"yes","no","yes",143
"chicago",3502,"cauc","female",27,"yes","no","yes",38
"chicago",3502,"cauc","male",43,"yes","no","yes",90
"chicago",3519,"afam","female",46,"no","no","no",54
"chicago",3509,"cauc","male",28,"yes","no","yes",53
"chicago",3501,"cauc","female",32,"yes","no","no",125
"chicago",3509,"cauc","female",31,"yes","no","yes",34
"chicago",3509,"afam","male",34,"yes","no","yes",54
"chicago",3516,"afam","male",39,"no","no","no",117
"chicago",3509,"cauc","male",28,"yes","no","yes",181
"chicago",3501,"cauc","male",35,"yes","no","yes",218
"chicago",3501,"cauc","female",34,"yes","no","no",193
"chicago",3510,"cauc","female",47,"yes","no","yes",45
"chicago",3504,"cauc","female",37,"yes","no","yes",89
"chicago",3514,"afam","female",51,"no","no","no",52
"chicago",3503,"cauc","female",27,"no","no","no",70
"chicago",3503,"cauc","male",25,"no","no","yes",80
"chicago",3503,"cauc","male",45,"yes","no","yes",68
"chicago",3503,"cauc","female",44,"yes","no","no",76
"chicago",3507,"afam","male",37,"no","no","no",114
"chicago",3514,"afam","female",42,"yes","no","yes",30
"chicago",3514,"afam","female",40,"yes","no","yes",48
"chicago",3514,"afam","female",49,"yes","no","yes",31
"chicago",3516,"afam","male",47,"no","no","yes",100
"chicago",3503,"cauc","male",53,"no","no","no",137
"chicago",3503,"cauc","male",51,"no","no","no",137
"chicago",3515,"afam","male",50,"no","no","yes",112
"chicago",3504,"cauc","female",30,"yes","no","yes",239
"chicago",3516,"afam","female",46,"no","no","no",108
"chicago",3510,"cauc","male",42,"yes","no","yes",83
"chicago",3518,"afam","female",43,"no","no","no",128
"chicago",3509,"cauc","female",35,"yes","no","no",51
"chicago",3502,"cauc","female",29,"yes","no","yes",34
"chicago",3517,"cauc","female",50,"yes","no","yes",238
"chicago",3502,"cauc","female",31,"yes","no","yes",60
"chicago",3509,"afam","female",42,"no","no","no",187
"chicago",3503,"cauc","male",33,"yes","no","yes",50
"chicago",3503,"cauc","female",33,"yes","no","yes",39
"chicago",3515,"afam","male",47,"no","no","no",3
"chicago",3515,"afam","male",46,"no","no","no",3
"chicago",3513,"afam","female",50,"no","no","yes",166
"chicago",3509,"cauc","female",30,"yes","no","yes",58
"chicago",3509,"cauc","male",31,"no","no","yes",64
"chicago",3519,"afam","male",43,"no","no","yes",36
"chicago",3508,"afam","male",48,"no","yes","no",287
"chicago",3508,"afam","female",38,"no","no","yes",233
"chicago",3508,"afam","female",35,"no","no","no",103
"chicago",3509,"cauc","female",33,"yes","no","yes",81
"chicago",3506,"cauc","female",33,"yes","no","yes",196
"chicago",3510,"cauc","female",27,"yes","no","yes",473
"chicago",3512,"cauc","female",48,"yes","no","yes",35
"chicago",3501,"cauc","male",41,"yes","no","yes",108
"chicago",3513,"cauc","male",42,"no","yes","yes",62
"chicago",3513,"cauc","female",50,"no","no","yes",62
"chicago",3515,"afam","female",37,"no","no","no",65
"chicago",3509,"cauc","female",39,"yes","no","yes",187
"chicago",3509,"cauc","male",42,"yes","no","yes",227
"chicago",3517,"cauc","female",40,"yes","no","yes",37
"chicago",3517,"cauc","male",41,"yes","no","yes",39
"chicago",3512,"cauc","female",26,"no","no","no",68
"chicago",3502,"cauc","female",27,"yes","no","yes",41
"chicago",3502,"cauc","male",28,"yes","no","yes",40
"chicago",3510,"cauc","female",25,"yes","no","no",193
"chicago",3509,"cauc","female",30,"yes","no","yes",54
"chicago",3506,"afam","female",43,"no","no","yes",84
"chicago",3519,"cauc","female",45,"yes","no","yes",192
"chicago",3503,"cauc","male",39,"yes","no","yes",45
"chicago",3502,"cauc","female",50,"yes","no","yes",52
"chicago",3516,"afam","male",40,"no","no","yes",196
"chicago",3516,"afam","female",39,"no","no","yes",174
"chicago",3510,"afam","female",48,"no","no","no",43
"chicago",3512,"cauc","female",46,"no","no","yes",85
"chicago",3509,"cauc","female",45,"yes","no","yes",55
"chicago",3509,"cauc","male",41,"yes","no","yes",70
"chicago",3504,"cauc","male",28,"yes","no","yes",360
"chicago",3504,"afam","male",28,"yes","no","yes",538
"chicago",3504,"cauc","female",47,"yes","no","yes",190
"chicago",3517,"cauc","female",54,"no","no","yes",71
"chicago",3517,"cauc","female",32,"no","no","no",121
"chicago",3517,"afam","male",47,"no","no","yes",65
"chicago",3517,"afam","female",46,"yes","no","yes",90
"chicago",3509,"afam","female",53,"no","no","no",57
"chicago",3505,"cauc","female",27,"no","no","yes",108
"chicago",3505,"cauc","male",26,"yes","no","yes",73
"chicago",3515,"afam","female",33,"no","no","yes",91
"chicago",3510,"cauc","female",25,"yes","no","yes",90
"chicago",3510,"cauc","female",25,"yes","no","yes",88
"chicago",3509,"cauc","male",34,"yes","no","yes",61
"chicago",3508,"afam","female",46,"no","no","yes",80
"chicago",3514,"afam","male",30,"no","no","yes",47
"chicago",3505,"cauc","male",29,"yes","no","yes",46
"chicago",3502,"cauc","female",53,"yes","no","yes",173
"chicago",3505,"cauc","female",38,"no","no","yes",39
"chicago",3505,"cauc","male",44,"yes","no","yes",53
"chicago",3501,"cauc","female",29,"yes","no","no",90
"chicago",3509,"cauc","male",29,"yes","no","yes",74
"chicago",3502,"cauc","male",36,"yes","no","yes",80
"chicago",3502,"cauc","female",37,"yes","no","yes",67
"chicago",3516,"afam","female",45,"no","no","no",92
"chicago",3514,"afam","female",31,"no","no","yes",35
"chicago",3507,"afam","female",52,"no","no","no",129
"chicago",3508,"afam","female",53,"no","no","no",42
"chicago",3513,"cauc","female",38,"no","no","yes",88
"chicago",3502,"cauc","male",26,"yes","no","yes",65
"chicago",3510,"cauc","female",30,"yes","no","yes",771
"chicago",3501,"cauc","female",53,"yes","no","yes",101
"chicago",3502,"cauc","male",44,"no","no","yes",93
"chicago",3510,"cauc","female",34,"yes","no","yes",94
"chicago",3504,"cauc","female",30,"yes","no","yes",101
"chicago",3510,"afam","female",42,"no","no","no",86
"chicago",3517,"afam","male",48,"yes","no","yes",349
"chicago",3517,"afam","female",50,"no","no","yes",369
"chicago",3510,"cauc","female",28,"yes","no","yes",307
"chicago",3514,"afam","male",41,"yes","no","yes",255
"chicago",3514,"afam","female",52,"no","no","no",192
"chicago",3502,"cauc","male",28,"yes","no","yes",29
"chicago",3502,"cauc","male",28,"yes","no","yes",30
"chicago",3514,"cauc","male",41,"yes","no","yes",107
"chicago",3503,"cauc","male",49,"yes","no","yes",64
"chicago",3503,"cauc","female",47,"yes","no","yes",69
"chicago",3514,"afam","female",41,"no","no","yes",221
"chicago",3514,"afam","female",47,"yes","no","yes",106
"chicago",3503,"cauc","female",48,"no","no","yes",100
"chicago",3516,"afam","male",45,"no","no","no",138
"chicago",3518,"afam","male",37,"no","no","yes",485
"chicago",3502,"cauc","female",30,"yes","no","yes",231
"chicago",3502,"cauc","female",28,"yes","no","yes",313
"chicago",3514,"afam","female",31,"yes","no","yes",29
"chicago",3516,"afam","female",39,"no","no","no",74
"chicago",3501,"afam","male",29,"no","no","yes",224
"chicago",3517,"afam","female",45,"no","no","no",64
"chicago",3517,"afam","male",50,"no","no","yes",63
"chicago",3504,"cauc","female",26,"yes","no","yes",79
"chicago",3509,"afam","female",45,"no","no","yes",148
"chicago",3507,"afam","female",36,"no","no","yes",171
"chicago",3514,"afam","female",37,"yes","no","no",138
"chicago",3518,"afam","male",41,"no","yes","yes",73
"chicago",3505,"cauc","male",52,"no","no","yes",44
"chicago",3505,"cauc","female",50,"no","no","no",42
"chicago",3505,"cauc","male",30,"no","no","yes",101
"chicago",3505,"cauc","male",27,"no","no","yes",55
"chicago",3505,"cauc","female",32,"no","no","yes",94
"chicago",3503,"cauc","female",34,"yes","no","yes",71
"chicago",3503,"cauc","male",44,"no","no","yes",80
"chicago",3511,"cauc","female",35,"yes","no","no",47
"chicago",3513,"cauc","female",53,"no","no","yes",314
"chicago",3513,"cauc","male",27,"yes","no","yes",337
"chicago",3518,"afam","female",29,"no","no","no",52
"chicago",3518,"afam","female",35,"no","no","yes",161
"chicago",3514,"afam","female",54,"no","no","yes",45
"chicago",3514,"afam","male",36,"no","no","yes",90
"chicago",3504,"cauc","male",42,"no","no","yes",67
"chicago",3517,"afam","male",35,"no","no","no",145
"chicago",3509,"cauc","female",33,"yes","no","yes",84
"chicago",3509,"cauc","male",30,"yes","no","yes",95
"chicago",3515,"afam","female",32,"no","no","no",258
"chicago",3502,"cauc","male",51,"yes","no","yes",48
"chicago",3502,"cauc","female",41,"yes","no","yes",51
"chicago",3510,"cauc","female",32,"yes","no","yes",160
"chicago",3518,"afam","female",29,"no","no","yes",184
"chicago",3509,"cauc","male",30,"yes","no","yes",150
"chicago",3502,"afam","female",25,"yes","no","yes",45
"chicago",3510,"cauc","male",46,"no","no","yes",213
"chicago",3505,"cauc","male",51,"no","no","yes",78
"chicago",3505,"cauc","female",47,"no","no","yes",65
"chicago",3515,"afam","female",32,"no","no","no",89
"chicago",3512,"afam","female",41,"no","no","no",33
"chicago",3516,"afam","male",52,"no","no","yes",70
"chicago",3510,"afam","male",35,"yes","no","yes",46
"chicago",3510,"afam","female",32,"yes","no","no",40
"chicago",3516,"afam","female",32,"yes","no","yes",182
"chicago",3510,"cauc","female",37,"yes","no","yes",52
"chicago",3510,"cauc","male",47,"yes","no","yes",58
"chicago",3518,"afam","female",43,"no","no","yes",110
"chicago",3518,"afam","male",50,"no","no","yes",98
"chicago",3503,"cauc","male",47,"yes","no","yes",69
"chicago",3503,"cauc","male",49,"no","no","yes",118
"chicago",3519,"cauc","male",50,"no","no","yes",178
"chicago",3519,"cauc","female",46,"yes","no","yes",200
"chicago",3514,"afam","female",33,"no","no","no",50
"chicago",3514,"afam","female",52,"no","no","no",82
"chicago",3518,"afam","male",54,"no","no","no",99
"chicago",3515,"afam","female",26,"no","no","yes",76
"chicago",3503,"cauc","male",53,"no","yes","yes",113
"chicago",3508,"afam","male",41,"no","no","no",54
"chicago",3508,"cauc","male",30,"yes","no","yes",40
"chicago",3505,"cauc","male",47,"no","no","no",75
"chicago",3513,"cauc","female",53,"no","no","yes",85
"chicago",3519,"afam","male",40,"no","yes","yes",110
"chicago",3519,"afam","female",48,"no","no","yes",112
"chicago",3519,"afam","female",38,"no","no","no",147
"chicago",3501,"cauc","male",29,"yes","no","yes",84
"chicago",3501,"cauc","female",28,"yes","no","yes",94
"chicago",3502,"cauc","female",26,"yes","no","yes",73
"chicago",3516,"afam","male",34,"no","no","no",182
"chicago",3516,"afam","female",29,"no","no","no",162
"chicago",3509,"cauc","female",26,"no","no","yes",135
"chicago",3501,"afam","male",27,"no","no","yes",251
"chicago",3501,"afam","male",31,"yes","no","no",367
"chicago",3504,"cauc","male",48,"no","no","yes",66
"chicago",3509,"cauc","male",31,"yes","no","yes",93
"chicago",3509,"cauc","female",31,"yes","no","yes",86
"chicago",3510,"cauc","male",31,"yes","no","yes",44
"chicago",3510,"cauc","female",28,"yes","no","no",32
"chicago",3508,"afam","female",51,"no","no","no",97
"chicago",3508,"afam","male",25,"no","no","no",185
"chicago",3509,"cauc","female",26,"yes","no","yes",88
"chicago",3502,"cauc","male",26,"yes","no","yes",45
"chicago",3516,"afam","female",45,"no","no","yes",297
"chicago",3513,"cauc","male",48,"no","no","no",92
"chicago",3515,"afam","female",26,"no","no","yes",223
"chicago",3515,"afam","male",47,"no","no","yes",260
"chicago",3508,"afam","female",35,"no","no","no",27
"chicago",3505,"cauc","female",49,"no","no","yes",54
"chicago",3505,"cauc","female",29,"no","no","yes",111
"chicago",3505,"cauc","female",25,"yes","no","no",113
"chicago",3510,"afam","male",35,"yes","no","yes",116
"chicago",3505,"cauc","male",43,"no","no","yes",69
"chicago",3505,"cauc","female",43,"yes","no","no",56
"chicago",3519,"afam","female",48,"yes","no","yes",219
"chicago",3508,"afam","male",52,"no","no","no",212
"chicago",3509,"cauc","male",38,"yes","no","yes",65
"chicago",3509,"cauc","female",39,"yes","no","yes",55
"chicago",3503,"cauc","male",33,"yes","no","yes",63
"chicago",3503,"cauc","female",32,"yes","no","no",49
"chicago",3510,"cauc","female",35,"yes","no","yes",141
"chicago",3509,"cauc","female",28,"yes","no","yes",251
"chicago",3516,"afam","female",39,"yes","no","yes",67
"chicago",3516,"afam","female",42,"no","no","yes",72
"chicago",3502,"cauc","female",54,"yes","no","no",69
"chicago",3513,"afam","female",46,"no","no","yes",251
"chicago",3502,"cauc","female",25,"yes","no","yes",420
"chicago",3506,"cauc","male",50,"yes","no","yes",217
"chicago",3516,"afam","male",52,"no","no","no",78
"chicago",3515,"afam","male",53,"no","yes","yes",131
"chicago",3503,"cauc","female",45,"yes","no","yes",87
"chicago",3503,"cauc","male",40,"yes","no","no",97
"chicago",3507,"afam","female",47,"no","no","no",179
"chicago",3507,"afam","female",27,"no","no","yes",297
"chicago",3507,"afam","female",26,"no","no","no",298
"chicago",3518,"afam","female",47,"no","no","no",162
"chicago",3509,"cauc","female",29,"no","no","yes",118
"chicago",3509,"cauc","male",54,"no","no","no",158
"chicago",3514,"cauc","female",26,"no","no","yes",25
"chicago",3508,"afam","female",31,"no","no","no",32
"chicago",3512,"cauc","male",49,"no","no","no",54
"chicago",3510,"cauc","male",33,"yes","no","yes",43
"chicago",3510,"cauc","male",30,"no","no","yes",56
"chicago",3510,"afam","male",26,"no","no","yes",601
"chicago",3510,"cauc","male",27,"yes","no","yes",107
"chicago",3502,"cauc","female",40,"no","no","yes",58
"chicago",3508,"afam","male",30,"no","no","yes",116
"chicago",3508,"afam","male",25,"no","no","yes",212
"chicago",3510,"cauc","male",33,"yes","no","yes",753
"chicago",3510,"cauc","female",30,"yes","no","yes",655
"chicago",3502,"cauc","male",53,"no","no","no",35
"chicago",3502,"cauc","female",47,"yes","no","yes",35
"chicago",3509,"cauc","female",38,"yes","no","yes",31
"chicago",3503,"cauc","female",28,"yes","no","yes",40
"chicago",3515,"afam","female",54,"no","no","no",110
"chicago",3514,"afam","male",34,"no","no","no",67
"chicago",3517,"afam","female",45,"no","no","yes",72
"chicago",3517,"afam","male",50,"no","yes","yes",68
"chicago",3510,"cauc","female",28,"yes","no","yes",34
"chicago",3502,"cauc","male",42,"yes","no","yes",90
"chicago",3502,"cauc","male",35,"yes","no","yes",196
"chicago",3505,"cauc","female",33,"yes","no","yes",71
"chicago",3505,"cauc","male",29,"no","no","yes",44
"chicago",3513,"afam","male",44,"no","no","no",162
"chicago",3513,"afam","female",45,"no","no","yes",91
"chicago",3505,"cauc","male",25,"no","no","yes",207
"chicago",3505,"cauc","male",26,"no","no","yes",321
"chicago",3505,"cauc","female",47,"no","no","yes",363
"chicago",3503,"cauc","female",44,"no","no","yes",79
"chicago",3509,"cauc","male",40,"yes","no","yes",119
"chicago",3504,"cauc","male",40,"yes","no","yes",239
"chicago",3504,"cauc","female",32,"yes","no","yes",240
"chicago",3516,"afam","male",53,"no","no","yes",91
"chicago",3516,"afam","male",33,"no","no","yes",119
"chicago",3516,"afam","female",43,"no","yes","no",33
"chicago",3514,"afam","female",26,"yes","no","no",41
"chicago",3518,"afam","male",53,"no","no","no",155
"chicago",3506,"cauc","male",50,"no","no","no",195
"chicago",3518,"afam","female",47,"no","no","yes",41
"chicago",3518,"afam","male",53,"no","no","yes",41
"chicago",3509,"cauc","male",25,"yes","no","yes",92
"chicago",3509,"cauc","male",49,"yes","no","yes",108
"chicago",3509,"cauc","male",39,"yes","no","yes",127
"chicago",3509,"cauc","female",45,"yes","no","yes",29
"chicago",3502,"cauc","female",42,"yes","no","yes",52
"chicago",3502,"cauc","female",49,"yes","no","yes",49
"chicago",3506,"cauc","male",49,"no","no","yes",325
"chicago",3507,"afam","female",42,"no","no","yes",80
"chicago",3512,"cauc","male",34,"no","no","yes",41
"chicago",3512,"cauc","female",35,"no","no","yes",27
"chicago",3510,"cauc","male",54,"no","no","yes",70
"chicago",3516,"cauc","male",52,"no","no","no",7
"chicago",3509,"cauc","male",42,"yes","no","yes",66
"chicago",3502,"cauc","female",31,"yes","no","yes",58
"chicago",3514,"afam","male",42,"yes","no","yes",267
"chicago",3514,"afam","female",40,"no","no","yes",248
"chicago",3516,"afam","female",42,"yes","no","yes",83
"chicago",3517,"cauc","female",50,"no","no","no",64
"chicago",3502,"cauc","female",40,"yes","no","yes",77
"chicago",3518,"afam","female",34,"no","no","yes",151
"chicago",3514,"afam","male",42,"no","no","yes",87
"chicago",3508,"afam","female",34,"yes","no","yes",50
"chicago",3514,"cauc","male",50,"yes","no","yes",49
"chicago",3514,"cauc","female",49,"yes","no","no",43
"chicago",3510,"cauc","female",44,"yes","no","yes",87
"chicago",3501,"cauc","female",30,"yes","no","yes",96
"chicago",3501,"cauc","male",30,"yes","no","yes",114
"chicago",3505,"cauc","female",48,"yes","no","yes",79
"chicago",3505,"cauc","male",25,"no","no","no",107
"chicago",3505,"cauc","male",38,"no","no","yes",119
"chicago",3505,"cauc","female",37,"yes","no","yes",95
"chicago",3502,"cauc","female",36,"yes","no","yes",95
"chicago",3503,"cauc","female",28,"yes","no","yes",33
"chicago",3503,"cauc","male",28,"yes","no","yes",39
"chicago",3506,"cauc","female",41,"no","no","no",104
"chicago",3505,"cauc","female",52,"no","no","yes",95
"chicago",3505,"cauc","male",27,"no","no","yes",129
"chicago",3504,"cauc","female",31,"yes","no","yes",46
"chicago",3505,"cauc","male",34,"no","no","yes",104
"chicago",3505,"cauc","female",35,"no","no","no",78
"chicago",3509,"cauc","female",42,"yes","no","yes",58
"chicago",3502,"cauc","male",40,"yes","no","yes",39
"chicago",3502,"cauc","female",41,"yes","no","yes",33
"chicago",3501,"cauc","female",37,"yes","no","yes",119
"chicago",3501,"cauc","male",40,"yes","no","yes",98
"chicago",3512,"cauc","male",30,"no","yes","yes",186
"chicago",3509,"cauc","male",33,"yes","no","yes",118
"chicago",3509,"cauc","female",31,"yes","no","no",111
"chicago",3507,"cauc","female",42,"yes","no","no",100
"chicago",3509,"cauc","male",28,"yes","no","yes",71
"chicago",3508,"afam","male",31,"no","no","yes",86
"chicago",3503,"cauc","female",45,"no","no","no",202
"chicago",3517,"cauc","male",47,"yes","no","yes",37
"chicago",3517,"cauc","female",44,"yes","no","no",41
"chicago",3501,"afam","male",41,"no","no","no",378
"chicago",3502,"cauc","male",48,"no","no","yes",82
"chicago",3510,"cauc","male",28,"yes","no","yes",78
"chicago",3510,"cauc","female",28,"yes","no","yes",68
"chicago",3516,"afam","female",52,"no","no","no",149
"chicago",3509,"cauc","female",29,"yes","no","yes",39
"chicago",3515,"afam","female",52,"no","no","yes",66
"chicago",3514,"cauc","male",27,"yes","no","no",55
"chicago",3501,"afam","male",44,"no","no","no",132
"chicago",3503,"cauc","male",28,"yes","no","yes",153
"chicago",3503,"cauc","female",27,"yes","no","yes",131
"chicago",3502,"cauc","male",52,"yes","no","yes",71
"chicago",3503,"cauc","male",37,"yes","no","yes",89
"chicago",3503,"cauc","female",35,"yes","no","yes",80
"chicago",3518,"afam","female",46,"no","no","no",78
"chicago",3518,"afam","male",53,"no","no","no",79
"chicago",3510,"afam","female",36,"yes","no","yes",31
"chicago",3510,"afam","male",36,"no","no","no",45
"chicago",3502,"cauc","female",26,"yes","no","no",77
"chicago",3502,"cauc","male",26,"yes","no","yes",73
"chicago",3501,"afam","female",31,"no","no","yes",79
"chicago",3501,"afam","female",40,"no","no","no",106
"chicago",3517,"cauc","male",40,"no","no","no",99
"chicago",3506,"cauc","male",28,"no","no","no",63
"chicago",3506,"cauc","female",41,"no","no","no",116
"chicago",3506,"cauc","male",31,"no","no","no",105
"chicago",3519,"cauc","male",47,"yes","no","yes",47
"chicago",3509,"cauc","male",25,"yes","no","yes",38
"chicago",3515,"afam","male",34,"no","no","no",192
"chicago",3515,"afam","male",54,"no","no","yes",271
"chicago",3507,"afam","female",53,"no","no","yes",68
"chicago",3507,"afam","female",34,"no","no","no",88
"chicago",3507,"afam","female",31,"no","no","yes",88
"chicago",3507,"afam","female",25,"no","no","no",85
"chicago",3507,"afam","female",45,"no","no","yes",202
"chicago",3514,"afam","male",52,"no","yes","yes",113
"chicago",3507,"afam","male",54,"no","yes","yes",90
"chicago",3509,"cauc","male",37,"no","no","yes",88
"chicago",3509,"cauc","female",43,"yes","no","yes",77
"chicago",3509,"cauc","female",28,"yes","no","yes",243
"chicago",3507,"afam","female",30,"no","no","no",96
"chicago",3516,"cauc","male",37,"no","no","no",85
"chicago",3514,"afam","female",48,"no","no","yes",41
"chicago",3514,"afam","male",31,"no","no","no",78
"chicago",3514,"afam","female",43,"no","no","yes",74
"chicago",3514,"afam","male",25,"yes","no","no",54
"chicago",3515,"afam","female",36,"no","no","no",157
"chicago",3502,"cauc","female",28,"yes","no","yes",52
"chicago",3502,"cauc","male",29,"yes","no","yes",50
"chicago",3519,"afam","female",51,"no","no","yes",195
"chicago",3510,"cauc","male",36,"yes","no","yes",39
"chicago",3507,"afam","male",40,"no","no","yes",75
"chicago",3510,"cauc","female",31,"yes","no","yes",95
"chicago",3510,"cauc","male",30,"yes","no","yes",106
"chicago",3509,"cauc","female",45,"no","no","yes",63
"chicago",3517,"afam","male",50,"no","no","no",167
"chicago",3503,"cauc","female",31,"yes","no","yes",44
"chicago",3510,"cauc","male",29,"yes","no","yes",119
"chicago",3510,"cauc","female",28,"yes","no","yes",106
"chicago",3514,"afam","female",34,"no","no","yes",32
"chicago",3514,"cauc","male",48,"yes","no","yes",92
"chicago",3514,"afam","female",38,"yes","no","yes",81
"chicago",3503,"cauc","female",29,"yes","no","yes",47
"chicago",3501,"afam","male",44,"no","no","yes",283
"chicago",3514,"afam","male",41,"yes","no","yes",39
"chicago",3516,"afam","female",38,"no","no","no",56
"chicago",3517,"afam","female",39,"yes","no","yes",95
"chicago",3506,"cauc","female",29,"yes","no","yes",62
"chicago",3517,"afam","female",50,"yes","no","yes",195
"chicago",3515,"afam","female",48,"yes","no","yes",187
"chicago",3515,"afam","female",52,"no","no","yes",75
"chicago",3515,"afam","male",29,"no","no","no",130
"chicago",3511,"cauc","female",53,"yes","no","yes",108
"chicago",3519,"cauc","male",49,"no","no","yes",54
"chicago",3516,"afam","female",53,"no","no","yes",32
"chicago",3516,"afam","male",32,"no","no","no",60
"chicago",3502,"cauc","male",54,"yes","no","yes",501
"chicago",3515,"afam","female",51,"no","no","no",234
"chicago",3518,"afam","female",33,"yes","no","no",289
"chicago",3508,"afam","female",36,"no","no","yes",118
"chicago",3508,"afam","male",25,"no","no","no",223
"chicago",3510,"afam","female",33,"no","no","yes",95
"chicago",3501,"cauc","female",32,"no","no","yes",34
"chicago",3502,"cauc","male",48,"yes","no","yes",117
"chicago",3513,"cauc","female",27,"no","no","yes",29
"chicago",3514,"afam","female",53,"yes","no","yes",174
"chicago",3502,"cauc","female",33,"yes","no","yes",38
"chicago",3514,"afam","male",32,"yes","no","yes",26
"chicago",3514,"afam","female",30,"yes","no","yes",21
"chicago",3501,"cauc","female",40,"yes","no","no",102
"chicago",3501,"cauc","male",43,"no","no","yes",84
"chicago",3502,"cauc","male",49,"yes","no","yes",217
"chicago",3514,"afam","female",48,"no","no","no",38
"chicago",3517,"cauc","male",53,"yes","no","yes",73
"chicago",3517,"cauc","female",52,"yes","no","yes",54
"chicago",3509,"cauc","male",25,"yes","no","no",99
"chicago",3515,"afam","male",50,"no","no","yes",191
"chicago",3501,"afam","male",25,"yes","no","yes",656
"chicago",3502,"cauc","female",28,"yes","no","yes",60
"chicago",3502,"cauc","male",32,"yes","no","yes",62
"chicago",3515,"afam","male",29,"no","no","no",256
"chicago",3515,"afam","male",28,"no","yes","no",372
"chicago",3508,"afam","female",25,"no","no","yes",125
"chicago",3515,"afam","male",39,"no","no","yes",149
"chicago",3509,"cauc","female",46,"yes","no","yes",65
"chicago",3509,"cauc","male",51,"yes","no","yes",75
"chicago",3509,"cauc","female",25,"yes","no","no",113
"chicago",3517,"cauc","female",52,"yes","no","yes",54
"chicago",3505,"cauc","female",47,"yes","no","yes",50
"chicago",3510,"afam","male",47,"no","no","yes",257
"chicago",3514,"afam","female",41,"no","no","yes",111
"chicago",3508,"afam","female",31,"no","no","no",47
"chicago",3516,"afam","female",54,"no","no","yes",33
"chicago",3516,"afam","female",36,"no","no","yes",48
"chicago",3509,"cauc","male",34,"yes","no","yes",82
"chicago",3510,"cauc","male",30,"yes","no","yes",164
"chicago",3511,"cauc","female",35,"yes","no","yes",57
"chicago",3515,"afam","female",25,"yes","no","yes",36
"chicago",3509,"cauc","female",40,"no","no","yes",98
"chicago",3509,"cauc","male",40,"yes","no","yes",166
"chicago",3509,"cauc","female",28,"no","no","yes",143
"chicago",3503,"cauc","female",50,"yes","no","yes",170
"chicago",3510,"cauc","male",32,"yes","no","no",201
"chicago",3507,"afam","female",37,"no","no","yes",92
"chicago",3507,"afam","male",47,"no","no","no",98
"chicago",3509,"cauc","female",49,"no","no","yes",24
"chicago",3509,"cauc","male",48,"no","no","yes",27
"chicago",3502,"cauc","female",54,"yes","no","yes",49
"chicago",3508,"afam","female",39,"no","no","yes",103
"chicago",3503,"cauc","female",51,"no","no","yes",108
"chicago",3501,"cauc","male",45,"no","no","no",425
"chicago",3503,"cauc","male",33,"yes","no","yes",210
"chicago",3503,"cauc","female",30,"yes","no","yes",163
"chicago",3510,"cauc","female",51,"yes","no","yes",45
"chicago",3516,"afam","male",40,"yes","no","yes",113
"chicago",3505,"cauc","female",37,"yes","no","yes",125
"chicago",3503,"cauc","male",39,"yes","no","yes",56
"chicago",3504,"afam","male",34,"no","no","yes",207
"chicago",3504,"afam","male",39,"yes","no","yes",320
"chicago",3517,"cauc","male",40,"yes","no","no",60
"chicago",3517,"cauc","female",41,"no","no","no",75
"chicago",3505,"cauc","female",35,"no","no","yes",100
"chicago",3504,"cauc","male",45,"yes","no","yes",145
"chicago",3509,"cauc","male",26,"yes","no","yes",35
"chicago",3517,"cauc","female",41,"yes","no","yes",96
"chicago",3517,"cauc","male",32,"no","no","yes",42
"chicago",3517,"cauc","female",32,"yes","no","yes",34
"chicago",3506,"cauc","female",54,"no","no","yes",64
"chicago",3503,"cauc","male",36,"yes","no","yes",57
"chicago",3503,"cauc","female",37,"yes","no","yes",52
"chicago",3502,"cauc","female",29,"yes","no","yes",29
"chicago",3502,"cauc","male",32,"yes","no","yes",31
"chicago",3504,"cauc","female",41,"no","no","yes",94
"chicago",3515,"afam","female",38,"no","no","no",78
"chicago",3510,"cauc","male",32,"yes","no","yes",42
"chicago",3510,"cauc","female",31,"yes","no","no",37
"chicago",3506,"afam","male",48,"no","no","no",17
"chicago",3513,"afam","male",31,"no","no","no",702
"chicago",3515,"afam","female",42,"no","no","yes",206
"chicago",3502,"afam","male",54,"no","no","no",54
"chicago",3503,"afam","male",25,"yes","no","yes",106
"chicago",3503,"afam","female",25,"yes","no","yes",118
"chicago",3514,"afam","female",52,"yes","no","yes",29
"chicago",3514,"afam","female",25,"no","no","yes",47
"chicago",3514,"afam","male",53,"no","yes","yes",38
"chicago",3503,"cauc","male",41,"yes","no","yes",115
"chicago",3502,"cauc","female",25,"yes","no","no",66
"chicago",3511,"cauc","male",26,"yes","no","yes",87
"chicago",3507,"afam","female",32,"yes","no","yes",193
"chicago",3507,"afam","female",49,"no","no","no",262
"chicago",3507,"afam","male",34,"no","no","yes",191
"chicago",3514,"afam","female",26,"no","no","yes",64
"chicago",3509,"cauc","male",25,"yes","no","yes",128
"chicago",3509,"cauc","male",54,"yes","no","yes",32
"chicago",3509,"cauc","female",54,"yes","no","yes",35
"chicago",3502,"cauc","female",38,"yes","no","no",32
"chicago",3502,"cauc","male",39,"yes","no","yes",39
"chicago",3509,"cauc","male",54,"no","no","yes",13
"chicago",3509,"cauc","female",26,"yes","no","no",67
"chicago",3509,"cauc","male",25,"yes","no","no",73
"chicago",3502,"cauc","female",33,"yes","no","yes",89
"chicago",3502,"cauc","male",31,"yes","no","yes",81
"chicago",3515,"afam","male",38,"no","no","yes",38
"chicago",3515,"afam","female",52,"no","no","no",59
"chicago",3502,"cauc","male",25,"yes","no","yes",57
"chicago",3502,"cauc","male",26,"yes","no","yes",88
"chicago",3502,"cauc","male",25,"yes","no","yes",87
"chicago",3503,"cauc","male",39,"no","no","yes",309
"chicago",3503,"cauc","female",35,"no","no","yes",280
"chicago",3510,"cauc","female",37,"yes","no","no",46
"chicago",3510,"cauc","male",39,"yes","no","yes",57
"chicago",3510,"cauc","female",34,"no","no","no",75
"chicago",3509,"cauc","male",36,"yes","no","yes",40
"chicago",3509,"cauc","female",35,"yes","no","no",33
"chicago",3501,"afam","female",26,"no","no","yes",116
"chicago",3509,"cauc","female",38,"no","no","yes",49
"chicago",3513,"cauc","male",50,"yes","no","no",72
"chicago",3507,"afam","male",41,"no","no","yes",134
"chicago",3507,"afam","female",35,"no","no","yes",173
"chicago",3509,"cauc","male",31,"yes","no","yes",41
"chicago",3509,"cauc","female",34,"yes","no","yes",39
"chicago",3509,"cauc","female",30,"yes","no","yes",51
"chicago",3509,"cauc","male",28,"yes","no","yes",74
"chicago",3502,"cauc","female",36,"yes","no","yes",70
"chicago",3502,"cauc","male",33,"yes","no","yes",73
"chicago",3514,"cauc","male",39,"yes","no","yes",45
"chicago",3514,"afam","female",31,"yes","no","yes",29
"chicago",3501,"cauc","female",42,"yes","no","yes",66
"chicago",3501,"cauc","male",43,"yes","no","yes",55
"chicago",3501,"afam","male",47,"no","no","no",102
"chicago",3516,"afam","male",46,"no","no","yes",157
"chicago",3502,"cauc","female",26,"yes","no","yes",169
"chicago",3502,"cauc","female",26,"yes","no","yes",265
"chicago",3504,"cauc","female",38,"yes","no","no",98
"chicago",3504,"cauc","male",39,"yes","no","yes",134
"chicago",3502,"cauc","male",33,"yes","no","yes",52
"chicago",3502,"cauc","female",33,"yes","no","yes",56
"chicago",3501,"cauc","male",40,"yes","no","yes",130
"chicago",3501,"cauc","female",38,"yes","no","yes",158
"chicago",3508,"afam","female",38,"no","no","yes",52
"chicago",3514,"afam","female",30,"yes","no","yes",57
"chicago",3519,"afam","female",44,"yes","no","yes",107
"chicago",3513,"cauc","male",29,"no","no","yes",145
"chicago",3509,"cauc","female",36,"yes","no","yes",56
"chicago",3514,"afam","female",39,"no","no","no",45
"chicago",3509,"cauc","male",30,"yes","no","yes",53
"chicago",3509,"cauc","male",32,"no","no","yes",84
"chicago",3501,"cauc","female",33,"yes","no","yes",52
"chicago",3512,"cauc","male",40,"no","no","yes",197
"chicago",3512,"cauc","female",37,"yes","no","no",166
"chicago",3502,"cauc","female",25,"yes","no","yes",71
"chicago",3511,"afam","male",42,"no","no","yes",347
"chicago",3516,"afam","female",50,"no","no","no",105
"chicago",3516,"afam","female",37,"no","no","no",38
"chicago",3503,"cauc","female",26,"yes","no","yes",168
"chicago",3503,"cauc","male",27,"yes","no","yes",192
"chicago",3519,"cauc","male",52,"no","no","yes",115
"chicago",3505,"cauc","male",42,"no","no","yes",541
"chicago",3510,"cauc","male",30,"yes","no","yes",125
"chicago",3510,"cauc","female",30,"yes","no","yes",109
"chicago",3501,"afam","male",25,"no","no","yes",232
"chicago",3512,"cauc","female",54,"no","no","yes",50
"chicago",3512,"cauc","male",54,"no","no","yes",48
"chicago",3513,"cauc","female",45,"no","no","yes",79
"chicago",3514,"afam","male",45,"no","no","no",113
"chicago",3502,"cauc","female",31,"yes","no","yes",101
"chicago",3502,"cauc","male",32,"yes","no","yes",150
"chicago",3502,"cauc","male",25,"yes","no","yes",84
"chicago",3515,"afam","female",42,"yes","no","yes",798
"chicago",3501,"cauc","female",53,"no","no","no",106
"chicago",3508,"afam","female",50,"no","no","no",63
"chicago",3508,"afam","female",25,"no","no","no",94
"chicago",3509,"cauc","male",36,"no","no","yes",144
"chicago",3509,"cauc","female",31,"no","no","yes",138
"chicago",3515,"afam","female",54,"no","no","yes",172
"chicago",3517,"afam","female",46,"no","no","yes",96
"chicago",3512,"afam","female",43,"no","no","no",31
"chicago",3507,"afam","female",48,"no","no","no",3
"chicago",3509,"cauc","male",30,"yes","no","yes",66
"chicago",3509,"cauc","male",27,"yes","no","no",84
"chicago",3509,"cauc","male",31,"yes","no","yes",97
"chicago",3509,"cauc","female",27,"yes","no","yes",82
"chicago",3507,"afam","female",31,"no","no","no",28
"chicago",3515,"afam","female",54,"yes","no","yes",42
"chicago",3515,"afam","male",52,"yes","no","yes",43
"chicago",3512,"cauc","male",54,"no","no","no",173
"chicago",3509,"cauc","female",40,"no","no","yes",147
"chicago",3516,"afam","male",33,"no","no","no",48
"chicago",3516,"afam","male",37,"no","no","yes",73
"chicago",3503,"afam","male",51,"yes","no","yes",87
"chicago",3503,"afam","female",50,"no","no","yes",91
"chicago",3512,"afam","male",49,"no","yes","no",63
"chicago",3504,"cauc","female",48,"yes","no","yes",95
"chicago",3519,"afam","female",29,"no","no","yes",159
"chicago",3510,"cauc","male",37,"yes","no","yes",68
"chicago",3503,"cauc","male",48,"no","no","no",118
"chicago",3514,"afam","female",26,"yes","no","yes",115
"chicago",3513,"cauc","female",50,"no","no","yes",92
"chicago",3513,"cauc","male",51,"no","no","no",98
"chicago",3514,"afam","female",29,"yes","no","no",349
"chicago",3514,"afam","female",29,"yes","no","no",528
"chicago",3502,"cauc","female",26,"yes","no","yes",177
"chicago",3502,"cauc","male",26,"yes","no","yes",170
"chicago",3513,"cauc","male",26,"no","yes","no",131
"chicago",3502,"cauc","male",38,"yes","no","yes",71
"chicago",3516,"afam","female",51,"no","no","no",49
"chicago",3513,"afam","female",38,"no","no","no",94
"chicago",3509,"cauc","male",36,"yes","no","yes",59
"chicago",3501,"cauc","male",52,"yes","no","no",117
"chicago",3509,"cauc","female",31,"no","no","yes",99
"chicago",3507,"afam","male",54,"no","no","no",157
"chicago",3503,"cauc","male",42,"yes","no","yes",47
"chicago",3503,"cauc","female",42,"yes","no","yes",42
"chicago",3508,"afam","male",39,"no","no","yes",88
"chicago",3517,"cauc","female",43,"no","no","no",106
"chicago",3502,"cauc","male",26,"yes","no","yes",48
"chicago",3502,"cauc","female",27,"yes","no","no",51
"chicago",3503,"cauc","female",36,"no","no","yes",60
"chicago",3505,"cauc","female",44,"yes","no","yes",52
"chicago",3506,"cauc","female",52,"no","no","yes",123
"chicago",3512,"cauc","male",31,"yes","no","yes",63
"chicago",3512,"cauc","female",33,"yes","no","yes",34
"chicago",3517,"cauc","male",36,"no","no","yes",175
"chicago",3517,"cauc","female",36,"no","no","yes",177
"chicago",3513,"cauc","female",37,"no","no","yes",76
"chicago",3509,"cauc","female",36,"yes","no","yes",83
"chicago",3513,"cauc","female",52,"yes","no","no",75
"chicago",3513,"cauc","male",26,"yes","no","yes",81
"chicago",3501,"cauc","female",30,"yes","no","yes",119
"chicago",3507,"afam","female",37,"no","no","yes",89
"chicago",3503,"cauc","male",30,"yes","no","yes",39
"chicago",3501,"afam","female",51,"no","no","yes",102
"chicago",3509,"cauc","male",29,"no","no","yes",66
"chicago",3516,"afam","female",44,"yes","no","yes",162
"chicago",3510,"afam","male",25,"yes","no","yes",302
"chicago",3515,"afam","female",50,"no","no","no",106
"chicago",3515,"afam","male",31,"no","no","yes",167
"chicago",3515,"afam","male",46,"no","no","no",120
"chicago",3509,"cauc","male",42,"yes","no","yes",144
"chicago",3513,"cauc","male",43,"no","no","no",126
"chicago",3511,"cauc","female",27,"yes","no","no",101
"chicago",3509,"cauc","male",27,"no","no","yes",51
"chicago",3509,"cauc","female",44,"no","no","yes",50
"chicago",3504,"cauc","female",31,"yes","no","yes",258
"chicago",3509,"cauc","male",40,"no","no","no",88
"chicago",3509,"cauc","female",35,"no","no","no",114
"chicago",3502,"cauc","female",29,"yes","no","yes",92
"chicago",3515,"afam","female",25,"no","no","no",7
"chicago",3505,"cauc","female",52,"no","no","yes",118
"chicago",3517,"afam","female",54,"yes","no","yes",64
"chicago",3517,"afam","female",31,"no","no","no",102
"chicago",3514,"cauc","male",25,"yes","no","yes",44
"chicago",3503,"cauc","male",50,"yes","no","yes",51
"chicago",3503,"cauc","male",44,"yes","no","yes",53
"chicago",3503,"cauc","female",44,"yes","no","no",92
"chicago",3513,"cauc","male",53,"no","no","yes",132
"chicago",3512,"cauc","male",39,"no","no","yes",169
"chicago",3512,"cauc","female",33,"no","no","yes",115
"chicago",3510,"afam","female",38,"no","no","yes",118
"chicago",3510,"cauc","female",33,"yes","no","yes",246
"chicago",3509,"cauc","female",25,"yes","no","no",158
"chicago",3516,"afam","male",47,"no","no","no",95
"chicago",3510,"cauc","male",34,"no","no","yes",94
"chicago",3503,"cauc","female",47,"no","no","yes",42
"chicago",3503,"cauc","male",50,"no","no","yes",47
"chicago",3502,"cauc","male",31,"no","no","yes",55
"chicago",3502,"afam","male",34,"no","no","yes",49
"chicago",3516,"afam","female",40,"yes","no","yes",65
"chicago",3502,"cauc","male",34,"yes","no","yes",256
"chicago",3507,"afam","female",35,"no","no","yes",281
"chicago",3509,"cauc","male",50,"no","no","yes",79
"chicago",3509,"cauc","male",26,"yes","no","yes",58
"chicago",3514,"afam","female",44,"yes","no","yes",221
"chicago",3516,"afam","female",50,"yes","no","no",130
"chicago",3510,"afam","female",28,"no","no","yes",512
"chicago",3514,"cauc","male",31,"yes","no","yes",54
"chicago",3515,"afam","female",37,"no","no","yes",80
"chicago",3507,"afam","female",48,"no","no","yes",198
"chicago",3502,"cauc","female",27,"yes","no","yes",57
"chicago",3507,"afam","female",51,"no","no","yes",122
"chicago",3509,"cauc","female",36,"yes","no","yes",68
"chicago",3510,"cauc","male",41,"yes","no","yes",46
"chicago",3518,"afam","female",36,"yes","no","yes",39
"chicago",3518,"afam","male",41,"no","no","yes",53
"chicago",3519,"cauc","female",45,"no","no","no",62
"chicago",3513,"afam","female",38,"yes","no","yes",135
"chicago",3513,"afam","male",38,"yes","no","yes",174
"chicago",3503,"cauc","male",32,"yes","no","no",88
"chicago",3515,"cauc","male",36,"yes","no","yes",30
"chicago",3515,"cauc","female",35,"yes","no","no",26
"chicago",3519,"afam","male",54,"no","no","no",120
"chicago",3509,"cauc","male",39,"yes","no","yes",141
"chicago",3507,"afam","male",52,"no","no","no",82
"chicago",3513,"afam","female",34,"no","no","no",139
"chicago",3513,"afam","male",40,"no","no","yes",349
"chicago",3515,"afam","male",54,"no","no","no",133
"chicago",3515,"afam","male",54,"no","no","no",133
"chicago",3508,"afam","female",40,"yes","no","yes",66
"chicago",3508,"afam","male",35,"no","no","yes",69
"chicago",3503,"cauc","male",33,"yes","no","yes",94
"chicago",3516,"afam","male",42,"no","no","yes",46
"chicago",3516,"afam","female",36,"yes","no","yes",41
"chicago",3513,"afam","female",51,"no","no","no",64
"chicago",3513,"afam","female",48,"no","no","no",86
"chicago",3513,"afam","female",40,"no","no","yes",122
"chicago",3508,"afam","female",53,"yes","no","no",360
"chicago",3508,"afam","male",31,"no","no","yes",565
"chicago",3509,"cauc","female",26,"yes","no","yes",60
"chicago",3517,"afam","male",47,"no","no","yes",99
"chicago",3517,"afam","female",46,"no","no","no",133
"chicago",3513,"cauc","male",39,"no","no","no",98
"chicago",3501,"afam","female",30,"no","no","yes",62
"chicago",3513,"afam","female",40,"no","no","yes",116
"chicago",3501,"cauc","male",49,"yes","no","yes",121
"chicago",3508,"afam","female",41,"no","no","yes",77
"chicago",3502,"cauc","male",49,"no","no","no",151
"chicago",3502,"cauc","male",35,"yes","no","yes",69
"chicago",3503,"cauc","male",32,"yes","no","yes",110
"chicago",3503,"cauc","female",29,"yes","no","yes",76
"chicago",3509,"cauc","female",31,"yes","no","yes",47
"chicago",3516,"afam","female",50,"no","no","no",32
"chicago",3516,"afam","male",50,"no","no","yes",44
"chicago",3516,"afam","male",37,"no","no","no",58
"chicago",3516,"afam","female",35,"no","no","no",52
"chicago",3501,"cauc","female",30,"no","no","yes",65
"chicago",3514,"afam","male",26,"yes","no","no",111
"chicago",3514,"afam","male",34,"no","no","no",106
"chicago",3514,"afam","female",32,"no","no","yes",125
"chicago",3514,"afam","female",29,"no","no","no",119
"chicago",3509,"cauc","male",42,"yes","no","yes",38
"chicago",3509,"cauc","female",36,"no","no","yes",33
"chicago",3503,"cauc","male",25,"no","no","yes",107
"chicago",3502,"cauc","female",28,"yes","no","yes",78
"chicago",3502,"cauc","female",29,"yes","no","yes",165
"chicago",3518,"afam","male",52,"no","no","no",89
"chicago",3518,"afam","female",52,"no","no","no",96
"chicago",3514,"afam","female",41,"no","no","yes",44
"chicago",3502,"cauc","male",45,"yes","no","yes",63
"chicago",3502,"cauc","female",40,"yes","no","yes",58
"chicago",3512,"cauc","female",35,"yes","no","yes",79
"chicago",3514,"cauc","female",54,"yes","no","yes",87
"chicago",3511,"cauc","male",41,"yes","no","yes",63
"chicago",3509,"afam","male",31,"no","no","yes",211
"chicago",3518,"afam","male",50,"no","no","yes",232
"chicago",3512,"cauc","male",37,"no","no","yes",45
"chicago",3512,"cauc","female",29,"no","no","yes",48
"chicago",3510,"cauc","male",25,"yes","no","yes",123
"chicago",3510,"cauc","male",25,"yes","no","yes",150
"chicago",3510,"cauc","male",25,"yes","no","no",153
"chicago",3514,"afam","female",29,"no","no","yes",107
"chicago",3514,"afam","female",31,"no","no","yes",171
"chicago",3502,"cauc","male",29,"yes","no","yes",50
"chicago",3518,"afam","female",54,"yes","no","yes",59
"chicago",3512,"cauc","female",34,"yes","no","yes",33
"chicago",3514,"cauc","male",33,"yes","no","yes",93
"chicago",3514,"afam","female",39,"yes","no","yes",39
"chicago",3514,"afam","female",45,"no","yes","yes",52
"chicago",3516,"afam","female",25,"no","no","yes",69
"chicago",3515,"afam","female",32,"yes","no","yes",49
"chicago",3515,"afam","male",40,"no","no","no",53
"chicago",3509,"cauc","female",31,"yes","no","yes",136
"chicago",3514,"cauc","female",45,"no","no","yes",31
"chicago",3501,"cauc","female",52,"yes","no","yes",68
"chicago",3505,"cauc","male",51,"yes","no","yes",140
"chicago",3502,"cauc","male",53,"yes","no","yes",104
"chicago",3510,"afam","female",45,"yes","no","yes",72
"chicago",3518,"afam","female",52,"no","no","yes",152
"chicago",3515,"afam","female",41,"no","no","yes",77
"chicago",3501,"cauc","male",35,"yes","no","yes",87
"chicago",3509,"cauc","female",52,"no","no","no",104
"chicago",3516,"afam","male",54,"no","no","no",61
"chicago",3516,"afam","male",45,"no","no","no",117
"chicago",3516,"afam","female",43,"no","no","no",81
"chicago",3516,"afam","male",25,"no","no","no",92
"chicago",3501,"cauc","male",49,"yes","no","yes",96
"chicago",3509,"cauc","male",28,"yes","no","no",122
"chicago",3502,"cauc","male",37,"yes","no","yes",145
"chicago",3502,"cauc","female",37,"yes","no","yes",122
"chicago",3514,"afam","female",53,"yes","yes","yes",193
"chicago",3514,"afam","female",28,"no","no","no",179
"chicago",3515,"afam","female",31,"no","no","no",72
"chicago",3515,"afam","male",34,"no","no","no",117
"chicago",3504,"cauc","female",54,"no","no","yes",85
"chicago",3510,"cauc","male",27,"yes","no","yes",187
"chicago",3513,"afam","female",43,"no","no","yes",110
"chicago",3513,"afam","male",47,"no","no","yes",116
"chicago",3501,"cauc","male",31,"yes","no","yes",212
"chicago",3512,"afam","female",37,"no","no","no",65
"chicago",3512,"afam","male",30,"no","no","yes",76
"chicago",3514,"cauc","male",37,"yes","no","no",131
"chicago",3509,"cauc","female",28,"yes","no","yes",37
"chicago",3509,"cauc","male",29,"yes","no","yes",144
"chicago",3507,"afam","male",35,"no","no","no",86
"chicago",3519,"afam","male",45,"no","no","yes",65
"chicago",3519,"afam","female",46,"no","no","yes",42
"chicago",3510,"cauc","male",27,"yes","no","yes",488
"chicago",3510,"cauc","female",26,"yes","no","yes",425
"chicago",3506,"cauc","male",53,"no","no","yes",44
"chicago",3513,"cauc","female",43,"no","no","yes",80
"chicago",3510,"afam","female",39,"no","no","yes",251
"chicago",3515,"afam","female",25,"no","no","yes",106
"chicago",3516,"afam","female",45,"no","no","yes",157
"chicago",3502,"cauc","male",34,"yes","yes","yes",50
"chicago",3502,"cauc","female",33,"yes","no","yes",55
"chicago",3502,"cauc","female",29,"yes","no","yes",26
"chicago",3502,"cauc","male",29,"yes","no","yes",24
"chicago",3506,"cauc","female",25,"no","no","no",152
"chicago",3507,"afam","male",46,"no","no","yes",308
"chicago",3503,"cauc","female",50,"yes","no","yes",128
"chicago",3518,"afam","male",36,"yes","no","yes",210
"chicago",3516,"afam","female",39,"no","no","no",353
"chicago",3518,"cauc","female",47,"no","no","no",149
"chicago",3503,"cauc","male",42,"yes","no","yes",70
"chicago",3503,"cauc","male",48,"yes","no","no",56
"chicago",3501,"cauc","male",35,"yes","no","yes",105
"chicago",3501,"cauc","female",33,"yes","no","yes",94
"chicago",3514,"cauc","female",29,"yes","no","yes",43
"chicago",3514,"afam","male",30,"yes","no","yes",69
"chicago",3509,"cauc","male",36,"yes","no","yes",44
"chicago",3519,"cauc","male",53,"no","no","yes",40
"chicago",3503,"cauc","male",38,"no","no","yes",72
"chicago",3510,"afam","female",37,"no","no","yes",195
"chicago",3510,"cauc","female",32,"no","no","yes",32
"chicago",3510,"cauc","male",28,"no","yes","yes",32
"chicago",3502,"cauc","male",27,"no","no","yes",166
"chicago",3515,"afam","female",33,"yes","no","yes",109
"chicago",3509,"cauc","male",25,"yes","no","no",88
"chicago",3514,"afam","male",26,"no","no","no",33
"chicago",3510,"cauc","female",52,"yes","no","no",207
"chicago",3510,"cauc","male",54,"yes","no","yes",220
"chicago",3511,"cauc","male",45,"yes","no","yes",6
"chicago",3512,"cauc","female",26,"yes","no","yes",88
"chicago",3512,"cauc","male",29,"no","no","yes",67
"chicago",3512,"cauc","male",29,"no","no","yes",94
"chicago",3506,"afam","female",41,"no","no","yes",108
"chicago",3506,"afam","male",42,"no","no","no",184
"chicago",3515,"afam","female",52,"no","no","no",305
"chicago",3515,"afam","male",29,"no","no","yes",558
"chicago",3512,"cauc","male",51,"no","no","yes",333
"chicago",3512,"cauc","female",41,"no","no","yes",295
"chicago",3501,"cauc","female",28,"no","no","no",201
"chicago",3502,"cauc","female",44,"yes","no","yes",66
"chicago",3505,"cauc","male",30,"no","no","no",148
"chicago",3516,"afam","male",50,"no","no","no",156
"chicago",3516,"afam","male",46,"no","no","no",163
"chicago",3516,"afam","female",54,"yes","no","yes",41
"chicago",3514,"cauc","female",30,"yes","no","yes",68
"chicago",3514,"cauc","male",29,"yes","no","no",57
"chicago",3501,"cauc","female",31,"yes","no","no",99
"chicago",3508,"afam","female",39,"no","no","no",78
"chicago",3505,"cauc","female",50,"yes","no","no",106
"chicago",3508,"afam","female",34,"no","no","yes",158
"chicago",3503,"cauc","male",32,"yes","no","yes",87
"chicago",3502,"afam","male",43,"no","no","no",96
"chicago",3508,"afam","female",35,"no","no","no",72
"chicago",3507,"afam","female",48,"no","no","no",255
"chicago",3507,"afam","male",52,"no","yes","yes",303
"chicago",3516,"afam","male",51,"no","no","yes",199
"chicago",3504,"cauc","male",44,"no","no","no",110
"chicago",3515,"afam","female",50,"no","no","yes",276
"chicago",3509,"cauc","male",52,"yes","no","yes",42
"chicago",3509,"cauc","female",52,"yes","no","yes",48
"chicago",3509,"cauc","female",39,"yes","no","yes",106
"chicago",3505,"cauc","female",29,"no","no","no",149
"chicago",3505,"cauc","male",32,"no","no","yes",175
"chicago",3515,"afam","female",51,"no","no","no",38
"chicago",3516,"afam","female",32,"no","no","yes",73
"chicago",3502,"cauc","male",43,"yes","no","yes",71
"chicago",3502,"cauc","female",33,"yes","no","yes",65
"chicago",3509,"cauc","male",36,"no","no","yes",41
"chicago",3509,"cauc","female",35,"yes","no","yes",36
"chicago",3502,"cauc","female",30,"yes","no","yes",547
"chicago",3510,"afam","male",44,"no","no","yes",125
"chicago",3502,"cauc","male",54,"no","no","yes",38
"chicago",3515,"afam","male",48,"no","yes","yes",124
"chicago",3509,"cauc","male",35,"yes","no","yes",41
"chicago",3509,"cauc","female",33,"yes","no","yes",38
"chicago",3502,"cauc","female",34,"yes","no","yes",68
"chicago",3517,"afam","female",45,"no","no","yes",128
"chicago",3517,"afam","male",50,"no","no","yes",123
"chicago",3502,"cauc","male",42,"yes","no","yes",44
"chicago",3502,"cauc","female",31,"yes","no","yes",43
"chicago",3509,"cauc","male",30,"yes","no","yes",70
"chicago",3509,"cauc","female",30,"yes","no","yes",64
"chicago",3509,"cauc","female",29,"yes","no","no",52
"chicago",3509,"cauc","female",29,"yes","no","yes",82
"chicago",3502,"cauc","female",26,"yes","no","yes",81
"chicago",3502,"cauc","female",28,"yes","no","yes",127
"chicago",3502,"cauc","female",28,"yes","no","yes",127
"chicago",3510,"cauc","male",32,"yes","no","yes",280
"chicago",3507,"afam","male",34,"yes","no","no",258
"chicago",3507,"afam","male",54,"no","no","no",280
"chicago",3503,"cauc","female",48,"yes","no","yes",38
"chicago",3503,"cauc","male",29,"yes","no","yes",67
"chicago",3503,"cauc","female",28,"yes","no","yes",59
"chicago",3513,"cauc","male",53,"no","no","yes",73
"chicago",3507,"afam","male",47,"no","no","yes",146
"chicago",3514,"afam","male",52,"no","no","yes",44
"chicago",3508,"afam","male",41,"no","no","yes",98
"chicago",3505,"cauc","female",42,"no","no","yes",109
"chicago",3507,"cauc","male",46,"yes","no","yes",111
"chicago",3507,"cauc","male",47,"yes","no","yes",108
"chicago",3507,"afam","male",46,"no","no","no",93
"chicago",3507,"afam","female",53,"no","no","no",138
"chicago",3507,"afam","female",51,"no","no","no",136
"chicago",3501,"cauc","male",50,"yes","no","yes",108
"chicago",3510,"cauc","female",49,"no","no","yes",83
"chicago",3516,"afam","female",52,"no","no","yes",88
"chicago",3516,"afam","male",31,"yes","no","no",165
"chicago",3516,"afam","female",28,"no","no","yes",149
"chicago",3516,"afam","female",40,"no","no","yes",142
"chicago",3504,"cauc","male",33,"yes","no","yes",182
"chicago",3508,"cauc","female",33,"yes","no","yes",43
"chicago",3510,"cauc","male",36,"yes","no","no",172
"chicago",3510,"cauc","female",36,"yes","no","yes",920
"chicago",3502,"cauc","male",32,"yes","no","yes",94
"chicago",3502,"cauc","female",32,"yes","no","yes",160
"chicago",3502,"cauc","male",32,"yes","no","yes",146
"chicago",3505,"cauc","male",26,"yes","no","yes",103
"chicago",3502,"cauc","female",46,"yes","no","yes",46
"chicago",3518,"afam","male",49,"no","no","yes",110
"chicago",3502,"cauc","female",25,"yes","no","yes",178
"chicago",3502,"cauc","female",25,"yes","no","yes",279
"chicago",3514,"afam","female",42,"yes","no","yes",38
"chicago",3508,"afam","female",47,"no","no","yes",28
"chicago",3508,"afam","male",25,"no","no","no",52
"chicago",3508,"afam","male",49,"no","no","no",50
"chicago",3508,"afam","female",31,"no","no","yes",36
"chicago",3508,"afam","male",35,"no","no","no",44
"chicago",3515,"afam","female",49,"no","no","yes",205
"chicago",3515,"afam","female",54,"no","no","yes",315
"chicago",3501,"cauc","female",29,"yes","no","yes",100
"chicago",3501,"cauc","male",30,"yes","no","yes",111
"chicago",3507,"afam","female",28,"yes","no","yes",128
"chicago",3507,"afam","male",34,"no","no","yes",135
"chicago",3508,"afam","female",52,"no","no","yes",73
"chicago",3513,"afam","female",50,"no","no","yes",158
"chicago",3513,"afam","male",48,"no","no","no",221
"chicago",3502,"cauc","female",40,"yes","no","yes",102
"chicago",3510,"cauc","male",32,"yes","no","yes",80
"chicago",3510,"cauc","female",30,"yes","no","yes",68
"chicago",3515,"afam","female",43,"no","no","yes",583
"chicago",3502,"cauc","male",37,"yes","no","yes",50
"chicago",3509,"cauc","female",30,"yes","no","yes",54
"chicago",3509,"cauc","male",27,"yes","no","yes",51
"chicago",3512,"cauc","female",39,"yes","no","yes",32
"chicago",3502,"cauc","female",31,"yes","no","yes",85
"chicago",3515,"afam","male",51,"no","no","no",160
"chicago",3519,"afam","male",54,"no","no","no",269
"chicago",3508,"afam","female",45,"no","no","no",85
"chicago",3510,"cauc","male",30,"yes","no","yes",171
"chicago",3510,"cauc","female",25,"yes","no","yes",132
"chicago",3509,"cauc","male",46,"yes","no","yes",96
"chicago",3509,"cauc","female",48,"yes","no","yes",90
"chicago",3516,"afam","female",54,"yes","no","yes",39
"chicago",3502,"cauc","male",33,"no","no","yes",43
"chicago",3502,"cauc","male",34,"yes","no","no",65
"chicago",3502,"cauc","male",31,"no","yes","yes",65
"chicago",3509,"cauc","female",26,"yes","no","yes",33
"chicago",3501,"cauc","male",50,"yes","no","yes",56
"chicago",3501,"cauc","female",49,"no","no","no",58
"chicago",3510,"cauc","female",53,"yes","no","no",370
"chicago",3515,"afam","male",45,"no","no","no",132
"chicago",3515,"afam","male",40,"no","no","yes",114
"chicago",3507,"afam","female",45,"no","no","yes",252
"chicago",3505,"cauc","male",53,"no","no","no",109
"chicago",3513,"afam","female",36,"no","no","yes",73
"chicago",3508,"afam","female",46,"no","no","yes",48
"chicago",3509,"cauc","male",34,"no","no","yes",215
"chicago",3509,"cauc","male",30,"no","no","yes",336
"chicago",3504,"cauc","female",36,"yes","no","yes",30
"chicago",3508,"afam","male",28,"yes","no","yes",40
"chicago",3513,"afam","female",43,"no","no","no",154
"chicago",3513,"afam","male",42,"no","no","yes",198
"chicago",3518,"afam","female",32,"no","no","no",101
"chicago",3511,"cauc","male",37,"no","no","yes",53
"chicago",3511,"cauc","female",33,"yes","no","no",66
"chicago",3508,"cauc","female",48,"no","no","yes",28
"chicago",3508,"cauc","male",50,"no","no","no",34
"chicago",3509,"cauc","female",26,"no","no","yes",83
"chicago",3509,"cauc","female",32,"no","no","no",139
"chicago",3509,"cauc","male",29,"no","no","yes",128
"chicago",3515,"afam","female",49,"no","no","yes",116
"chicago",3515,"afam","female",47,"no","no","yes",116
"chicago",3504,"cauc","female",47,"no","no","yes",37
"chicago",3517,"cauc","female",48,"no","no","yes",40
"chicago",3503,"cauc","male",33,"yes","no","yes",92
"chicago",3503,"cauc","female",33,"yes","no","yes",71
"chicago",3504,"cauc","male",32,"no","no","yes",85
"chicago",3505,"cauc","female",47,"yes","no","yes",77
"chicago",3505,"cauc","male",45,"no","no","no",96
"chicago",3509,"cauc","female",27,"yes","no","yes",107
"chicago",3509,"cauc","female",28,"no","no","yes",165
"chicago",3509,"cauc","male",27,"yes","no","yes",169
"chicago",3516,"afam","female",32,"yes","no","yes",105
"chicago",3507,"afam","female",37,"no","no","yes",188
"chicago",3510,"cauc","female",38,"no","no","yes",53
"chicago",3505,"cauc","male",32,"no","no","yes",222
"chicago",3505,"cauc","female",29,"yes","no","no",197
"chicago",3516,"afam","female",39,"yes","no","no",85
"chicago",3511,"afam","female",43,"no","no","no",134
"chicago",3510,"afam","female",32,"yes","no","yes",114
"chicago",3508,"cauc","male",26,"yes","no","yes",80
"chicago",3508,"cauc","female",27,"yes","no","yes",69
"chicago",3510,"cauc","female",32,"yes","no","yes",40
"chicago",3509,"cauc","female",34,"yes","no","yes",25
"chicago",3509,"cauc","male",34,"no","no","yes",29
"chicago",3502,"cauc","male",31,"yes","no","yes",49
"chicago",3501,"afam","male",42,"no","no","yes",498
"chicago",3501,"afam","male",45,"no","no","yes",127
"chicago",3501,"afam","female",37,"no","no","no",154
"chicago",3510,"cauc","female",27,"yes","no","yes",138
"chicago",3510,"cauc","male",28,"yes","no","yes",155
"chicago",3512,"cauc","female",47,"no","no","no",61
"chicago",3514,"afam","male",47,"no","no","no",112
"chicago",3514,"afam","female",45,"no","no","yes",91
"chicago",3518,"afam","female",36,"no","no","no",447
"chicago",3509,"cauc","female",49,"yes","no","yes",38
"chicago",3503,"cauc","female",42,"yes","no","yes",73
"chicago",3504,"cauc","male",41,"yes","yes","yes",137
"chicago",3504,"cauc","female",37,"yes","yes","yes",107
"chicago",3516,"afam","female",47,"no","no","yes",106
"chicago",3501,"cauc","male",30,"yes","no","yes",168
"chicago",3510,"afam","female",40,"no","no","yes",61
"chicago",3518,"afam","female",53,"no","no","no",101
"chicago",3518,"afam","female",28,"no","no","no",100
"chicago",3515,"afam","female",32,"no","no","yes",44
"chicago",3505,"cauc","female",29,"yes","no","yes",125
"chicago",3506,"cauc","male",41,"no","no","yes",128
"chicago",3501,"afam","male",37,"no","no","no",264
"chicago",3502,"cauc","female",31,"yes","no","yes",40
"chicago",3502,"cauc","male",32,"yes","no","yes",38
"chicago",3509,"cauc","male",40,"yes","no","yes",50
"chicago",3509,"cauc","female",39,"yes","no","no",45
"chicago",3502,"cauc","male",25,"yes","no","yes",249
"chicago",3503,"cauc","female",52,"yes","no","yes",318
"chicago",3505,"cauc","male",50,"no","no","no",742
"chicago",3514,"afam","female",32,"yes","no","yes",69
"chicago",3504,"cauc","male",50,"yes","yes","yes",41
"chicago",3504,"cauc","female",44,"no","no","yes",38
"chicago",3504,"cauc","male",41,"yes","no","yes",90
"chicago",3504,"cauc","female",43,"yes","no","yes",71
"chicago",3508,"afam","female",31,"no","no","no",45
"chicago",3508,"afam","male",26,"no","no","no",65
"chicago",3515,"afam","female",54,"no","no","yes",101
"chicago",3515,"afam","female",26,"no","no","yes",140
"chicago",3515,"afam","female",25,"yes","no","no",138
"chicago",3515,"afam","female",47,"no","no","yes",73
"chicago",3515,"afam","female",25,"no","no","no",109
"chicago",3506,"cauc","male",45,"no","no","yes",104
"chicago",3510,"cauc","female",37,"yes","no","yes",303
"chicago",3505,"cauc","male",40,"no","no","yes",61
"chicago",3505,"cauc","female",41,"no","no","yes",49
"chicago",3501,"cauc","male",33,"yes","no","yes",412
"chicago",3510,"cauc","female",54,"yes","no","yes",104
"chicago",3516,"afam","male",49,"no","no","yes",91
"chicago",3502,"cauc","male",33,"yes","no","yes",46
"chicago",3502,"cauc","female",32,"yes","no","yes",50
"chicago",3516,"afam","male",30,"no","no","yes",79
"chicago",3501,"cauc","male",25,"no","yes","yes",83
"chicago",3519,"cauc","female",36,"no","no","yes",87
"chicago",3504,"cauc","female",54,"yes","no","yes",70
"chicago",3504,"cauc","male",54,"no","no","yes",57
"chicago",3508,"afam","female",26,"no","no","yes",202
"chicago",3509,"cauc","female",28,"yes","no","no",70
"chicago",3509,"cauc","male",28,"yes","no","yes",74
"chicago",3501,"cauc","male",42,"yes","no","yes",225
"chicago",3509,"cauc","female",44,"yes","no","yes",23
"chicago",3509,"cauc","male",45,"yes","no","yes",25
"chicago",3501,"cauc","female",46,"yes","no","yes",102
"chicago",3501,"cauc","female",50,"yes","no","yes",106
"chicago",3516,"afam","female",50,"no","no","no",138
"chicago",3516,"afam","female",27,"no","no","yes",236
"chicago",3519,"afam","female",43,"no","no","no",34
"chicago",3504,"cauc","male",39,"no","no","yes",206
"chicago",3505,"cauc","male",26,"no","no","yes",69
"chicago",3509,"afam","male",48,"no","no","no",6
"chicago",3505,"cauc","male",52,"no","no","yes",56
"chicago",3505,"cauc","female",48,"yes","no","yes",47
"chicago",3518,"afam","male",53,"no","no","yes",46
"chicago",3502,"cauc","female",38,"no","no","yes",90
"chicago",3504,"cauc","female",32,"yes","no","yes",180
"chicago",3504,"cauc","male",34,"yes","no","yes",234
"chicago",3516,"afam","female",54,"no","no","yes",162
"chicago",3516,"afam","male",34,"no","yes","no",307
"chicago",3518,"afam","female",29,"no","no","yes",73
"chicago",3518,"afam","female",31,"no","no","yes",127
"chicago",3510,"cauc","female",44,"yes","no","yes",191
"chicago",3501,"cauc","male",26,"no","no","no",31
"chicago",3503,"cauc","female",54,"yes","no","no",76
"chicago",3516,"afam","male",30,"no","no","no",102
"chicago",3517,"afam","female",49,"no","no","yes",182
"chicago",3517,"afam","male",50,"no","no","yes",177
"chicago",3510,"cauc","female",53,"yes","no","yes",120
"chicago",3503,"cauc","male",38,"yes","no","no",51
"chicago",3502,"cauc","female",40,"yes","no","yes",62
"chicago",3509,"cauc","male",30,"no","no","yes",84
"chicago",3509,"cauc","female",30,"yes","no","yes",77
"chicago",3508,"afam","male",50,"no","no","yes",108
"chicago",3517,"cauc","male",30,"no","no","yes",81
"chicago",3517,"cauc","female",31,"no","no","no",69
"chicago",3515,"afam","male",53,"no","no","yes",122
"chicago",3501,"cauc","female",44,"no","no","yes",82
"chicago",3510,"cauc","female",53,"yes","no","yes",74
"chicago",3517,"cauc","male",45,"yes","no","yes",244
"chicago",3517,"cauc","female",45,"no","no","no",279
"chicago",3501,"cauc","female",28,"no","no","yes",88
"chicago",3501,"cauc","male",32,"no","yes","yes",97
"chicago",3509,"cauc","male",32,"yes","no","yes",117
"chicago",3505,"cauc","male",39,"yes","no","yes",85
"chicago",3505,"cauc","female",35,"no","no","yes",69
"chicago",3518,"afam","male",46,"no","no","yes",86
"chicago",3518,"afam","female",43,"yes","no","yes",72
"chicago",3505,"cauc","female",50,"no","yes","no",53
"chicago",3505,"cauc","female",47,"no","no","yes",49
"chicago",3509,"cauc","female",31,"yes","no","yes",192
"chicago",3514,"afam","male",50,"no","no","yes",50
"chicago",3514,"afam","male",44,"yes","no","no",80
"chicago",3516,"afam","male",53,"no","no","no",126
"chicago",3519,"afam","male",44,"yes","no","yes",257
"chicago",3519,"afam","female",40,"yes","no","yes",206
"chicago",3515,"afam","male",40,"no","no","yes",108
"chicago",3515,"afam","male",34,"yes","no","yes",125
"chicago",3515,"afam","female",38,"no","no","no",117
"chicago",3515,"afam","male",45,"no","no","yes",210
"chicago",3503,"cauc","male",29,"yes","no","yes",34
"chicago",3503,"cauc","female",29,"yes","no","no",30
"chicago",3505,"cauc","male",51,"no","no","no",301
"chicago",3513,"cauc","female",36,"yes","no","yes",272
"chicago",3513,"cauc","male",38,"no","no","yes",289
"chicago",3517,"afam","female",50,"no","no","no",97
"chicago",3517,"afam","male",51,"no","yes","no",120
"chicago",3517,"afam","female",33,"no","no","yes",152
"chicago",3510,"cauc","male",25,"no","yes","yes",145
"chicago",3501,"cauc","female",28,"yes","no","yes",96
"chicago",3509,"cauc","female",27,"yes","no","yes",57
"chicago",3509,"cauc","male",26,"no","yes","yes",60
"chicago",3515,"afam","female",53,"no","no","no",10
"chicago",3513,"afam","female",33,"no","no","yes",116
"chicago",3513,"afam","male",25,"no","no","yes",113
"chicago",3501,"cauc","male",39,"no","no","yes",274
"chicago",3501,"cauc","male",42,"no","no","yes",132
"chicago",3501,"cauc","male",43,"yes","no","yes",166
"chicago",3514,"afam","female",29,"no","no","yes",46
"chicago",3514,"afam","female",47,"no","no","no",78
"chicago",3515,"afam","female",32,"no","no","yes",153
"chicago",3515,"afam","female",26,"no","no","yes",163
"chicago",3513,"cauc","female",32,"no","no","yes",87
"chicago",3503,"cauc","female",35,"yes","no","yes",53
"chicago",3503,"cauc","female",41,"yes","no","yes",54
"chicago",3504,"cauc","male",44,"yes","no","yes",314
"chicago",3504,"cauc","female",41,"yes","no","no",245
"chicago",3502,"cauc","female",46,"yes","no","yes",52
"chicago",3502,"cauc","male",45,"yes","no","yes",63
"chicago",3502,"cauc","female",53,"yes","no","no",73
"chicago",3505,"cauc","female",51,"yes","no","no",73
"chicago",3510,"cauc","male",28,"yes","no","yes",143
"chicago",3518,"afam","female",35,"no","no","yes",297
"chicago",3514,"cauc","female",25,"yes","no","no",69
"chicago",3510,"afam","female",54,"no","no","no",36
"chicago",3510,"afam","male",33,"no","no","no",62
"chicago",3516,"afam","male",44,"no","yes","yes",477
"chicago",3516,"afam","female",37,"no","no","no",672
"chicago",3511,"afam","female",50,"no","no","yes",97
"chicago",3511,"afam","male",27,"no","no","no",102
"chicago",3515,"afam","female",50,"no","no","no",58
"chicago",3502,"cauc","female",33,"yes","no","yes",256
"chicago",3502,"cauc","male",35,"no","no","yes",271
"chicago",3505,"cauc","female",32,"no","no","no",139
"chicago",3505,"cauc","male",30,"no","no","no",149
"chicago",3501,"cauc","male",26,"no","no","yes",276
"chicago",3501,"afam","male",41,"no","no","yes",348
"chicago",3510,"cauc","female",32,"no","no","yes",52
"chicago",3513,"cauc","female",53,"no","no","yes",82
"chicago",3510,"cauc","male",27,"yes","no","yes",36
"chicago",3503,"cauc","female",27,"yes","no","yes",114
"chicago",3503,"cauc","male",29,"yes","no","yes",225
"chicago",3503,"cauc","male",27,"yes","no","yes",225
"chicago",3501,"cauc","male",40,"yes","no","yes",123
"chicago",3501,"cauc","female",37,"yes","no","yes",152
"chicago",3518,"afam","female",42,"no","no","no",83
"chicago",3518,"afam","male",44,"no","no","no",96
"chicago",3513,"cauc","female",53,"no","no","yes",183
"chicago",3513,"cauc","female",32,"no","no","no",277
"chicago",3513,"cauc","male",37,"no","no","yes",295
"chicago",3508,"afam","male",35,"no","no","no",309
"chicago",3503,"cauc","male",35,"yes","no","yes",33
"chicago",3503,"cauc","female",31,"yes","no","yes",29
"chicago",3510,"cauc","male",26,"yes","no","yes",46
"chicago",3510,"cauc","female",31,"yes","no","yes",45
"chicago",3516,"afam","female",28,"no","no","yes",193
"chicago",3508,"afam","female",52,"no","no","yes",106
"chicago",3508,"afam","male",52,"no","no","no",99
"chicago",3512,"cauc","male",40,"no","no","no",57
"chicago",3513,"afam","female",31,"no","no","no",104
"chicago",3513,"afam","female",28,"no","no","no",199
"chicago",3502,"cauc","male",43,"yes","yes","yes",69
"chicago",3507,"afam","male",40,"no","no","yes",61
"chicago",3507,"afam","female",35,"no","no","yes",79
"chicago",3515,"afam","female",29,"no","no","yes",116
"chicago",3510,"cauc","female",30,"yes","no","yes",261
"chicago",3504,"cauc","male",44,"no","no","yes",67
"chicago",3504,"cauc","female",43,"yes","no","yes",53
"chicago",3503,"cauc","male",31,"no","no","yes",81
"chicago",3514,"afam","female",43,"no","no","no",121
"chicago",3509,"cauc","male",28,"no","no","yes",179
"chicago",3516,"afam","female",41,"no","no","no",117
"chicago",3513,"cauc","female",53,"no","no","yes",60
"chicago",3513,"cauc","female",27,"no","no","yes",72
"chicago",3506,"cauc","female",50,"no","yes","no",285
"chicago",3507,"afam","female",54,"no","no","yes",105
"chicago",3501,"cauc","female",50,"no","no","yes",106
"chicago",3508,"cauc","male",43,"yes","no","yes",68
"chicago",3502,"cauc","male",28,"yes","no","yes",48
"chicago",3516,"afam","female",39,"no","no","no",90
"chicago",3516,"afam","male",32,"no","no","no",102
"chicago",3502,"cauc","male",25,"yes","no","yes",171
"chicago",3513,"afam","male",40,"no","no","no",85
"chicago",3502,"cauc","female",45,"no","no","yes",210
"chicago",3502,"afam","male",51,"no","no","yes",314
"chicago",3504,"cauc","female",25,"no","no","yes",187
"chicago",3510,"cauc","male",35,"yes","no","yes",99
"chicago",3516,"afam","male",44,"no","no","yes",66
"chicago",3516,"afam","female",41,"no","no","yes",59
"chicago",3502,"cauc","female",28,"yes","no","yes",59
"chicago",3502,"cauc","female",30,"yes","no","yes",107
"chicago",3502,"cauc","female",27,"yes","no","yes",92
"chicago",3519,"afam","female",39,"yes","no","yes",33
"chicago",3502,"cauc","male",44,"yes","no","yes",283
"chicago",3504,"cauc","female",44,"yes","no","yes",68
"chicago",3504,"cauc","male",45,"yes","yes","yes",80
"chicago",3515,"afam","male",43,"no","no","yes",55
"chicago",3519,"afam","female",47,"no","no","no",95
"chicago",3501,"cauc","male",50,"yes","no","yes",113
"chicago",3501,"cauc","female",51,"yes","no","yes",121
"chicago",3509,"cauc","male",39,"yes","no","yes",35
"chicago",3509,"cauc","female",35,"yes","no","yes",31
"chicago",3512,"cauc","female",33,"no","no","yes",32
"chicago",3510,"cauc","female",32,"yes","no","yes",32
"chicago",3510,"cauc","male",31,"yes","no","no",36
"chicago",3508,"afam","male",38,"no","yes","yes",37
"chicago",3508,"afam","female",40,"no","no","no",34
"chicago",3502,"cauc","female",27,"yes","no","yes",83
"chicago",3517,"cauc","male",43,"no","no","yes",37
"chicago",3509,"cauc","male",41,"yes","no","yes",139
"chicago",3508,"afam","male",41,"no","no","no",560
"chicago",3508,"afam","male",36,"no","no","no",561
"chicago",3514,"cauc","female",38,"yes","no","yes",86
"chicago",3514,"cauc","male",38,"yes","no","yes",112
"chicago",3509,"cauc","male",27,"yes","no","yes",202
"chicago",3503,"cauc","male",33,"yes","no","yes",68
"chicago",3503,"cauc","female",33,"no","no","yes",53
"chicago",3513,"afam","male",43,"no","no","yes",346
"chicago",3513,"afam","female",39,"no","no","no",276
"chicago",3509,"cauc","male",25,"yes","no","yes",74
"chicago",3509,"cauc","male",35,"yes","no","yes",61
"chicago",3509,"cauc","female",28,"yes","no","yes",53
"chicago",3508,"afam","female",49,"no","no","no",150
"chicago",3508,"afam","female",29,"no","no","yes",213
"chicago",3508,"afam","female",48,"no","no","yes",224
"chicago",3502,"cauc","male",34,"yes","no","no",164
"chicago",3509,"cauc","female",51,"no","no","no",80
"chicago",3506,"cauc","female",44,"no","no","no",3
"chicago",3512,"afam","male",40,"no","no","no",64
"chicago",3512,"afam","female",37,"no","no","yes",53
"chicago",3501,"cauc","female",52,"no","no","yes",166
"chicago",3501,"cauc","male",50,"no","no","yes",197
"chicago",3502,"cauc","male",54,"yes","no","yes",47
"chicago",3502,"cauc","female",30,"yes","no","yes",47
"chicago",3502,"cauc","male",30,"yes","no","yes",42
"chicago",3502,"cauc","female",26,"no","no","yes",156
"chicago",3502,"cauc","male",26,"no","no","no",149
"chicago",3516,"afam","female",48,"no","no","no",362
"chicago",3509,"cauc","male",38,"yes","no","yes",39
"chicago",3509,"cauc","female",33,"yes","no","no",39
"chicago",3510,"cauc","male",47,"yes","no","yes",249
"chicago",3509,"cauc","female",31,"yes","no","yes",82
"chicago",3513,"cauc","male",51,"no","no","no",60
"chicago",3516,"afam","female",52,"no","no","yes",35
"chicago",3516,"afam","male",31,"yes","no","yes",66
"chicago",3503,"cauc","male",43,"no","no","yes",92
"chicago",3503,"cauc","female",46,"no","no","yes",80
"chicago",3503,"cauc","male",32,"yes","no","yes",37
"chicago",3516,"afam","male",35,"no","no","yes",95
"chicago",3508,"afam","female",32,"no","no","yes",107
"chicago",3514,"afam","female",52,"no","no","yes",34
"chicago",3516,"afam","female",52,"no","no","no",81
"chicago",3516,"afam","male",27,"no","no","yes",98
"chicago",3519,"afam","female",47,"no","no","yes",94
"chicago",3501,"cauc","female",35,"yes","no","yes",145
"chicago",3501,"cauc","male",35,"yes","no","yes",121
"chicago",3509,"cauc","female",30,"yes","no","no",35
"chicago",3509,"cauc","male",31,"yes","no","yes",39
"chicago",3515,"afam","female",49,"yes","no","yes",133
"chicago",3515,"afam","male",52,"no","no","yes",143
"chicago",3515,"afam","male",44,"no","no","no",67
"chicago",3515,"afam","male",52,"no","no","yes",46
"chicago",3503,"cauc","female",28,"no","no","no",80
"chicago",3503,"cauc","male",29,"no","no","yes",92
"chicago",3509,"cauc","male",40,"yes","no","yes",190
"chicago",3515,"afam","male",53,"no","no","no",186
"chicago",3515,"afam","female",50,"yes","no","yes",54
"chicago",3502,"cauc","male",48,"no","no","yes",64
"chicago",3506,"cauc","male",51,"no","no","yes",109
"chicago",3506,"cauc","female",44,"no","no","yes",116
"chicago",3506,"cauc","male",40,"no","no","yes",158
"chicago",3506,"cauc","male",35,"no","no","yes",161
"chicago",3506,"cauc","female",41,"no","no","yes",166
"chicago",3506,"cauc","female",30,"no","no","yes",225
"chicago",3515,"afam","female",44,"no","no","no",40
"chicago",3508,"afam","female",49,"no","no","no",47
"chicago",3514,"afam","female",40,"no","no","no",62
"chicago",3501,"cauc","male",31,"no","no","no",211
"chicago",3501,"cauc","male",34,"yes","no","yes",270
"chicago",3501,"cauc","male",42,"yes","no","yes",95
"chicago",3505,"cauc","female",34,"yes","no","no",686
"chicago",3516,"afam","female",34,"no","no","yes",150
"chicago",3515,"afam","female",44,"no","no","yes",71
"chicago",3515,"afam","male",45,"no","no","yes",84
"chicago",3514,"afam","male",28,"yes","no","yes",122
"chicago",3508,"afam","female",51,"no","no","yes",29
"chicago",3510,"afam","female",39,"yes","no","yes",34
"chicago",3512,"afam","female",45,"no","no","yes",106
"chicago",3518,"afam","female",48,"no","no","no",92
"chicago",3518,"afam","male",34,"no","no","no",150
"chicago",3515,"afam","female",32,"no","no","no",91
"chicago",3515,"afam","female",54,"no","no","no",143
"chicago",3514,"afam","female",26,"yes","no","yes",215
"chicago",3502,"cauc","male",41,"yes","no","yes",344
"chicago",3519,"afam","male",48,"no","no","yes",140
"chicago",3506,"cauc","male",33,"no","no","yes",176
"chicago",3505,"cauc","female",39,"no","no","no",95
"chicago",3505,"cauc","male",40,"no","no","yes",124
"chicago",3505,"cauc","male",41,"yes","no","yes",123
"chicago",3512,"cauc","male",48,"no","no","yes",143
"chicago",3502,"cauc","male",49,"yes","no","yes",124
"chicago",3502,"cauc","female",48,"yes","no","yes",103
"chicago",3515,"afam","female",51,"no","no","no",97
"chicago",3502,"cauc","male",51,"yes","no","yes",142
"chicago",3509,"cauc","male",30,"yes","no","yes",70
"chicago",3509,"cauc","female",28,"yes","no","yes",60
"chicago",3515,"cauc","male",44,"no","no","yes",26
"chicago",3515,"cauc","female",38,"yes","no","yes",23
"chicago",3509,"cauc","male",29,"yes","yes","yes",156
"chicago",3509,"cauc","female",25,"yes","no","yes",158
"chicago",3502,"cauc","male",52,"no","no","yes",68
"chicago",3502,"cauc","female",51,"no","no","yes",82
"chicago",3509,"cauc","male",31,"yes","no","yes",66
"chicago",3509,"cauc","female",27,"no","no","yes",56
"chicago",3515,"afam","female",31,"no","yes","no",31
"chicago",3515,"afam","male",51,"no","no","yes",35
"chicago",3507,"cauc","male",33,"no","no","yes",142
"chicago",3507,"cauc","female",30,"no","no","no",136
"chicago",3510,"afam","male",37,"yes","no","yes",77
"chicago",3510,"cauc","female",29,"no","no","yes",55
"chicago",3517,"afam","female",39,"yes","no","yes",77
"chicago",3517,"afam","male",49,"no","no","yes",74
"chicago",3509,"cauc","female",44,"no","no","yes",166
"chicago",3509,"cauc","female",40,"no","no","no",171
"chicago",3501,"cauc","female",35,"yes","no","yes",108
"chicago",3517,"cauc","male",48,"no","yes","yes",65
"chicago",3517,"cauc","female",49,"no","no","yes",73
"chicago",3502,"cauc","female",28,"yes","no","yes",210
"chicago",3502,"cauc","male",28,"yes","no","yes",200
"chicago",3509,"cauc","male",36,"no","no","yes",59
"chicago",3509,"cauc","female",41,"yes","no","yes",54
"chicago",3501,"cauc","male",54,"no","no","yes",57
"chicago",3519,"afam","female",47,"no","no","no",28
"chicago",3501,"cauc","male",46,"no","no","yes",282
"chicago",3502,"cauc","male",25,"yes","no","yes",67
"chicago",3502,"cauc","male",26,"yes","no","yes",105
"chicago",3502,"cauc","male",26,"yes","no","no",105
"chicago",3502,"cauc","male",25,"yes","no","yes",105
"chicago",3514,"afam","female",45,"no","no","yes",45
"chicago",3515,"afam","female",41,"yes","no","no",61
"chicago",3502,"cauc","female",33,"yes","no","yes",87
"chicago",3502,"cauc","male",35,"yes","no","yes",90
"chicago",3507,"afam","female",29,"no","no","yes",252
"chicago",3502,"cauc","male",26,"yes","no","yes",129
"chicago",3515,"afam","female",42,"no","no","no",109
"chicago",3510,"cauc","female",28,"yes","no","yes",25
"chicago",3508,"afam","female",52,"no","no","yes",94
"chicago",3507,"afam","male",54,"no","no","no",100
"chicago",3514,"afam","female",35,"no","no","yes",174
"chicago",3515,"afam","female",41,"no","no","yes",99
"chicago",3518,"afam","male",49,"no","no","no",172
"chicago",3514,"afam","female",43,"no","no","no",64
"chicago",3502,"cauc","male",45,"yes","no","yes",147
"chicago",3502,"cauc","male",44,"yes","no","yes",60
"chicago",3502,"cauc","male",51,"yes","no","yes",31
"chicago",3502,"cauc","female",54,"yes","no","no",38
"chicago",3514,"afam","female",32,"yes","no","yes",87
"chicago",3519,"afam","female",27,"no","no","yes",246
"chicago",3502,"cauc","male",32,"yes","no","yes",44
"chicago",3502,"cauc","male",31,"yes","no","yes",67
"chicago",3515,"afam","male",41,"no","yes","yes",188
"chicago",3505,"cauc","female",43,"yes","no","no",87
"chicago",3505,"cauc","male",48,"no","no","yes",92
"chicago",3509,"cauc","female",38,"yes","no","yes",73
"chicago",3509,"cauc","male",41,"yes","no","yes",88
"chicago",3503,"cauc","female",30,"yes","no","yes",44
"chicago",3502,"cauc","male",26,"no","no","yes",106
"chicago",3506,"cauc","male",33,"yes","no","yes",35
"chicago",3506,"cauc","female",32,"yes","no","no",50
"chicago",3509,"cauc","female",49,"no","no","yes",108
"chicago",3503,"cauc","female",35,"yes","no","yes",236
"chicago",3519,"afam","female",39,"yes","no","yes",133
"chicago",3508,"afam","female",35,"yes","no","yes",227
"chicago",3515,"afam","male",48,"no","no","yes",155
"chicago",3515,"afam","female",46,"no","no","yes",189
"chicago",3514,"afam","male",35,"no","no","yes",77
"chicago",3514,"afam","female",39,"no","no","no",71
"chicago",3501,"cauc","male",31,"yes","no","yes",260
"chicago",3501,"cauc","female",30,"yes","no","yes",226
"chicago",3503,"cauc","female",54,"no","no","no",71
"chicago",3503,"cauc","female",25,"yes","no","yes",84
"chicago",3507,"afam","male",51,"no","no","no",124
"chicago",3504,"cauc","female",43,"yes","no","yes",81
"chicago",3516,"afam","female",25,"no","no","yes",155
"chicago",3509,"cauc","male",50,"yes","no","yes",211
"chicago",3510,"cauc","male",36,"yes","no","yes",45
"chicago",3503,"cauc","male",49,"no","no","yes",76
"chicago",3503,"cauc","female",45,"no","no","yes",80
"chicago",3510,"cauc","male",31,"no","yes","yes",43
"chicago",3518,"afam","female",38,"yes","no","yes",329
"chicago",3518,"afam","male",36,"no","no","yes",439
"chicago",3517,"afam","male",52,"no","no","yes",296
"chicago",3502,"cauc","male",52,"yes","no","no",32
"chicago",3507,"afam","female",43,"no","no","no",3
"chicago",3514,"cauc","male",46,"yes","no","no",39
"chicago",3514,"afam","female",36,"no","no","no",34
"chicago",3501,"cauc","male",44,"yes","no","yes",77
"chicago",3516,"afam","female",48,"yes","no","yes",41
"chicago",3508,"afam","male",43,"no","no","no",104
"chicago",3518,"afam","female",51,"yes","no","yes",119
"chicago",3507,"afam","female",35,"yes","no","yes",274
"chicago",3517,"afam","male",54,"no","no","yes",360
"chicago",3501,"afam","female",49,"no","no","yes",39
"chicago",3501,"afam","female",48,"no","no","no",49
"chicago",3501,"cauc","male",38,"no","no","yes",105
"chicago",3504,"cauc","male",35,"no","no","yes",38
"chicago",3504,"cauc","female",38,"yes","no","no",30
"chicago",3510,"cauc","female",32,"yes","no","yes",120
"chicago",3510,"cauc","male",33,"yes","no","yes",48
"chicago",3510,"cauc","female",27,"yes","no","yes",36
"chicago",3512,"afam","male",51,"no","yes","yes",103
"chicago",3507,"afam","female",41,"no","no","yes",67
"chicago",3507,"afam","male",39,"no","no","yes",49
"chicago",3514,"cauc","male",26,"no","no","yes",256
"chicago",3504,"cauc","male",25,"no","yes","no",179
"chicago",3502,"cauc","female",27,"yes","no","yes",79
"chicago",3506,"cauc","male",43,"no","no","yes",140
"chicago",3506,"cauc","female",38,"no","no","no",147
"chicago",3501,"cauc","female",35,"yes","no","yes",156
"chicago",3501,"cauc","male",30,"yes","no","yes",135
"chicago",3507,"afam","male",47,"no","no","yes",140
"chicago",3507,"afam","male",45,"no","no","no",141
"chicago",3507,"afam","female",37,"no","no","no",127
"chicago",3505,"cauc","female",50,"no","no","yes",112
"chicago",3509,"cauc","female",37,"yes","no","yes",35
"chicago",3509,"cauc","male",39,"yes","no","yes",42
"chicago",3511,"afam","female",25,"yes","no","yes",163
"chicago",3518,"afam","female",50,"no","no","yes",71
"chicago",3507,"afam","female",40,"yes","no","yes",74
"chicago",3504,"cauc","female",40,"no","no","no",68
"chicago",3504,"cauc","male",42,"no","yes","no",91
"chicago",3503,"cauc","male",50,"no","no","no",69
"chicago",3502,"cauc","female",31,"no","no","yes",224
"chicago",3502,"cauc","male",25,"yes","no","yes",288
"chicago",3502,"cauc","male",25,"yes","no","yes",289
"chicago",3509,"afam","male",48,"yes","no","yes",49
"chicago",3512,"cauc","male",53,"no","no","yes",37
"chicago",3512,"cauc","female",52,"no","no","yes",39
"chicago",3512,"cauc","female",25,"yes","no","yes",65
"chicago",3512,"cauc","female",40,"no","no","yes",48
"chicago",3514,"afam","female",40,"no","no","no",40
"chicago",3509,"cauc","male",35,"yes","no","yes",119
"chicago",3505,"cauc","female",52,"no","no","yes",275
"chicago",3505,"cauc","male",25,"no","no","yes",371
"chicago",3502,"cauc","male",27,"yes","no","yes",45
"chicago",3502,"cauc","female",27,"yes","no","yes",73
"chicago",3508,"afam","female",33,"no","no","yes",53
"chicago",3508,"afam","male",39,"no","no","no",61
"chicago",3513,"afam","female",34,"no","no","yes",50
"chicago",3501,"cauc","male",29,"yes","no","yes",283
"chicago",3509,"cauc","female",26,"yes","no","yes",35
"chicago",3509,"cauc","female",27,"yes","no","no",56
"chicago",3509,"cauc","female",26,"yes","no","yes",55
"chicago",3515,"afam","male",54,"no","no","no",218
"chicago",3516,"afam","female",36,"no","no","no",6
"chicago",3503,"cauc","male",29,"yes","no","yes",187
"chicago",3503,"cauc","male",30,"no","no","yes",383
"chicago",3503,"cauc","male",30,"yes","no","yes",222
"chicago",3502,"cauc","male",29,"yes","no","yes",28
"chicago",3502,"cauc","female",26,"yes","no","yes",31
"chicago",3510,"afam","male",53,"yes","no","yes",558
"chicago",3510,"afam","female",53,"no","no","no",431
"chicago",3509,"cauc","male",46,"yes","no","yes",63
"chicago",3504,"cauc","male",45,"yes","no","yes",98
"chicago",3505,"cauc","female",42,"no","no","no",616
"chicago",3505,"cauc","male",44,"no","no","yes",803
"chicago",3508,"afam","female",50,"no","no","no",151
"chicago",3510,"cauc","female",29,"yes","no","yes",364
"chicago",3510,"cauc","female",26,"yes","no","yes",446
"chicago",3509,"cauc","female",38,"yes","no","yes",75
"chicago",3512,"afam","female",28,"no","no","no",270
"chicago",3519,"cauc","male",50,"no","no","yes",120
"chicago",3509,"cauc","male",26,"yes","no","yes",70
"chicago",3509,"cauc","male",26,"yes","no","yes",108
"chicago",3509,"cauc","male",25,"yes","no","no",109
"chicago",3509,"cauc","male",38,"no","no","yes",81
"chicago",3509,"cauc","female",38,"no","no","yes",70
"chicago",3503,"cauc","male",31,"yes","no","yes",213
"chicago",3503,"cauc","female",30,"yes","no","no",166
"chicago",3503,"cauc","male",26,"yes","no","yes",309
"chicago",3503,"cauc","female",31,"yes","no","yes",383
"chicago",3509,"cauc","male",25,"yes","no","yes",54
"chicago",3508,"afam","female",45,"no","no","no",89
"chicago",3509,"cauc","male",31,"yes","no","yes",321
"chicago",3509,"cauc","female",38,"yes","no","no",274
"chicago",3515,"afam","male",43,"no","no","no",112
"chicago",3514,"afam","male",46,"no","no","yes",53
"chicago",3516,"afam","female",27,"no","no","no",71
"chicago",3509,"cauc","female",30,"yes","no","yes",167
"chicago",3508,"afam","female",36,"no","no","yes",124
"chicago",3508,"afam","male",40,"no","no","no",128
"chicago",3508,"afam","female",25,"no","no","yes",266
"chicago",3503,"cauc","male",27,"yes","no","yes",61
"chicago",3503,"cauc","male",38,"yes","no","yes",95
"chicago",3503,"cauc","female",33,"yes","no","yes",81
"chicago",3506,"cauc","female",40,"no","no","yes",74
"chicago",3504,"cauc","male",54,"yes","no","yes",2
"chicago",3507,"afam","female",38,"yes","no","yes",215
"chicago",3507,"afam","male",35,"no","no","yes",157
"chicago",3502,"cauc","male",33,"no","no","yes",38
"chicago",3505,"cauc","female",48,"no","no","yes",62
"chicago",3509,"afam","female",28,"no","no","yes",112
"chicago",3501,"cauc","female",29,"yes","no","yes",319
"chicago",3508,"afam","male",32,"no","no","no",81
"chicago",3508,"afam","female",30,"no","no","yes",147
"chicago",3508,"afam","female",51,"no","no","no",236
"chicago",3508,"afam","male",34,"no","no","no",250
"chicago",3510,"cauc","female",46,"yes","no","yes",579
"chicago",3510,"cauc","male",31,"no","no","yes",124
"chicago",3519,"afam","male",29,"no","no","no",84
"chicago",3501,"cauc","female",44,"yes","no","yes",206
"chicago",3510,"cauc","female",43,"yes","no","yes",36
"chicago",3508,"cauc","female",45,"no","no","no",92
"chicago",3502,"cauc","male",34,"yes","no","yes",52
"chicago",3502,"cauc","female",29,"yes","no","yes",49
"chicago",3509,"cauc","female",30,"yes","no","yes",124
"chicago",3509,"cauc","female",27,"yes","no","yes",116
"chicago",3516,"afam","female",26,"no","no","no",136
"chicago",3515,"afam","female",52,"no","no","no",98
"chicago",3515,"afam","female",51,"no","no","no",7
"chicago",3509,"cauc","female",41,"yes","no","yes",135
"chicago",3502,"cauc","male",48,"yes","no","yes",76
"chicago",3510,"afam","female",46,"yes","no","yes",58
"chicago",3511,"afam","female",53,"no","no","yes",177
"chicago",3517,"afam","female",44,"yes","no","yes",49
"chicago",3517,"afam","male",45,"no","no","yes",48
"chicago",3513,"cauc","female",51,"no","no","yes",112
"chicago",3502,"cauc","female",45,"yes","no","yes",56
"chicago",3517,"afam","female",34,"no","no","yes",127
"chicago",3517,"afam","male",33,"no","no","yes",123
"chicago",3501,"cauc","male",27,"yes","no","yes",120
"chicago",3518,"afam","male",48,"no","no","no",64
"chicago",3510,"cauc","female",27,"yes","no","yes",109
"chicago",3515,"afam","female",54,"no","no","yes",86
"chicago",3515,"afam","male",35,"no","no","yes",121
"chicago",3515,"afam","male",34,"no","no","yes",129
"chicago",3509,"cauc","female",46,"yes","no","no",56
"chicago",3501,"cauc","female",33,"yes","no","yes",72
"chicago",3501,"cauc","male",33,"yes","no","yes",85
"chicago",3508,"afam","female",44,"no","no","yes",55
"chicago",3505,"cauc","female",51,"no","no","yes",104
"chicago",3505,"cauc","male",53,"no","no","yes",114
"chicago",3509,"cauc","female",41,"yes","no","yes",39
"chicago",3509,"cauc","male",34,"no","no","yes",49
"chicago",3516,"afam","male",54,"no","no","yes",97
"chicago",3516,"afam","female",53,"no","no","no",106
"chicago",3516,"afam","female",39,"no","no","yes",114
"chicago",3516,"afam","male",30,"no","no","no",128
"chicago",3505,"cauc","male",36,"no","no","yes",52
"chicago",3505,"cauc","female",36,"no","no","no",41
"chicago",3512,"cauc","male",25,"no","no","yes",31
"chicago",3509,"cauc","female",36,"yes","no","yes",74
"chicago",3509,"cauc","female",37,"yes","no","yes",74
"chicago",3509,"cauc","male",37,"yes","no","yes",89
"chicago",3508,"afam","female",38,"no","no","yes",71
"chicago",3509,"cauc","male",36,"yes","no","yes",132
"chicago",3509,"afam","female",30,"no","no","no",43
"chicago",3509,"afam","male",30,"no","no","yes",76
"chicago",3501,"cauc","male",44,"yes","no","yes",160
"chicago",3510,"cauc","female",26,"no","no","yes",89
"chicago",3513,"afam","female",47,"no","no","yes",52
"chicago",3513,"afam","male",45,"no","yes","yes",80
"chicago",3509,"cauc","female",48,"yes","no","yes",54
"chicago",3514,"afam","male",51,"yes","no","yes",39
"chicago",3514,"afam","female",49,"yes","no","yes",32
"chicago",3507,"afam","female",42,"no","no","no",3
"chicago",3509,"cauc","male",54,"no","no","yes",77
"chicago",3518,"afam","male",50,"no","no","yes",78
"chicago",3518,"afam","male",48,"no","no","no",132
"chicago",3518,"afam","male",38,"no","no","no",154
"chicago",3502,"cauc","male",45,"yes","no","no",68
"chicago",3509,"cauc","female",29,"yes","no","yes",105
"chicago",3517,"cauc","female",41,"no","no","no",57
"chicago",3517,"cauc","male",37,"yes","no","yes",60
"chicago",3501,"cauc","female",26,"yes","no","no",92
"chicago",3501,"cauc","male",29,"yes","no","yes",88
"chicago",3519,"afam","female",38,"yes","no","no",192
"chicago",3509,"cauc","female",28,"yes","no","yes",42
"chicago",3504,"cauc","female",42,"yes","no","yes",112
"chicago",3504,"cauc","male",42,"yes","no","yes",150
"chicago",3513,"cauc","female",51,"no","no","yes",61
"chicago",3513,"cauc","male",52,"no","no","yes",66
"chicago",3513,"cauc","male",26,"yes","no","yes",66
"chicago",3516,"afam","female",26,"no","no","yes",136
"chicago",3509,"cauc","male",48,"no","no","yes",56
"chicago",3509,"cauc","male",46,"no","no","yes",85
"chicago",3503,"cauc","male",45,"no","no","yes",255
"chicago",3502,"cauc","female",31,"yes","no","yes",47
"chicago",3509,"cauc","female",48,"yes","no","yes",108
"chicago",3519,"afam","male",49,"no","no","no",113
"chicago",3519,"afam","female",47,"no","no","yes",71
"chicago",3519,"afam","male",40,"no","no","yes",113
"chicago",3517,"afam","female",51,"yes","no","yes",106
"chicago",3513,"cauc","male",39,"no","no","yes",69
"chicago",3513,"cauc","female",43,"no","no","yes",65
"chicago",3501,"cauc","female",26,"yes","no","yes",211
"chicago",3501,"cauc","male",28,"yes","no","yes",198
"chicago",3506,"cauc","female",41,"no","no","yes",333
"chicago",3506,"cauc","male",41,"no","no","yes",314
"chicago",3503,"cauc","male",25,"yes","no","yes",51
"chicago",3504,"cauc","male",54,"yes","no","yes",38
"chicago",3509,"cauc","female",31,"yes","no","yes",33
"chicago",3504,"cauc","male",50,"yes","no","yes",113
"chicago",3501,"afam","male",45,"yes","no","yes",101
"chicago",3507,"cauc","male",48,"no","no","yes",44
"chicago",3508,"afam","female",41,"no","no","yes",159
"chicago",3515,"afam","female",46,"no","no","yes",101
"chicago",3501,"afam","female",39,"no","no","yes",141
"chicago",3501,"afam","female",32,"no","yes","yes",134
"chicago",3517,"cauc","female",33,"yes","no","yes",104
"chicago",3505,"cauc","male",34,"no","no","yes",566
"chicago",3510,"cauc","female",29,"yes","no","yes",176
"chicago",3507,"afam","male",47,"no","no","no",109
"chicago",3501,"cauc","female",29,"yes","no","yes",122
"chicago",3517,"cauc","male",48,"yes","no","yes",3
"chicago",3503,"cauc","male",36,"yes","no","yes",99
"chicago",3505,"cauc","male",46,"no","no","yes",111
"chicago",3502,"cauc","male",44,"yes","no","yes",56
"chicago",3508,"afam","male",53,"no","yes","no",53
"chicago",3508,"afam","female",46,"no","no","no",114
"chicago",3508,"afam","female",31,"no","no","no",98
"chicago",3502,"cauc","female",27,"yes","no","yes",50
"chicago",3503,"cauc","female",26,"yes","no","yes",347
"chicago",3503,"afam","male",44,"yes","no","no",613
"chicago",3503,"cauc","male",30,"yes","no","yes",483
"chicago",3516,"afam","male",43,"no","no","yes",178
"chicago",3516,"afam","female",39,"no","no","no",157
"chicago",3503,"cauc","male",29,"yes","no","yes",179
"chicago",3509,"cauc","male",29,"yes","no","yes",74
"chicago",3509,"cauc","female",25,"yes","no","no",73
"chicago",3510,"cauc","male",31,"yes","no","yes",34
"chicago",3510,"cauc","female",32,"yes","no","yes",29
"chicago",3512,"cauc","female",50,"no","no","yes",50
"chicago",3514,"afam","female",38,"no","no","no",80
"chicago",3501,"cauc","female",39,"yes","no","yes",130
"chicago",3503,"cauc","male",48,"no","no","yes",37
"chicago",3503,"cauc","female",45,"no","no","yes",40
"chicago",3515,"afam","female",29,"no","no","no",52
"chicago",3501,"cauc","male",43,"yes","no","no",42
"chicago",3510,"cauc","female",30,"yes","no","yes",33
"chicago",3510,"cauc","male",29,"no","no","no",33
"chicago",3508,"afam","female",53,"no","no","no",59
"chicago",3512,"afam","female",30,"no","no","yes",42
"chicago",3512,"afam","male",30,"no","no","yes",53
"chicago",3504,"cauc","female",47,"no","no","no",223
"chicago",3504,"cauc","male",25,"no","no","yes",263
"chicago",3503,"cauc","male",44,"yes","no","yes",33
"chicago",3503,"cauc","female",36,"yes","no","yes",30
"chicago",3509,"cauc","male",46,"no","no","no",60
"chicago",3518,"afam","male",40,"no","no","no",99
"chicago",3518,"afam","female",39,"yes","no","yes",72
"chicago",3509,"afam","male",30,"no","no","yes",124
"chicago",3509,"cauc","male",28,"no","no","yes",117
"chicago",3501,"cauc","male",29,"yes","no","yes",70
"chicago",3501,"cauc","female",29,"yes","no","no",76
"chicago",3513,"cauc","male",36,"yes","yes","yes",197
"chicago",3518,"afam","male",43,"no","no","yes",78
"chicago",3507,"afam","female",41,"no","no","no",13
"chicago",3508,"afam","female",35,"yes","no","yes",76
"chicago",3510,"cauc","male",29,"yes","no","yes",34
"chicago",3509,"cauc","female",40,"yes","no","yes",27
"chicago",3509,"cauc","male",27,"yes","no","yes",58
"chicago",3504,"cauc","male",27,"yes","no","yes",51
"chicago",3504,"cauc","male",28,"yes","no","no",78
"chicago",3505,"cauc","female",54,"no","no","yes",102
"chicago",3502,"cauc","female",28,"yes","no","yes",233
"chicago",3504,"cauc","male",45,"no","no","no",194
"chicago",3501,"afam","female",49,"no","no","no",190
"chicago",3501,"cauc","female",26,"yes","no","yes",159
"chicago",3501,"cauc","male",28,"yes","no","yes",186
"chicago",3501,"cauc","male",28,"yes","no","yes",188
"chicago",3503,"cauc","male",41,"yes","no","yes",39
"chicago",3510,"cauc","male",37,"no","no","yes",131
"chicago",3510,"afam","male",49,"yes","no","yes",157
"chicago",3510,"afam","female",31,"yes","no","no",144
"chicago",3502,"cauc","male",27,"yes","no","no",72
"chicago",3516,"afam","female",25,"yes","no","yes",127
"chicago",3504,"afam","female",53,"yes","no","no",91
"chicago",3510,"afam","female",44,"yes","no","yes",182
"chicago",3510,"afam","female",29,"no","no","no",279
"chicago",3510,"afam","female",45,"no","no","no",212
"chicago",3502,"cauc","female",32,"yes","no","yes",78
"chicago",3502,"cauc","male",32,"yes","no","yes",70
"chicago",3512,"afam","female",43,"no","no","no",199
"chicago",3512,"afam","male",50,"no","no","yes",331
"chicago",3503,"cauc","female",35,"yes","no","yes",32
"chicago",3503,"cauc","male",36,"yes","no","yes",35
"chicago",3509,"cauc","female",32,"yes","no","yes",33
"chicago",3510,"cauc","female",27,"yes","no","no",112
"chicago",3502,"cauc","female",49,"yes","no","yes",91
"chicago",3515,"afam","male",49,"no","no","no",64
"chicago",3515,"afam","male",48,"no","no","no",100
"chicago",3515,"afam","female",35,"no","no","no",55
"chicago",3502,"cauc","male",38,"yes","no","yes",150
"chicago",3502,"cauc","female",28,"yes","no","yes",121
"chicago",3510,"cauc","female",32,"yes","no","yes",49
"chicago",3510,"cauc","male",34,"yes","no","yes",56
"chicago",3510,"afam","male",49,"yes","no","yes",81
"chicago",3501,"cauc","female",32,"yes","no","yes",156
"chicago",3504,"cauc","female",44,"no","no","no",46
"chicago",3515,"afam","female",50,"no","no","yes",72
"chicago",3509,"cauc","female",35,"yes","no","yes",52
"chicago",3509,"cauc","male",37,"yes","no","yes",62
"chicago",3518,"afam","female",48,"yes","no","yes",238
"chicago",3518,"afam","female",28,"no","no","no",256
"chicago",3504,"cauc","male",37,"yes","no","yes",57
"chicago",3509,"cauc","male",27,"yes","no","yes",102
"chicago",3506,"cauc","female",31,"no","no","no",75
"chicago",3506,"cauc","male",32,"no","no","yes",52
"chicago",3517,"cauc","female",45,"yes","no","yes",37
"chicago",3517,"cauc","male",49,"yes","no","yes",34
"chicago",3501,"cauc","female",49,"no","no","no",318
"chicago",3510,"cauc","female",25,"yes","no","yes",261
"chicago",3510,"cauc","female",50,"no","no","yes",270
"chicago",3509,"cauc","female",48,"yes","no","yes",121
"chicago",3509,"cauc","male",51,"no","no","yes",138
"chicago",3504,"cauc","male",38,"yes","no","yes",41
"chicago",3504,"cauc","female",37,"yes","no","yes",31
"chicago",3515,"afam","male",50,"no","no","yes",103
"chicago",3502,"cauc","female",31,"yes","no","yes",49
"chicago",3502,"cauc","male",36,"yes","no","yes",51
"chicago",3510,"cauc","male",32,"yes","no","yes",237
"chicago",3510,"cauc","female",29,"yes","no","yes",183
"chicago",3509,"cauc","female",32,"yes","no","yes",115
"chicago",3509,"cauc","male",33,"yes","no","yes",129
"chicago",3515,"afam","female",44,"no","no","yes",331
"chicago",3515,"afam","male",41,"no","no","yes",337
"chicago",3503,"cauc","female",30,"no","no","yes",64
"chicago",3518,"cauc","male",40,"no","no","no",209
"chicago",3501,"cauc","female",48,"yes","no","yes",134
"chicago",3508,"afam","female",33,"no","no","yes",45
"chicago",3509,"cauc","female",35,"yes","no","yes",145
"chicago",3509,"cauc","male",38,"yes","no","yes",176
"chicago",3509,"afam","male",45,"yes","no","yes",72
"chicago",3509,"cauc","male",30,"yes","no","yes",106
"chicago",3509,"cauc","female",30,"yes","no","yes",99
"chicago",3514,"cauc","male",47,"yes","no","yes",53
"chicago",3509,"cauc","male",32,"yes","no","yes",46
"chicago",3509,"cauc","female",29,"no","no","yes",36
"chicago",3517,"afam","female",44,"no","no","yes",232
"chicago",3519,"afam","female",50,"no","no","yes",287
"chicago",3515,"afam","male",36,"yes","no","yes",83
"chicago",3515,"afam","female",37,"yes","no","yes",84
"chicago",3510,"afam","female",30,"no","no","no",120
"chicago",3503,"cauc","male",26,"yes","no","yes",94
"chicago",3509,"cauc","female",38,"yes","no","yes",26
"chicago",3509,"cauc","male",52,"yes","no","yes",29
"chicago",3508,"cauc","male",47,"no","no","yes",46
"chicago",3504,"cauc","male",34,"no","no","no",293
"chicago",3517,"cauc","male",31,"no","no","yes",90
"chicago",3517,"cauc","female",29,"no","no","no",62
"chicago",3510,"afam","female",32,"yes","no","yes",44
"chicago",3510,"afam","male",37,"no","no","yes",48
"chicago",3502,"cauc","male",54,"yes","no","yes",82
"chicago",3502,"cauc","female",30,"yes","no","yes",204
"chicago",3502,"cauc","male",30,"yes","no","yes",185
"chicago",3502,"cauc","male",28,"no","no","yes",204
"chicago",3512,"cauc","male",51,"no","yes","no",37
"chicago",3512,"cauc","female",48,"no","no","no",31
"chicago",3514,"afam","female",33,"no","no","no",44
"chicago",3508,"afam","female",45,"no","no","no",100
"chicago",3508,"afam","male",46,"no","no","yes",115
"chicago",3504,"cauc","female",38,"yes","no","yes",81
"chicago",3515,"afam","female",40,"no","no","no",184
"chicago",3501,"cauc","male",49,"yes","no","no",58
"chicago",3513,"cauc","male",52,"no","no","yes",65
"chicago",3513,"cauc","female",50,"no","no","yes",60
"chicago",3515,"afam","female",32,"no","no","yes",121
"chicago",3506,"cauc","male",33,"no","no","yes",196
"chicago",3509,"afam","female",31,"no","no","no",65
"chicago",3510,"afam","male",54,"no","no","no",13
"chicago",3514,"afam","male",26,"no","no","yes",82
"chicago",3502,"cauc","male",49,"yes","no","yes",41
"chicago",3502,"cauc","female",48,"yes","no","no",35
"chicago",3515,"afam","male",35,"yes","no","yes",63
"chicago",3515,"afam","female",32,"yes","no","yes",59
"chicago",3508,"afam","female",39,"no","no","no",40
"chicago",3514,"afam","female",32,"yes","no","yes",68
"chicago",3514,"afam","male",50,"no","yes","no",138
"chicago",3507,"afam","female",54,"no","no","yes",123
"chicago",3502,"cauc","male",36,"yes","no","yes",87
"chicago",3502,"cauc","female",35,"yes","no","yes",72
"chicago",3512,"afam","male",45,"no","no","no",110
"chicago",3508,"afam","male",50,"no","yes","no",97
"chicago",3508,"afam","male",48,"no","no","no",99
"chicago",3509,"cauc","female",27,"yes","no","yes",65
"chicago",3509,"cauc","male",29,"yes","no","yes",69
"chicago",3509,"afam","female",44,"no","no","yes",142
"chicago",3510,"cauc","female",31,"yes","no","yes",291
"chicago",3503,"cauc","male",34,"yes","no","yes",88
"chicago",3503,"cauc","female",33,"yes","no","yes",68
"chicago",3515,"afam","female",54,"no","no","yes",59
"chicago",3515,"afam","male",34,"no","no","no",88
"chicago",3514,"afam","male",45,"no","no","no",145
"chicago",3514,"afam","female",48,"no","no","no",174
"chicago",3514,"afam","female",25,"no","no","yes",161
"chicago",3507,"afam","male",52,"no","no","no",118
"chicago",3507,"afam","male",50,"no","no","yes",118
"chicago",3503,"cauc","female",38,"yes","no","yes",55
"chicago",3508,"afam","female",52,"no","no","no",151
"chicago",3519,"afam","female",53,"no","no","no",264
"chicago",3502,"cauc","male",47,"yes","no","yes",174
"chicago",3519,"afam","male",31,"no","no","yes",100
"chicago",3508,"afam","female",40,"no","no","yes",44
"chicago",3501,"cauc","male",46,"yes","no","yes",98
"chicago",3501,"cauc","female",45,"yes","no","yes",96
"chicago",3503,"cauc","male",48,"yes","no","no",92
"chicago",3507,"afam","female",37,"no","no","yes",149
"chicago",3509,"cauc","female",30,"yes","no","yes",109
"chicago",3516,"cauc","male",32,"yes","no","yes",2
"chicago",3504,"cauc","male",52,"no","no","no",28
"chicago",3515,"afam","male",40,"no","no","no",85
"chicago",3505,"cauc","male",42,"no","yes","no",150
"chicago",3504,"cauc","female",35,"yes","no","yes",50
"chicago",3515,"afam","male",53,"no","yes","yes",66
"chicago",3515,"afam","female",52,"no","yes","yes",67
"chicago",3516,"afam","female",39,"no","no","no",30
"chicago",3510,"cauc","female",27,"yes","no","yes",52
"chicago",3510,"cauc","male",25,"yes","no","yes",60
"chicago",3513,"afam","female",47,"no","no","yes",90
"chicago",3513,"afam","male",48,"no","no","no",137
"chicago",3510,"cauc","male",33,"yes","no","yes",68
"chicago",3510,"cauc","female",34,"yes","no","yes",59
"chicago",3502,"cauc","female",40,"yes","no","yes",51
"chicago",3502,"cauc","male",40,"yes","no","yes",63
"chicago",3509,"afam","female",27,"yes","no","yes",169
"chicago",3504,"cauc","male",28,"no","no","no",130
"chicago",3508,"afam","female",49,"no","no","no",264
"chicago",3506,"cauc","female",42,"no","no","no",129
"chicago",3504,"cauc","female",51,"no","no","yes",87
"chicago",3514,"afam","female",45,"no","no","yes",67
"chicago",3502,"cauc","female",41,"yes","no","yes",124
"chicago",3502,"cauc","male",41,"yes","no","yes",148
"chicago",3512,"afam","male",49,"no","no","no",45
"chicago",3501,"cauc","female",25,"yes","no","yes",51
"chicago",3501,"cauc","male",25,"yes","no","yes",48
"chicago",3509,"cauc","female",47,"yes","no","yes",34
"chicago",3505,"cauc","female",29,"no","no","yes",243
"chicago",3505,"cauc","male",32,"no","no","yes",286
"chicago",3502,"cauc","female",26,"yes","no","yes",51
"chicago",3502,"cauc","female",25,"yes","no","yes",81
"chicago",3509,"cauc","male",41,"yes","no","yes",68
"chicago",3509,"cauc","female",42,"yes","no","yes",58
"chicago",3517,"afam","female",51,"no","no","yes",295
"chicago",3517,"afam","female",36,"yes","no","yes",389
"chicago",3506,"cauc","female",37,"no","no","yes",37
"chicago",3515,"afam","male",48,"no","no","yes",136
"chicago",3515,"afam","female",43,"no","no","no",61
"chicago",3503,"cauc","male",28,"yes","no","yes",34
"chicago",3503,"cauc","female",32,"yes","no","yes",46
"chicago",3501,"afam","female",38,"no","no","yes",242
"chicago",3501,"afam","male",35,"yes","no","yes",291
"chicago",3509,"cauc","male",29,"yes","no","yes",54
"chicago",3509,"cauc","female",45,"no","no","yes",178
"chicago",3504,"cauc","male",29,"yes","no","yes",78
"chicago",3504,"cauc","male",40,"no","no","yes",172
"chicago",3501,"cauc","male",30,"yes","no","yes",138
"chicago",3501,"cauc","female",29,"yes","no","yes",129
"chicago",3502,"cauc","female",35,"no","no","yes",166
"chicago",3509,"cauc","female",47,"yes","no","yes",44
"chicago",3502,"cauc","female",46,"yes","no","yes",850
"chicago",3502,"cauc","male",41,"yes","no","yes",1098
"chicago",3507,"afam","male",44,"no","yes","yes",99
"chicago",3502,"cauc","male",27,"yes","no","yes",64
"chicago",3502,"cauc","female",26,"yes","no","yes",54
"chicago",3509,"cauc","female",30,"yes","no","yes",40
"chicago",3509,"cauc","female",30,"no","no","yes",64
"chicago",3502,"cauc","female",47,"yes","no","yes",32
"chicago",3502,"cauc","male",44,"yes","no","yes",42
"chicago",3512,"afam","female",38,"yes","no","yes",370
"chicago",3512,"cauc","female",33,"yes","no","yes",373
"chicago",3510,"afam","female",52,"no","no","yes",82
"chicago",3515,"afam","female",46,"yes","no","yes",114
"chicago",3502,"cauc","female",32,"yes","no","yes",66
"chicago",3502,"cauc","male",34,"yes","no","yes",94
"chicago",3509,"cauc","male",32,"yes","no","yes",66
"chicago",3509,"cauc","female",33,"yes","no","yes",60
"chicago",3509,"cauc","female",27,"yes","no","yes",59
"chicago",3509,"cauc","female",27,"yes","no","yes",93
"chicago",3505,"cauc","female",44,"no","no","yes",64
"chicago",3514,"afam","male",46,"no","no","yes",39
"chicago",3517,"cauc","male",27,"yes","no","yes",56
"chicago",3517,"cauc","female",27,"yes","no","yes",44
"chicago",3512,"afam","female",53,"no","no","yes",28
"chicago",3512,"afam","male",52,"no","no","no",46
"chicago",3510,"cauc","male",36,"yes","no","yes",81
"chicago",3507,"afam","female",29,"yes","no","yes",298
"chicago",3512,"cauc","female",40,"yes","no","yes",31
"chicago",3516,"afam","female",46,"no","no","no",129
"chicago",3508,"afam","male",42,"no","no","no",155
"chicago",3502,"cauc","female",29,"yes","no","yes",90
"chicago",3502,"cauc","female",28,"no","no","yes",139
"chicago",3502,"cauc","female",25,"yes","no","yes",140
"chicago",3510,"cauc","female",31,"yes","no","yes",59
"chicago",3510,"cauc","male",36,"yes","no","yes",59
"chicago",3508,"afam","female",53,"no","no","no",69
"chicago",3502,"cauc","female",49,"yes","no","yes",42
"chicago",3512,"afam","female",45,"no","no","yes",112
"chicago",3512,"afam","male",25,"no","no","no",168
"chicago",3514,"afam","male",52,"no","no","no",137
"chicago",3517,"cauc","male",26,"no","no","yes",220
"chicago",3515,"afam","female",52,"yes","no","yes",84
"chicago",3517,"cauc","male",39,"no","yes","yes",81
"chicago",3517,"cauc","female",44,"no","no","no",83
"chicago",3503,"cauc","female",26,"no","no","yes",150
"chicago",3502,"cauc","male",33,"yes","no","yes",38
"chicago",3502,"cauc","male",30,"yes","no","yes",37
"chicago",3509,"cauc","female",25,"no","no","yes",216
"chicago",3502,"cauc","male",28,"yes","no","no",70
"chicago",3502,"cauc","male",28,"yes","no","yes",109
"chicago",3501,"cauc","male",30,"yes","no","yes",113
"chicago",3514,"afam","female",40,"no","no","yes",110
"chicago",3517,"afam","female",52,"yes","no","yes",48
"chicago",3517,"afam","female",25,"yes","no","yes",93
"chicago",3510,"cauc","male",42,"yes","yes","yes",35
"chicago",3514,"cauc","female",29,"yes","no","yes",71
"chicago",3510,"cauc","male",26,"yes","no","yes",168
"chicago",3510,"cauc","female",25,"yes","no","yes",148
"chicago",3501,"cauc","male",46,"yes","no","yes",121
"chicago",3503,"cauc","female",44,"yes","no","yes",40
"chicago",3516,"afam","female",48,"no","no","yes",43
"chicago",3516,"afam","male",26,"no","no","no",76
"chicago",3515,"afam","male",54,"no","no","no",112
"chicago",3507,"afam","female",42,"no","no","no",110
"chicago",3502,"cauc","male",34,"yes","no","yes",64
"chicago",3502,"cauc","female",31,"yes","no","yes",69
"chicago",3515,"afam","female",27,"no","no","yes",69
"chicago",3513,"cauc","male",25,"no","no","yes",37
"chicago",3502,"cauc","male",38,"yes","no","yes",273
"chicago",3501,"cauc","female",34,"yes","no","yes",193
"chicago",3502,"cauc","male",31,"yes","no","yes",56
"chicago",3512,"cauc","female",26,"yes","no","yes",44
"chicago",3512,"cauc","female",29,"yes","no","yes",63
"chicago",3505,"cauc","male",46,"no","no","no",73
"chicago",3514,"afam","female",53,"no","no","yes",52
"chicago",3507,"afam","male",53,"no","no","no",134
"chicago",3508,"afam","female",27,"no","no","no",156
"chicago",3503,"cauc","male",30,"yes","no","yes",159
"chicago",3503,"cauc","female",29,"yes","no","yes",112
"chicago",3515,"afam","female",53,"no","no","no",43
"chicago",3513,"cauc","female",49,"no","no","yes",58
"chicago",3513,"cauc","male",46,"no","no","yes",65
"chicago",3515,"afam","female",43,"no","no","no",109
"chicago",3501,"cauc","female",27,"yes","no","yes",82
"chicago",3501,"cauc","female",26,"yes","no","yes",103
"chicago",3516,"cauc","female",47,"no","no","no",10
"chicago",3509,"cauc","male",49,"yes","no","yes",38
"chicago",3509,"cauc","female",45,"yes","no","yes",35
"chicago",3503,"afam","male",31,"yes","no","yes",71
"chicago",3503,"afam","female",29,"no","no","no",68
"chicago",3510,"cauc","female",28,"yes","no","yes",29
"chicago",3510,"cauc","female",30,"yes","no","yes",40
"chicago",3510,"cauc","female",30,"yes","no","yes",41
"chicago",3510,"cauc","female",25,"yes","no","yes",35
"chicago",3509,"cauc","male",32,"yes","no","yes",36
"chicago",3509,"cauc","female",28,"yes","no","no",29
"chicago",3502,"cauc","male",42,"yes","no","yes",84
"chicago",3502,"cauc","female",37,"yes","no","yes",69
"chicago",3509,"cauc","male",27,"yes","no","yes",45
"chicago",3514,"cauc","female",32,"yes","no","yes",69
"chicago",3514,"afam","female",35,"no","no","yes",99
"chicago",3502,"cauc","male",35,"yes","no","yes",80
"chicago",3502,"cauc","female",33,"yes","no","yes",75
"chicago",3517,"afam","female",39,"yes","no","yes",92
"chicago",3517,"afam","male",41,"yes","no","yes",82
"chicago",3519,"afam","female",52,"no","no","yes",78
"chicago",3519,"afam","male",50,"no","yes","yes",92
"chicago",3514,"afam","female",25,"no","no","no",80
"chicago",3509,"cauc","female",29,"yes","no","yes",66
"chicago",3509,"cauc","male",32,"no","no","yes",82
"chicago",3507,"afam","male",26,"no","no","yes",235
"chicago",3514,"afam","male",48,"yes","no","yes",279
"chicago",3514,"afam","female",28,"yes","no","yes",205
"chicago",3514,"afam","female",45,"no","no","yes",222
"chicago",3513,"cauc","female",49,"no","no","no",93
"chicago",3513,"cauc","male",25,"yes","no","yes",102
"chicago",3510,"cauc","male",30,"yes","no","yes",319
"chicago",3515,"cauc","female",47,"no","no","no",2
"chicago",3502,"cauc","female",26,"yes","no","yes",40
"chicago",3502,"cauc","male",27,"yes","no","yes",38
"chicago",3513,"afam","female",42,"no","no","yes",111
"chicago",3511,"cauc","male",26,"yes","no","yes",197
"chicago",3511,"cauc","female",28,"yes","no","yes",297
"chicago",3511,"cauc","male",26,"yes","no","no",290
"chicago",3511,"cauc","male",26,"yes","no","yes",291
"chicago",3501,"cauc","male",30,"yes","no","yes",102
"chicago",3510,"cauc","female",31,"yes","no","yes",201
"chicago",3514,"afam","female",31,"yes","no","yes",78
"chicago",3518,"afam","female",54,"no","no","yes",124
"chicago",3516,"afam","female",46,"no","no","no",54
"chicago",3517,"cauc","male",50,"yes","no","yes",77
"chicago",3517,"cauc","female",33,"yes","no","no",62
"chicago",3516,"afam","female",39,"no","no","yes",77
"chicago",3516,"afam","male",40,"no","no","yes",82
"chicago",3515,"afam","male",53,"no","no","yes",50
"chicago",3502,"cauc","male",25,"yes","no","yes",229
"chicago",3502,"cauc","male",25,"yes","no","yes",358
"chicago",3513,"cauc","female",30,"no","no","no",51
"chicago",3513,"cauc","male",35,"no","no","no",53
"chicago",3501,"cauc","female",48,"no","no","no",50
"chicago",3512,"cauc","female",37,"yes","no","no",54
"chicago",3514,"afam","male",52,"yes","no","no",43
"chicago",3514,"afam","female",31,"no","no","yes",74
"chicago",3501,"cauc","female",27,"yes","no","yes",179
"chicago",3517,"afam","male",53,"no","no","yes",117
"chicago",3503,"cauc","female",25,"yes","no","yes",61
"chicago",3503,"cauc","male",28,"yes","no","yes",123
"chicago",3503,"cauc","female",25,"yes","no","yes",104
"chicago",3516,"afam","female",27,"no","no","no",122
"chicago",3503,"cauc","female",44,"no","no","yes",68
"chicago",3503,"cauc","male",42,"yes","no","yes",75
"chicago",3509,"cauc","male",39,"no","no","yes",74
"chicago",3509,"cauc","female",34,"yes","no","yes",72
"chicago",3519,"afam","male",45,"yes","no","yes",106
"chicago",3502,"cauc","male",29,"no","no","no",298
"chicago",3502,"cauc","male",26,"yes","no","yes",297
"chicago",3503,"cauc","male",30,"no","no","yes",54
"chicago",3503,"cauc","female",31,"yes","no","yes",41
"chicago",3514,"afam","male",46,"yes","no","yes",66
"chicago",3509,"cauc","male",28,"yes","no","yes",182
"chicago",3509,"cauc","female",25,"yes","no","no",277
"chicago",3509,"cauc","male",26,"yes","no","yes",281
"chicago",3507,"afam","female",27,"no","no","yes",258
"chicago",3507,"afam","female",45,"no","no","yes",391
"chicago",3509,"cauc","male",29,"yes","no","yes",69
"chicago",3502,"cauc","female",26,"yes","no","yes",66
"chicago",3502,"cauc","male",28,"yes","no","yes",62
"chicago",3510,"cauc","male",41,"yes","no","no",257
"chicago",3507,"afam","female",43,"no","no","yes",168
"chicago",3504,"cauc","male",52,"yes","no","yes",91
"chicago",3504,"cauc","female",40,"yes","no","no",84
"chicago",3503,"cauc","female",38,"no","no","yes",238
"chicago",3502,"cauc","male",50,"yes","no","yes",32
"chicago",3502,"cauc","male",43,"yes","no","yes",41
"chicago",3505,"afam","female",35,"yes","no","yes",283
"chicago",3515,"afam","female",36,"no","no","no",286
"chicago",3515,"afam","female",39,"no","no","no",87
"chicago",3508,"afam","female",30,"yes","no","yes",34
"chicago",3508,"afam","male",50,"no","no","no",36
"chicago",3508,"afam","female",48,"no","no","no",112
"chicago",3508,"afam","female",48,"no","no","no",146
"chicago",3508,"afam","male",32,"no","no","no",147
"chicago",3508,"afam","male",52,"no","no","no",133
"chicago",3508,"afam","male",47,"no","no","no",173
"chicago",3508,"afam","male",48,"no","no","no",127
"chicago",3519,"afam","female",50,"yes","no","yes",84
"chicago",3519,"afam","male",27,"no","no","yes",121
"chicago",3502,"cauc","female",29,"yes","no","yes",176
"chicago",3515,"afam","male",53,"no","no","no",99
"chicago",3505,"cauc","female",48,"no","no","no",10
"chicago",3514,"afam","male",49,"no","yes","no",101
"chicago",3501,"cauc","female",34,"yes","no","yes",118
"chicago",3501,"cauc","male",38,"yes","no","yes",138
"chicago",3505,"cauc","female",41,"no","no","yes",65
"chicago",3502,"cauc","male",39,"yes","no","yes",84
"chicago",3502,"cauc","female",44,"no","no","no",70
"chicago",3514,"afam","male",31,"no","no","yes",63
"chicago",3509,"cauc","male",32,"yes","no","yes",151
"chicago",3510,"cauc","male",25,"yes","no","yes",459
"chicago",3510,"cauc","male",25,"yes","no","yes",565
"chicago",3502,"cauc","male",28,"yes","no","yes",275
"chicago",3502,"cauc","female",27,"yes","no","yes",288
"chicago",3503,"cauc","male",51,"no","no","no",93
"chicago",3508,"afam","male",45,"no","no","yes",84
"chicago",3514,"cauc","female",45,"yes","no","yes",76
"chicago",3516,"afam","female",43,"no","no","no",76
"chicago",3515,"afam","male",27,"yes","no","yes",76
"chicago",3515,"afam","female",28,"no","no","yes",62
"chicago",3513,"cauc","female",37,"no","no","yes",82
"chicago",3513,"cauc","male",36,"no","no","yes",86
"chicago",3506,"cauc","male",54,"no","no","yes",13
"chicago",3505,"cauc","female",52,"yes","no","no",117
"chicago",3515,"afam","male",34,"no","no","yes",157
"chicago",3515,"afam","male",31,"no","no","yes",228
"chicago",3501,"afam","female",51,"no","no","no",54
"chicago",3503,"cauc","female",49,"yes","no","no",225
"chicago",3503,"cauc","male",49,"yes","no","yes",207
"chicago",3509,"cauc","female",30,"yes","no","yes",57
"chicago",3509,"cauc","female",28,"yes","no","yes",82
"chicago",3502,"cauc","male",27,"yes","no","yes",208
"chicago",3502,"cauc","female",50,"yes","no","yes",44
"chicago",3501,"afam","male",54,"no","no","no",49
"chicago",3504,"cauc","female",27,"no","no","no",212
"chicago",3504,"cauc","male",38,"no","no","yes",241
"chicago",3501,"cauc","female",53,"no","no","yes",348
"chicago",3509,"cauc","female",35,"yes","no","yes",116
"chicago",3504,"cauc","male",47,"no","no","no",435
"chicago",3515,"afam","female",31,"no","no","no",55
"chicago",3515,"afam","male",30,"no","no","yes",63
"chicago",3515,"afam","female",33,"no","no","no",138
"chicago",3519,"afam","female",47,"no","no","yes",190
"chicago",3519,"afam","female",49,"no","no","yes",313
"chicago",3519,"afam","male",39,"no","no","no",503
"chicago",3517,"afam","male",53,"no","no","yes",67
"chicago",3517,"afam","female",53,"no","no","yes",58
"chicago",3509,"cauc","male",34,"yes","no","yes",52
"chicago",3509,"cauc","female",33,"yes","no","yes",48
"chicago",3513,"cauc","male",29,"no","no","yes",64
"chicago",3513,"cauc","female",28,"yes","no","no",70
"chicago",3501,"cauc","male",51,"no","no","yes",141
"chicago",3501,"cauc","female",42,"yes","no","yes",201
"chicago",3506,"cauc","male",51,"no","no","no",281
"chicago",3504,"cauc","female",46,"yes","no","yes",74
"chicago",3504,"cauc","male",46,"yes","no","yes",68
"chicago",3518,"afam","female",25,"no","no","yes",103
"chicago",3517,"cauc","female",28,"yes","no","yes",94
"chicago",3517,"cauc","male",29,"no","no","yes",124
"chicago",3505,"cauc","female",26,"yes","no","yes",74
"chicago",3516,"afam","male",54,"no","no","no",161
"chicago",3517,"cauc","female",53,"no","no","yes",42
"chicago",3517,"cauc","male",54,"yes","no","yes",57
"chicago",3514,"afam","female",40,"no","no","yes",136
"chicago",3509,"cauc","female",37,"yes","no","yes",141
"chicago",3503,"cauc","female",42,"yes","no","yes",137
"chicago",3510,"cauc","female",46,"yes","no","yes",156
"chicago",3502,"cauc","male",25,"yes","no","yes",284
"chicago",3502,"cauc","male",26,"yes","no","yes",446
"chicago",3509,"afam","male",44,"no","no","no",130
"chicago",3509,"afam","female",41,"no","no","no",78
"chicago",3519,"cauc","female",42,"no","no","no",66
"chicago",3517,"afam","male",52,"no","no","yes",67
"chicago",3517,"afam","female",49,"no","no","no",74
"chicago",3514,"afam","female",32,"no","no","yes",99
"chicago",3501,"cauc","female",31,"yes","no","no",110
"chicago",3501,"cauc","female",30,"yes","no","yes",112
"chicago",3516,"afam","female",42,"no","no","yes",180
"chicago",3508,"afam","female",25,"no","no","yes",67
"chicago",3502,"cauc","male",46,"yes","no","yes",212
"chicago",3502,"cauc","female",42,"yes","no","no",189
"chicago",3514,"afam","female",33,"yes","no","yes",66
"chicago",3514,"afam","male",33,"yes","no","no",128
"chicago",3506,"cauc","female",48,"no","no","no",101
"chicago",3502,"cauc","female",31,"yes","no","yes",148
"chicago",3513,"afam","female",45,"no","no","yes",158
"chicago",3513,"afam","male",47,"no","no","yes",240
"chicago",3513,"afam","male",25,"no","no","yes",264
"chicago",3502,"cauc","female",29,"yes","no","yes",51
"chicago",3502,"cauc","male",34,"no","no","yes",54
"chicago",3505,"cauc","male",30,"no","no","no",87
"chicago",3509,"cauc","male",29,"yes","no","yes",49
"chicago",3517,"cauc","male",27,"yes","no","yes",67
"chicago",3515,"afam","male",50,"no","no","yes",73
"chicago",3510,"cauc","male",42,"yes","no","yes",36
"chicago",3510,"cauc","female",53,"yes","no","yes",109
"chicago",3512,"afam","female",47,"yes","no","no",31
"chicago",3515,"afam","female",53,"yes","no","no",97
"chicago",3518,"afam","male",53,"no","no","yes",284
"chicago",3507,"afam","female",53,"no","no","yes",127
"chicago",3507,"afam","male",28,"no","no","no",215
"chicago",3515,"afam","female",43,"no","no","yes",121
"chicago",3516,"afam","female",52,"no","no","yes",59
"chicago",3516,"afam","female",26,"yes","no","no",70
"chicago",3514,"cauc","male",45,"yes","no","yes",80
"chicago",3510,"cauc","female",33,"yes","no","yes",127
"chicago",3517,"cauc","male",52,"no","no","no",121
"chicago",3505,"cauc","male",40,"yes","no","yes",260
"chicago",3505,"cauc","female",40,"yes","no","no",210
"chicago",3501,"cauc","male",38,"no","no","yes",141
"chicago",3501,"cauc","female",41,"no","no","yes",176
"chicago",3509,"cauc","male",36,"yes","no","yes",37
"chicago",3509,"cauc","female",33,"yes","no","yes",35
"chicago",3504,"cauc","female",27,"yes","no","yes",135
"chicago",3509,"cauc","female",47,"no","no","no",62
"chicago",3509,"cauc","male",47,"no","no","no",70
"chicago",3511,"cauc","male",40,"yes","no","no",80
"chicago",3502,"cauc","female",46,"yes","no","no",69
"chicago",3507,"afam","female",45,"no","no","yes",164
"chicago",3518,"afam","female",43,"no","no","no",134
"chicago",3508,"afam","male",45,"no","no","no",55
"chicago",3501,"afam","male",48,"no","yes","yes",402
"chicago",3509,"cauc","male",41,"yes","no","yes",39
"chicago",3509,"cauc","female",41,"yes","no","yes",35
"chicago",3510,"cauc","male",29,"yes","no","no",99
"chicago",3503,"cauc","female",32,"yes","no","yes",66
"chicago",3501,"afam","male",33,"yes","no","yes",120
"chicago",3509,"cauc","male",54,"yes","no","no",113
"chicago",3510,"cauc","male",25,"yes","no","no",212
"chicago",3509,"afam","female",29,"no","no","no",451
"chicago",3512,"cauc","female",47,"yes","no","yes",38
"chicago",3512,"cauc","male",47,"yes","no","yes",50
"chicago",3507,"afam","female",50,"no","no","no",174
"chicago",3517,"afam","female",52,"no","no","yes",167
"chicago",3516,"afam","male",54,"no","no","yes",227
"chicago",3516,"afam","male",33,"no","no","no",193
"chicago",3506,"cauc","female",29,"no","no","no",167
"chicago",3506,"cauc","female",29,"no","no","no",165
"chicago",3509,"cauc","female",28,"yes","no","yes",69
"chicago",3518,"afam","female",43,"yes","yes","yes",40
"chicago",3517,"cauc","male",49,"no","no","yes",75
"chicago",3505,"cauc","male",33,"no","no","yes",69
"chicago",3505,"cauc","female",33,"no","no","yes",64
"chicago",3503,"cauc","female",52,"no","no","yes",249
"chicago",3518,"afam","female",50,"no","no","yes",43
"chicago",3518,"afam","male",29,"no","no","no",107
"chicago",3518,"afam","female",27,"no","no","no",61
"chicago",3514,"afam","female",27,"no","no","no",26
"chicago",3514,"afam","female",45,"no","no","no",51
"chicago",3514,"afam","male",28,"no","no","yes",25
"chicago",3506,"cauc","female",41,"no","no","no",142
"chicago",3514,"afam","male",52,"yes","no","yes",46
"chicago",3501,"cauc","male",25,"yes","no","yes",88
"chicago",3501,"cauc","female",25,"yes","no","yes",98
"chicago",3514,"cauc","male",26,"yes","no","no",73
"chicago",3515,"afam","female",52,"no","no","yes",160
"chicago",3501,"cauc","female",33,"yes","no","yes",127
"chicago",3501,"cauc","male",34,"yes","no","yes",151
"chicago",3512,"cauc","female",53,"no","no","no",62
"chicago",3509,"cauc","female",26,"yes","no","yes",42
"chicago",3503,"cauc","female",54,"no","no","yes",78
"chicago",3503,"cauc","male",53,"no","no","yes",60
"chicago",3502,"cauc","male",30,"yes","no","yes",176
"chicago",3502,"cauc","female",27,"yes","no","yes",47
"chicago",3502,"cauc","female",33,"yes","no","yes",41
"chicago",3502,"cauc","male",39,"yes","no","no",42
"chicago",3501,"cauc","female",37,"yes","no","yes",213
"chicago",3501,"cauc","male",34,"yes","no","yes",185
"chicago",3501,"cauc","male",49,"yes","no","yes",96
"chicago",3509,"cauc","female",35,"yes","no","yes",186
"chicago",3509,"cauc","male",39,"yes","no","yes",225
"chicago",3515,"cauc","female",34,"yes","no","yes",38
"chicago",3514,"cauc","male",36,"no","no","no",64
"chicago",3514,"cauc","female",32,"yes","no","yes",53
"chicago",3501,"cauc","male",27,"no","no","yes",200
"chicago",3501,"cauc","female",26,"no","no","no",223
"chicago",3517,"afam","male",40,"no","no","yes",136
"chicago",3517,"afam","female",37,"yes","no","yes",157
"chicago",3514,"afam","female",36,"yes","no","yes",38
"chicago",3516,"afam","female",39,"no","no","no",36
"chicago",3506,"cauc","female",53,"no","no","no",43
"chicago",3509,"cauc","female",53,"yes","no","no",88
"chicago",3509,"cauc","male",48,"no","no","no",84
"chicago",3519,"afam","male",51,"no","no","no",85
"chicago",3519,"afam","female",37,"yes","no","no",72
"chicago",3516,"afam","female",34,"yes","no","yes",39
"chicago",3502,"cauc","male",32,"yes","no","yes",127
"chicago",3502,"cauc","female",34,"yes","no","yes",141
"chicago",3505,"cauc","male",35,"no","no","no",99
"chicago",3505,"cauc","female",30,"no","no","yes",101
"chicago",3508,"afam","female",31,"yes","no","yes",62
"chicago",3512,"cauc","male",50,"no","no","no",56
"chicago",3502,"cauc","male",33,"yes","no","yes",53
"chicago",3502,"cauc","female",33,"yes","no","yes",60
"chicago",3509,"cauc","male",31,"yes","no","yes",52
"chicago",3510,"afam","female",46,"no","no","yes",76
"chicago",3510,"afam","male",41,"yes","no","yes",324
"chicago",3512,"afam","female",36,"yes","no","yes",121
"chicago",3501,"cauc","female",50,"yes","no","no",99
"chicago",3504,"afam","male",27,"no","no","yes",87
"chicago",3504,"cauc","female",27,"no","no","yes",106
"chicago",3502,"cauc","male",53,"yes","no","yes",175
"chicago",3510,"cauc","male",31,"yes","no","yes",46
"chicago",3510,"cauc","female",27,"no","no","yes",161
"chicago",3510,"cauc","female",25,"no","no","yes",198
"chicago",3504,"cauc","male",40,"yes","no","yes",67
"chicago",3504,"cauc","female",39,"yes","no","yes",53
"chicago",3509,"cauc","female",27,"yes","no","yes",58
"chicago",3501,"afam","male",54,"no","no","no",32
"chicago",3516,"cauc","female",46,"no","no","yes",290
"chicago",3514,"afam","male",51,"no","no","yes",73
"chicago",3505,"cauc","female",52,"yes","no","yes",54
"chicago",3505,"cauc","male",52,"yes","no","yes",60
"chicago",3504,"cauc","female",42,"yes","no","yes",63
"chicago",3504,"cauc","male",49,"no","no","yes",73
"chicago",3519,"afam","female",35,"no","no","yes",53
"chicago",3513,"afam","male",39,"no","no","no",177
"chicago",3517,"cauc","male",45,"yes","no","yes",58
"chicago",3517,"cauc","female",52,"yes","no","no",50
"chicago",3516,"afam","female",43,"no","no","yes",175
"chicago",3509,"cauc","female",39,"no","no","yes",229
"boston",3302,"cauc","male",39,"yes","no","yes",33
"boston",3301,"cauc","male",25,"yes","no","yes",102
"boston",3302,"cauc","female",31,"no","no","no",223
"boston",3302,"cauc","male",32,"no","no","yes",228
"boston",3301,"cauc","female",28,"yes","no","yes",140
"boston",3301,"cauc","male",28,"yes","no","yes",149
"boston",3302,"cauc","female",34,"yes","no","no",163
"boston",3305,"cauc","male",27,"yes","no","yes",114
"boston",3305,"cauc","female",27,"yes","no","yes",126
"boston",3302,"cauc","female",48,"yes","no","no",52
"boston",3302,"cauc","male",48,"yes","no","yes",74
"boston",3303,"cauc","male",28,"no","no","no",131
"boston",3304,"cauc","female",31,"yes","no","yes",168
"boston",3304,"cauc","male",34,"yes","no","yes",180
"boston",3303,"afam","female",47,"no","no","yes",138
"boston",3303,"afam","male",44,"no","no","yes",126
"boston",3302,"cauc","male",53,"no","no","yes",61
"boston",3302,"cauc","female",47,"yes","no","yes",31
"boston",3302,"cauc","male",47,"yes","no","yes",44
"boston",3305,"cauc","male",46,"yes","no","yes",92
"boston",3305,"afam","female",33,"yes","no","yes",76
"boston",3305,"cauc","male",41,"yes","no","yes",76
"boston",3305,"cauc","female",40,"no","no","no",68
"boston",3304,"cauc","male",46,"no","no","yes",71
"boston",3305,"cauc","female",52,"no","no","yes",64
"boston",3302,"cauc","female",45,"no","no","yes",38
"boston",3303,"afam","female",37,"no","no","no",185
"boston",3301,"cauc","female",29,"yes","no","yes",118
"boston",3301,"cauc","female",29,"yes","no","yes",149
"boston",3301,"cauc","female",28,"yes","no","yes",148
"boston",3304,"cauc","female",33,"yes","no","yes",173
"boston",3304,"cauc","female",37,"yes","no","yes",282
"boston",3301,"cauc","male",31,"yes","no","yes",53
"boston",3301,"cauc","female",30,"yes","no","no",66
"boston",3304,"cauc","male",26,"yes","no","yes",166
"boston",3301,"cauc","female",51,"no","no","no",28
"boston",3303,"cauc","male",34,"no","no","yes",11
"boston",3305,"cauc","male",30,"no","yes","yes",47
"boston",3304,"afam","female",54,"no","no","no",44
"boston",3302,"cauc","female",46,"no","no","no",96
"boston",3301,"cauc","female",26,"yes","no","yes",10
"boston",3305,"cauc","female",40,"yes","no","yes",106
"boston",3305,"cauc","female",28,"yes","no","yes",156
"boston",3305,"cauc","female",30,"yes","no","yes",146
"boston",3305,"cauc","female",53,"yes","no","yes",91
"boston",3301,"cauc","male",37,"yes","no","yes",71
"boston",3301,"cauc","female",36,"yes","no","yes",68
"boston",3305,"cauc","female",42,"yes","no","yes",59
"boston",3305,"cauc","male",41,"no","yes","yes",72
"boston",3302,"cauc","male",38,"yes","no","yes",85
"boston",3302,"cauc","female",33,"yes","no","yes",67
"boston",3302,"cauc","male",27,"yes","no","yes",125
"boston",3302,"afam","male",41,"yes","no","yes",66
"boston",3302,"cauc","female",32,"yes","no","yes",82
"boston",3302,"cauc","male",31,"yes","no","yes",102
"boston",3301,"cauc","female",49,"no","no","yes",105
"boston",3302,"cauc","male",49,"yes","no","yes",67
"boston",3305,"cauc","female",51,"yes","no","yes",91
"boston",3304,"afam","female",52,"no","no","yes",82
"boston",3303,"afam","female",35,"yes","no","yes",45
"boston",3303,"afam","male",39,"no","no","yes",39
"boston",3304,"cauc","female",54,"yes","no","yes",118
"boston",3302,"cauc","female",35,"yes","no","yes",214
"boston",3301,"cauc","female",26,"yes","no","yes",68
"boston",3302,"cauc","male",42,"yes","no","yes",130
"boston",3302,"cauc","male",46,"no","no","no",104
"boston",3305,"afam","male",40,"no","no","yes",85
"boston",3304,"cauc","female",49,"yes","no","yes",65
"boston",3304,"cauc","male",46,"yes","no","yes",67
"boston",3305,"cauc","female",48,"yes","no","yes",79
"boston",3303,"afam","female",39,"no","no","yes",195
"boston",3304,"afam","male",50,"no","no","yes",46
"boston",3304,"afam","male",45,"yes","no","yes",90
"boston",3304,"afam","female",31,"no","no","no",95
"boston",3301,"cauc","female",25,"yes","no","yes",143
"boston",3305,"cauc","male",25,"no","no","no",103
"boston",3305,"cauc","male",38,"yes","no","yes",72
"boston",3305,"cauc","female",39,"yes","no","no",64
"boston",3304,"afam","female",40,"no","no","yes",181
"boston",3304,"afam","female",29,"no","no","yes",45
"boston",3304,"afam","male",33,"no","no","no",34
"boston",3302,"cauc","male",28,"yes","no","yes",119
"boston",3303,"cauc","female",41,"yes","no","yes",82
"boston",3302,"afam","male",46,"no","no","no",10
"boston",3304,"cauc","male",51,"yes","no","yes",100
"boston",3304,"cauc","female",50,"yes","no","yes",93
"boston",3304,"afam","male",46,"no","no","no",12
"boston",3302,"cauc","male",48,"yes","no","yes",124
"boston",3302,"cauc","male",27,"yes","no","yes",207
"boston",3302,"cauc","female",25,"yes","no","yes",169
"boston",3305,"cauc","male",39,"no","no","no",58
"boston",3303,"cauc","female",38,"no","no","yes",120
"boston",3304,"cauc","female",43,"no","no","no",122
"boston",3304,"cauc","male",43,"no","no","yes",165
"boston",3302,"cauc","male",29,"yes","no","yes",122
"boston",3303,"afam","male",43,"yes","no","yes",109
"boston",3303,"afam","female",39,"yes","no","yes",124
"boston",3304,"cauc","male",52,"yes","no","yes",54
"boston",3304,"cauc","male",27,"yes","no","yes",69
"boston",3302,"cauc","male",34,"yes","no","yes",48
"boston",3302,"cauc","female",31,"yes","no","yes",59
"boston",3302,"cauc","female",27,"yes","no","yes",124
"boston",3302,"cauc","male",28,"yes","no","no",154
"boston",3302,"cauc","male",51,"yes","no","yes",92
"boston",3303,"afam","male",36,"no","no","yes",149
"boston",3301,"cauc","female",33,"yes","no","yes",80
"boston",3304,"cauc","female",39,"yes","no","yes",96
"boston",3304,"cauc","male",38,"no","no","yes",130
"boston",3305,"cauc","female",36,"no","no","no",66
"boston",3301,"cauc","female",28,"yes","no","no",86
"boston",3301,"cauc","female",26,"yes","no","no",85
"boston",3304,"cauc","female",49,"no","no","yes",68
"boston",3304,"cauc","male",54,"no","no","yes",80
"boston",3304,"cauc","male",27,"no","yes","yes",102
"boston",3305,"cauc","female",42,"no","no","yes",96
"boston",3305,"cauc","male",47,"no","no","yes",106
"boston",3305,"cauc","male",25,"yes","no","yes",169
"boston",3302,"afam","female",44,"no","no","yes",67
"boston",3304,"cauc","male",50,"no","yes","yes",142
"boston",3301,"cauc","female",53,"no","no","yes",123
"boston",3302,"cauc","male",53,"yes","yes","yes",122
"boston",3302,"cauc","female",34,"yes","no","yes",68
"boston",3305,"cauc","male",41,"yes","no","yes",90
"boston",3305,"cauc","female",38,"no","no","yes",77
"boston",3302,"cauc","female",29,"yes","no","yes",44
"boston",3305,"cauc","female",51,"yes","no","yes",65
"boston",3303,"afam","male",32,"no","no","yes",78
"boston",3303,"afam","female",33,"no","no","yes",60
"boston",3303,"afam","female",53,"no","no","yes",59
"boston",3305,"cauc","female",38,"yes","no","yes",44
"boston",3305,"cauc","male",38,"yes","no","yes",55
"boston",3305,"cauc","female",43,"yes","no","yes",93
"boston",3305,"cauc","male",43,"yes","no","yes",116
"boston",3305,"cauc","male",48,"no","no","no",11
"boston",3301,"cauc","female",50,"yes","no","yes",82
"boston",3302,"cauc","female",34,"yes","no","no",78
"boston",3302,"cauc","male",39,"yes","no","yes",103
"boston",3305,"cauc","male",25,"yes","no","yes",47
"boston",3305,"cauc","male",25,"yes","no","yes",60
"boston",3305,"cauc","male",25,"yes","no","yes",61
"boston",3302,"cauc","male",40,"yes","no","yes",89
"boston",3304,"afam","female",35,"no","no","yes",172
"boston",3304,"afam","male",40,"no","no","yes",190
"boston",3303,"afam","female",31,"no","no","no",174
"boston",3303,"afam","male",48,"no","no","no",146
"boston",3301,"cauc","female",31,"yes","no","yes",110
"boston",3301,"cauc","male",26,"no","no","no",138
"boston",3304,"cauc","female",52,"no","no","no",122
"boston",3301,"cauc","male",28,"yes","no","yes",2
"boston",3305,"afam","female",36,"no","no","yes",210
"boston",3304,"cauc","male",26,"yes","no","yes",63
"boston",3304,"cauc","male",25,"yes","no","yes",86
"boston",3304,"cauc","male",26,"yes","no","yes",87
"boston",3302,"cauc","male",26,"no","no","no",116
"boston",3302,"cauc","female",27,"no","no","yes",93
"boston",3301,"cauc","male",54,"yes","no","no",122
"boston",3301,"cauc","female",51,"yes","no","yes",77
"boston",3301,"cauc","female",32,"yes","no","yes",103
"boston",3303,"afam","male",52,"no","no","no",39
"boston",3303,"afam","female",49,"no","no","yes",117
"boston",3302,"cauc","female",46,"no","no","no",125
"boston",3301,"afam","female",37,"no","no","yes",10
"boston",3301,"cauc","female",25,"yes","no","yes",146
"boston",3301,"cauc","male",28,"yes","no","yes",156
"boston",3304,"cauc","female",51,"yes","no","yes",137
"boston",3305,"cauc","female",41,"yes","no","yes",61
"boston",3303,"afam","female",48,"yes","no","no",32
"boston",3302,"cauc","male",28,"yes","no","yes",153
"boston",3302,"cauc","male",28,"yes","no","yes",191
"boston",3304,"cauc","male",33,"no","no","yes",67
"boston",3304,"cauc","female",31,"no","no","yes",65
"boston",3301,"cauc","male",51,"yes","no","no",157
"boston",3301,"cauc","female",49,"no","no","yes",65
"boston",3304,"afam","female",50,"no","no","yes",60
"boston",3302,"cauc","male",34,"yes","yes","yes",95
"boston",3302,"cauc","female",30,"yes","no","yes",117
"boston",3304,"cauc","female",27,"no","no","no",56
"boston",3303,"afam","female",45,"no","no","no",127
"boston",3302,"cauc","male",28,"yes","no","yes",76
"boston",3303,"cauc","female",48,"yes","no","yes",62
"boston",3302,"cauc","female",45,"no","no","yes",93
"boston",3302,"cauc","male",40,"yes","no","yes",136
"boston",3302,"cauc","male",27,"yes","no","yes",209
"boston",3302,"afam","male",34,"no","no","no",141
"boston",3302,"afam","female",34,"yes","no","yes",132
"boston",3303,"cauc","male",44,"no","no","yes",90
"boston",3303,"afam","female",38,"yes","no","yes",95
"boston",3302,"cauc","male",51,"yes","no","yes",97
"boston",3302,"cauc","female",46,"yes","no","yes",65
"boston",3301,"afam","female",52,"no","no","yes",35
"boston",3301,"cauc","male",36,"no","no","no",150
"boston",3302,"cauc","female",39,"yes","no","yes",57
"boston",3302,"cauc","male",48,"yes","no","yes",63
"boston",3302,"cauc","female",45,"yes","no","no",46
"boston",3301,"cauc","female",26,"yes","no","no",73
"boston",3303,"afam","male",40,"no","no","yes",108
"boston",3304,"cauc","female",37,"yes","no","yes",70
"boston",3303,"afam","male",42,"no","no","yes",257
"boston",3302,"cauc","female",43,"yes","no","yes",69
"boston",3302,"cauc","male",34,"yes","no","yes",55
"boston",3302,"cauc","female",30,"yes","no","yes",68
"boston",3303,"afam","male",53,"no","no","no",107
"boston",3302,"cauc","male",25,"yes","no","yes",72
"boston",3302,"cauc","male",30,"yes","no","yes",44
"boston",3304,"cauc","female",34,"yes","no","yes",57
"boston",3302,"cauc","female",33,"yes","no","yes",76
"boston",3302,"cauc","male",31,"yes","no","yes",62
"boston",3304,"cauc","male",52,"yes","yes","no",152
"boston",3303,"afam","female",42,"no","no","yes",43
"boston",3302,"afam","male",40,"yes","no","yes",56
"boston",3302,"afam","female",30,"no","no","yes",70
"boston",3304,"cauc","male",37,"no","no","yes",45
"boston",3302,"cauc","female",34,"yes","no","yes",64
"boston",3302,"cauc","male",39,"no","no","yes",85
"boston",3301,"cauc","male",37,"yes","no","yes",97
"boston",3302,"cauc","female",54,"yes","no","yes",80
"boston",3302,"cauc","female",28,"yes","no","yes",106
"boston",3302,"cauc","male",28,"yes","no","yes",134
"boston",3304,"cauc","female",33,"no","no","yes",46
"boston",3304,"cauc","female",29,"yes","no","yes",176
"boston",3305,"afam","female",44,"no","no","yes",235
"boston",3305,"afam","male",46,"no","no","yes",285
"boston",3305,"cauc","male",25,"no","no","yes",214
"boston",3302,"cauc","male",26,"yes","no","yes",71
"boston",3304,"cauc","male",33,"yes","no","yes",139
"boston",3302,"cauc","female",26,"no","no","no",38
"boston",3302,"cauc","male",30,"no","no","yes",53
"boston",3302,"cauc","female",39,"no","no","no",88
"boston",3302,"cauc","male",30,"no","no","yes",67
"boston",3305,"cauc","female",29,"yes","no","yes",121
"boston",3305,"cauc","female",42,"no","no","yes",89
"boston",3303,"cauc","female",33,"no","no","no",60
"boston",3301,"cauc","female",47,"yes","no","yes",64
"boston",3304,"afam","male",28,"no","no","yes",164
"boston",3304,"afam","male",29,"no","no","yes",222
"boston",3301,"cauc","female",30,"no","no","no",11
"boston",3305,"afam","female",54,"no","no","yes",231
"boston",3301,"cauc","female",28,"yes","no","no",87
"boston",3301,"cauc","male",25,"yes","no","yes",94
"boston",3301,"afam","female",32,"no","no","no",74
"boston",3301,"cauc","female",50,"no","no","no",208
"boston",3302,"cauc","male",28,"no","no","yes",72
"boston",3301,"cauc","male",37,"no","no","yes",224
"boston",3302,"cauc","female",53,"yes","no","yes",66
"boston",3302,"cauc","male",51,"yes","no","yes",101
"boston",3303,"afam","female",49,"no","no","yes",59
"boston",3304,"cauc","male",47,"no","no","no",226
"boston",3305,"afam","female",43,"yes","no","yes",91
"boston",3304,"cauc","male",34,"no","no","yes",64
"boston",3304,"cauc","male",30,"no","no","yes",87
"boston",3304,"cauc","female",30,"yes","no","yes",84
"boston",3303,"afam","female",29,"yes","no","yes",435
"boston",3303,"afam","female",31,"no","no","yes",187
"boston",3303,"afam","male",27,"no","no","no",230
"boston",3303,"afam","female",28,"no","no","yes",338
"boston",3304,"cauc","male",27,"yes","no","yes",65
"boston",3304,"cauc","male",25,"yes","no","yes",88
"boston",3304,"afam","male",49,"no","yes","no",59
"boston",3302,"cauc","female",45,"yes","no","yes",223
"boston",3302,"cauc","female",39,"yes","no","no",48
"boston",3302,"cauc","male",43,"yes","no","yes",61
"boston",3303,"afam","female",53,"no","no","yes",107
"boston",3305,"cauc","male",30,"yes","no","yes",130
"boston",3305,"cauc","female",27,"yes","no","no",165
"boston",3305,"cauc","male",30,"yes","no","yes",28
"boston",3305,"cauc","male",26,"yes","yes","yes",104
"boston",3305,"cauc","female",25,"no","no","no",117
"boston",3303,"afam","female",41,"no","no","no",18
"boston",3305,"cauc","male",29,"yes","no","no",81
"boston",3305,"cauc","female",29,"yes","no","yes",88
"boston",3303,"afam","male",43,"no","no","yes",68
"boston",3303,"afam","male",27,"no","no","yes",113
"boston",3304,"cauc","female",28,"yes","no","yes",84
"boston",3304,"cauc","female",30,"yes","no","yes",54
"boston",3305,"afam","male",50,"no","no","yes",72
"boston",3305,"afam","female",52,"no","no","yes",70
"boston",3304,"afam","male",38,"no","no","yes",114
"boston",3302,"cauc","female",39,"yes","no","yes",35
"boston",3304,"cauc","female",37,"yes","no","yes",46
"boston",3304,"cauc","male",41,"yes","no","no",62
"boston",3304,"cauc","male",33,"yes","no","yes",122
"boston",3304,"cauc","female",33,"yes","no","no",121
"boston",3305,"cauc","male",38,"yes","no","yes",78
"boston",3305,"cauc","female",35,"yes","no","yes",68
"boston",3302,"cauc","female",47,"yes","no","yes",81
"boston",3302,"cauc","female",54,"no","no","yes",55
"boston",3302,"cauc","male",26,"yes","no","yes",98
"boston",3301,"cauc","female",32,"yes","no","yes",62
"boston",3305,"cauc","male",50,"no","no","yes",76
"boston",3305,"cauc","female",51,"no","no","no",60
"boston",3305,"cauc","female",35,"yes","no","yes",108
"boston",3305,"cauc","female",35,"yes","no","yes",138
"boston",3301,"cauc","male",25,"no","no","no",75
"boston",3301,"cauc","female",27,"no","no","yes",74
"boston",3305,"cauc","female",53,"yes","no","yes",68
"boston",3304,"afam","male",50,"no","no","yes",253
"boston",3304,"afam","female",27,"no","no","yes",528
"boston",3301,"cauc","female",27,"yes","no","yes",48
"boston",3301,"cauc","male",27,"yes","no","yes",53
"boston",3305,"cauc","male",38,"yes","no","yes",51
"boston",3305,"cauc","female",38,"yes","no","yes",45
"boston",3303,"afam","female",45,"yes","no","yes",40
"boston",3302,"cauc","male",26,"yes","no","yes",75
"boston",3302,"cauc","female",25,"yes","no","yes",62
"boston",3301,"cauc","male",29,"yes","yes","yes",52
"boston",3302,"cauc","female",29,"yes","no","yes",52
"boston",3302,"cauc","male",32,"yes","no","yes",41
"boston",3304,"cauc","male",27,"yes","yes","yes",65
"boston",3304,"cauc","male",25,"yes","no","yes",88
"boston",3304,"cauc","male",27,"yes","no","yes",86
"boston",3302,"cauc","female",26,"yes","no","yes",99
"boston",3302,"cauc","male",29,"yes","no","yes",125
"boston",3305,"cauc","female",37,"yes","no","yes",72
"boston",3303,"afam","male",35,"no","no","yes",117
"boston",3302,"cauc","female",41,"no","no","yes",143
"boston",3302,"cauc","male",43,"no","no","yes",180
"boston",3303,"afam","female",31,"no","no","yes",149
"boston",3303,"afam","male",37,"no","no","yes",241
"boston",3303,"afam","female",36,"no","no","no",184
"boston",3303,"afam","female",54,"no","no","no",148
"boston",3303,"afam","male",54,"no","no","yes",151
"boston",3303,"afam","male",38,"no","no","yes",241
"boston",3302,"cauc","female",38,"yes","no","yes",56
"boston",3302,"afam","male",38,"no","no","no",55
"boston",3301,"cauc","female",32,"yes","no","yes",64
"boston",3303,"afam","female",34,"no","no","no",70
"boston",3301,"cauc","male",25,"no","no","no",34
"boston",3302,"cauc","male",34,"yes","no","yes",54
"boston",3302,"cauc","female",35,"yes","no","yes",72
"boston",3305,"cauc","female",30,"no","no","no",104
"boston",3301,"cauc","female",53,"yes","no","no",60
"boston",3303,"afam","male",38,"no","no","no",46
"boston",3302,"cauc","male",33,"no","no","no",156
"boston",3302,"cauc","female",27,"no","no","yes",248
"boston",3303,"cauc","female",27,"yes","no","yes",111
"boston",3303,"cauc","male",48,"yes","no","yes",116
"boston",3305,"afam","female",41,"yes","no","yes",88
"boston",3305,"afam","male",31,"no","no","yes",148
"boston",3303,"afam","female",48,"no","no","yes",117
"boston",3305,"cauc","male",36,"yes","no","yes",43
"boston",3305,"cauc","female",32,"yes","no","yes",35
"boston",3305,"cauc","female",53,"no","no","no",36
"boston",3304,"afam","male",36,"no","no","yes",153
"boston",3302,"cauc","female",51,"no","no","yes",76
"boston",3305,"cauc","male",28,"no","no","yes",94
"boston",3305,"afam","female",30,"no","no","yes",133
"boston",3305,"cauc","female",54,"yes","no","yes",47
"boston",3305,"cauc","female",53,"yes","no","yes",49
"boston",3304,"cauc","female",51,"no","no","yes",48
"boston",3302,"cauc","male",53,"no","no","no",71
"boston",3303,"afam","female",36,"no","no","yes",74
"boston",3305,"cauc","female",53,"yes","no","yes",51
"boston",3301,"cauc","female",30,"yes","no","yes",49
"boston",3305,"cauc","male",32,"yes","no","yes",76
"boston",3302,"cauc","male",29,"yes","no","yes",205
"boston",3301,"cauc","female",33,"yes","no","yes",101
"boston",3304,"cauc","female",32,"yes","no","yes",90
"boston",3304,"cauc","male",31,"yes","no","yes",125
"boston",3304,"cauc","male",30,"yes","no","yes",82
"boston",3304,"cauc","female",26,"yes","no","yes",135
"boston",3305,"afam","male",29,"no","yes","yes",137
"boston",3305,"cauc","male",32,"yes","no","yes",52
"boston",3302,"cauc","male",33,"yes","no","yes",70
"boston",3304,"afam","male",33,"no","no","yes",193
"boston",3304,"afam","male",34,"yes","no","yes",259
"boston",3304,"afam","male",29,"yes","no","yes",210
"boston",3305,"cauc","female",50,"yes","no","yes",78
"boston",3305,"cauc","male",35,"yes","no","yes",55
"boston",3302,"cauc","male",40,"yes","no","yes",164
"boston",3302,"cauc","female",37,"yes","no","yes",135
"boston",3304,"cauc","female",52,"no","no","no",141
"boston",3305,"afam","male",45,"no","no","no",147
"boston",3302,"cauc","male",31,"yes","no","yes",42
"boston",3305,"cauc","male",33,"yes","no","yes",66
"boston",3303,"afam","female",32,"no","no","no",211
"boston",3302,"cauc","male",25,"yes","no","yes",246
"boston",3302,"cauc","female",26,"yes","no","yes",201
"boston",3302,"cauc","female",54,"no","no","no",26
"boston",3305,"cauc","female",33,"yes","no","yes",97
"boston",3305,"cauc","female",37,"yes","no","yes",113
"boston",3305,"cauc","male",37,"yes","no","yes",70
"boston",3305,"cauc","female",34,"yes","no","yes",55
"boston",3305,"afam","female",37,"no","no","yes",105
"boston",3305,"afam","male",35,"no","no","yes",95
"boston",3303,"afam","female",29,"yes","no","yes",255
"boston",3301,"cauc","male",32,"yes","no","yes",59
"boston",3302,"cauc","female",36,"no","no","no",303
"boston",3302,"cauc","male",33,"no","no","no",233
"boston",3304,"cauc","female",40,"no","no","no",182
"boston",3305,"cauc","female",42,"no","no","yes",65
"boston",3305,"afam","male",44,"no","no","yes",53
"boston",3302,"cauc","male",47,"yes","no","yes",79
"boston",3302,"cauc","female",49,"yes","no","yes",58
"boston",3304,"cauc","female",26,"yes","no","yes",78
"boston",3303,"afam","female",42,"no","no","no",72
"boston",3304,"afam","female",52,"no","no","yes",68
"boston",3303,"afam","female",46,"no","no","no",1
"boston",3302,"cauc","female",27,"yes","no","yes",51
"boston",3302,"cauc","male",30,"yes","no","yes",41
"boston",3302,"cauc","female",53,"yes","no","yes",109
"boston",3303,"afam","male",42,"no","no","no",65
"boston",3304,"afam","female",42,"no","no","yes",114
"boston",3301,"cauc","female",52,"no","no","yes",46
"boston",3301,"cauc","female",46,"yes","no","yes",57
"boston",3301,"cauc","male",40,"no","no","yes",78
"boston",3305,"cauc","female",54,"yes","no","yes",81
"boston",3302,"cauc","male",43,"yes","no","yes",78
"boston",3302,"cauc","female",42,"yes","no","yes",82
"boston",3301,"cauc","male",42,"yes","no","yes",75
"boston",3301,"cauc","female",32,"yes","no","yes",85
"boston",3301,"cauc","male",32,"yes","no","yes",70
"boston",3304,"cauc","female",41,"no","no","yes",61
"boston",3302,"cauc","male",28,"no","yes","yes",56
"boston",3302,"cauc","female",26,"yes","no","yes",47
"boston",3305,"cauc","female",36,"no","no","yes",41
"boston",3305,"cauc","male",27,"no","no","no",49
"boston",3302,"cauc","male",46,"no","no","yes",102
"boston",3302,"cauc","male",37,"yes","no","yes",160
"boston",3302,"cauc","female",35,"yes","no","no",133
"boston",3302,"cauc","female",25,"yes","no","yes",156
"boston",3305,"cauc","male",35,"yes","yes","yes",397
"boston",3305,"cauc","female",32,"yes","no","yes",313
"boston",3302,"cauc","male",35,"yes","yes","yes",82
"boston",3301,"cauc","female",26,"no","no","yes",205
"boston",3301,"cauc","male",26,"no","no","no",220
"boston",3302,"cauc","female",32,"yes","no","yes",207
"boston",3302,"cauc","male",34,"yes","yes","yes",168
"boston",3305,"afam","female",44,"no","no","yes",54
"boston",3305,"afam","male",48,"no","no","yes",66
"boston",3302,"cauc","male",42,"yes","no","yes",72
"boston",3302,"cauc","female",39,"yes","no","yes",58
"boston",3304,"cauc","female",40,"no","no","no",154
"boston",3302,"cauc","female",43,"yes","no","yes",127
"boston",3303,"afam","female",25,"no","no","yes",237
"boston",3303,"afam","male",40,"no","no","no",112
"boston",3304,"afam","female",50,"no","no","yes",75
"boston",3302,"cauc","male",49,"yes","no","yes",89
"boston",3302,"cauc","female",54,"no","no","yes",57
"boston",3302,"cauc","male",26,"no","no","no",83
"boston",3301,"cauc","female",30,"yes","no","yes",10
"boston",3301,"cauc","female",25,"yes","no","yes",105
"boston",3305,"afam","female",35,"no","no","yes",112
"boston",3305,"afam","male",42,"no","no","no",104
"boston",3302,"cauc","male",37,"yes","no","yes",137
"boston",3302,"cauc","female",30,"yes","no","yes",196
"boston",3302,"cauc","male",32,"yes","no","yes",161
"boston",3305,"cauc","female",52,"yes","no","yes",54
"boston",3304,"cauc","male",48,"no","no","yes",237
"boston",3304,"cauc","male",53,"no","no","yes",354
"boston",3302,"cauc","female",26,"yes","no","no",117
"boston",3302,"cauc","male",26,"yes","no","yes",146
"boston",3303,"afam","male",39,"no","no","no",30
"boston",3303,"afam","female",54,"no","no","no",35
"boston",3305,"cauc","male",41,"yes","no","yes",81
"boston",3305,"cauc","female",39,"yes","no","yes",73
"boston",3304,"cauc","male",45,"no","no","no",59
"boston",3301,"afam","female",37,"no","no","yes",30
"boston",3303,"cauc","male",39,"no","no","no",11
"boston",3301,"cauc","male",31,"yes","no","no",34
"boston",3301,"cauc","female",28,"yes","no","yes",39
"boston",3302,"cauc","female",54,"yes","no","yes",82
"boston",3304,"cauc","male",27,"yes","no","yes",297
"boston",3302,"afam","male",53,"no","no","yes",68
"boston",3304,"afam","male",53,"yes","no","yes",70
"boston",3305,"cauc","female",43,"no","no","no",51
"boston",3302,"cauc","female",29,"yes","no","yes",56
"boston",3302,"cauc","male",31,"yes","no","yes",99
"boston",3302,"cauc","female",31,"yes","no","yes",123
"boston",3303,"afam","male",27,"no","no","yes",174
"boston",3302,"cauc","male",37,"yes","no","yes",105
"boston",3302,"cauc","female",38,"yes","no","no",86
"boston",3303,"afam","female",46,"yes","no","yes",301
"boston",3301,"cauc","female",27,"yes","no","yes",59
"boston",3301,"cauc","male",29,"yes","no","yes",62
"boston",3302,"cauc","male",41,"yes","no","yes",70
"boston",3302,"cauc","female",33,"no","no","yes",53
"boston",3302,"cauc","female",45,"yes","no","yes",117
"boston",3303,"cauc","male",33,"yes","no","yes",51
"boston",3304,"afam","male",46,"no","no","yes",130
"boston",3304,"afam","female",45,"no","no","yes",118
"boston",3305,"afam","female",49,"yes","no","yes",122
"boston",3305,"afam","male",52,"no","no","no",98
"boston",3305,"afam","female",26,"yes","no","no",253
"boston",3302,"cauc","male",52,"yes","no","yes",70
"boston",3305,"cauc","female",25,"yes","no","yes",108
"boston",3302,"cauc","female",43,"yes","no","yes",62
"boston",3303,"afam","female",50,"no","no","no",31
"boston",3303,"afam","male",25,"no","no","yes",46
"boston",3305,"cauc","female",50,"yes","no","yes",61
"boston",3304,"cauc","female",30,"yes","no","yes",205
"boston",3304,"cauc","male",32,"no","no","yes",222
"boston",3302,"cauc","male",25,"yes","no","no",276
"boston",3302,"cauc","female",27,"yes","no","yes",126
"boston",3305,"cauc","female",51,"no","no","yes",150
"boston",3302,"cauc","male",38,"no","no","yes",136
"boston",3303,"cauc","female",25,"yes","no","no",215
"boston",3302,"cauc","female",35,"yes","no","yes",109
"boston",3301,"cauc","female",28,"yes","no","no",149
"boston",3302,"cauc","female",46,"yes","no","yes",133
"boston",3304,"cauc","male",43,"yes","no","yes",198
"boston",3302,"cauc","female",54,"yes","no","yes",51
"boston",3305,"cauc","female",47,"yes","no","yes",66
"boston",3305,"cauc","male",46,"yes","no","yes",73
"boston",3303,"cauc","male",26,"yes","no","yes",62
"boston",3303,"cauc","male",28,"yes","yes","yes",78
"boston",3303,"cauc","male",28,"no","yes","no",77
"boston",3303,"afam","female",54,"no","no","yes",86
"boston",3303,"afam","male",43,"no","no","yes",107
"boston",3303,"afam","female",51,"no","no","no",118
"boston",3304,"afam","male",33,"yes","no","no",6
"boston",3305,"cauc","female",32,"yes","no","yes",59
"boston",3301,"cauc","female",28,"yes","no","no",35
"boston",3301,"cauc","male",29,"yes","no","no",38
"boston",3302,"cauc","male",30,"yes","no","yes",218
"boston",3301,"cauc","female",25,"yes","no","yes",52
"boston",3301,"cauc","female",28,"no","no","no",66
"boston",3302,"cauc","male",46,"yes","no","yes",142
"boston",3302,"cauc","male",41,"no","no","yes",148
"boston",3302,"cauc","female",32,"yes","no","yes",383
"boston",3301,"cauc","female",31,"no","no","yes",32
"boston",3301,"cauc","male",29,"no","no","yes",31
"boston",3304,"cauc","female",31,"yes","no","yes",74
"boston",3305,"afam","female",38,"yes","no","no",63
"boston",3305,"afam","male",39,"no","yes","yes",59
"boston",3304,"cauc","female",39,"yes","no","yes",73
"boston",3303,"afam","female",32,"no","no","no",80
"boston",3303,"afam","male",37,"yes","no","yes",59
"boston",3304,"cauc","female",45,"no","no","no",411
"boston",3302,"cauc","male",46,"no","no","yes",142
"boston",3302,"cauc","female",38,"yes","no","no",122
"boston",3301,"cauc","male",50,"no","no","yes",56
"boston",3301,"cauc","female",43,"no","no","yes",45
"boston",3305,"cauc","male",49,"no","no","yes",174
"boston",3305,"cauc","female",35,"no","no","no",173
"boston",3303,"cauc","male",38,"no","no","yes",88
"boston",3303,"cauc","female",32,"no","no","yes",66
"boston",3305,"cauc","male",45,"yes","no","yes",88
"boston",3305,"cauc","male",47,"yes","no","yes",92
"boston",3304,"cauc","female",38,"yes","no","yes",63
"boston",3301,"cauc","male",29,"yes","no","yes",104
"boston",3303,"cauc","male",52,"no","no","no",220
"boston",3305,"cauc","female",26,"yes","no","yes",170
"boston",3304,"cauc","male",29,"yes","no","yes",54
"boston",3304,"cauc","female",27,"yes","no","yes",75
"boston",3304,"cauc","female",37,"yes","no","yes",70
"boston",3304,"afam","male",33,"yes","no","yes",115
"boston",3305,"cauc","male",50,"no","no","yes",49
"boston",3305,"cauc","female",47,"no","no","yes",42
"boston",3305,"cauc","male",42,"yes","no","yes",108
"boston",3302,"cauc","male",52,"yes","no","yes",111
"boston",3302,"cauc","female",51,"yes","no","yes",73
"boston",3302,"cauc","male",26,"yes","no","yes",42
"boston",3302,"cauc","male",26,"yes","no","yes",52
"boston",3305,"cauc","female",49,"no","no","yes",69
"boston",3302,"afam","female",28,"no","no","no",102
"boston",3301,"cauc","female",32,"no","no","yes",102
"boston",3301,"cauc","male",36,"no","no","yes",118
"boston",3302,"cauc","male",26,"yes","no","no",184
"boston",3304,"cauc","male",40,"yes","no","yes",175
"boston",3301,"afam","female",44,"no","no","yes",229
"boston",3301,"cauc","female",35,"no","no","yes",267
"boston",3301,"cauc","female",27,"yes","no","no",237
"boston",3302,"afam","female",49,"no","no","yes",147
"boston",3305,"cauc","female",46,"yes","no","yes",130
"boston",3305,"cauc","female",45,"yes","no","yes",168
"boston",3304,"afam","female",36,"yes","no","yes",85
"boston",3303,"cauc","female",44,"yes","no","yes",58
"boston",3303,"cauc","female",38,"yes","no","no",55
"boston",3303,"cauc","male",53,"yes","no","yes",82
"boston",3301,"cauc","female",32,"yes","no","yes",216
"boston",3305,"cauc","female",53,"yes","no","no",80
"boston",3305,"afam","female",37,"no","no","yes",141
"boston",3305,"afam","female",45,"no","no","yes",112
"boston",3304,"cauc","female",42,"no","no","yes",80
"boston",3304,"cauc","male",37,"no","yes","yes",108
"boston",3302,"cauc","female",28,"yes","no","yes",101
"boston",3302,"cauc","male",27,"yes","no","yes",125
"boston",3304,"cauc","male",41,"no","no","yes",83
"boston",3304,"cauc","male",32,"no","no","yes",58
"boston",3304,"afam","male",39,"no","no","yes",66
"boston",3305,"cauc","male",25,"no","no","yes",175
"boston",3302,"cauc","female",28,"yes","no","yes",49
"boston",3302,"cauc","male",31,"yes","no","yes",49
"boston",3302,"cauc","male",34,"no","no","yes",136
"boston",3302,"cauc","male",34,"no","no","yes",172
"boston",3303,"afam","female",39,"no","no","yes",145
"boston",3301,"cauc","female",25,"yes","no","yes",71
"boston",3303,"afam","female",41,"no","no","no",2
"boston",3302,"cauc","female",31,"yes","no","yes",74
"boston",3304,"afam","female",41,"no","no","no",71
"boston",3301,"cauc","male",54,"yes","no","yes",125
"boston",3304,"cauc","female",32,"no","no","yes",343
"boston",3304,"cauc","female",29,"no","no","yes",770
"boston",3305,"cauc","female",45,"yes","no","yes",81
"boston",3305,"cauc","female",26,"yes","no","yes",129
"boston",3305,"cauc","male",44,"yes","no","yes",129
"boston",3303,"afam","female",50,"yes","no","yes",51
"boston",3305,"cauc","female",35,"no","no","no",72
"boston",3303,"afam","male",44,"no","no","yes",60
"boston",3304,"afam","female",38,"no","no","no",59
"boston",3304,"afam","female",54,"no","no","no",96
"boston",3302,"cauc","male",31,"yes","no","yes",92
"boston",3302,"cauc","male",28,"yes","no","yes",148
"boston",3302,"cauc","male",32,"yes","no","yes",120
"boston",3305,"cauc","female",31,"yes","no","yes",32
"boston",3305,"cauc","male",32,"yes","no","no",36
"boston",3301,"cauc","male",27,"yes","no","yes",86
"boston",3301,"cauc","female",25,"yes","no","no",83
"boston",3305,"afam","female",32,"yes","no","yes",173
"boston",3305,"afam","male",32,"no","no","yes",143
"boston",3305,"cauc","male",33,"yes","no","yes",56
"boston",3303,"afam","male",46,"no","no","no",53
"boston",3301,"cauc","male",25,"yes","no","yes",124
"boston",3304,"cauc","male",54,"yes","yes","yes",66
"boston",3304,"cauc","female",53,"no","no","yes",60
"boston",3303,"afam","male",43,"no","no","yes",74
"boston",3303,"afam","female",53,"no","no","yes",51
"boston",3303,"afam","male",28,"no","no","yes",77
"boston",3305,"cauc","male",30,"yes","no","yes",34
"boston",3305,"cauc","female",32,"yes","no","yes",31
"boston",3301,"cauc","female",32,"yes","no","yes",55
"boston",3301,"cauc","female",43,"yes","no","yes",91
"boston",3302,"afam","male",42,"yes","no","yes",58
"boston",3304,"afam","female",40,"no","no","yes",116
"boston",3304,"cauc","male",33,"no","no","yes",169
"boston",3304,"cauc","female",34,"yes","no","yes",169
"boston",3302,"cauc","female",31,"yes","no","yes",45
"boston",3304,"cauc","male",30,"yes","no","yes",51
"boston",3304,"cauc","female",27,"yes","no","yes",84
"boston",3303,"afam","female",47,"no","no","yes",29
"boston",3303,"afam","female",28,"no","no","no",64
"boston",3302,"cauc","male",40,"yes","no","yes",82
"boston",3302,"cauc","female",42,"yes","no","yes",68
"boston",3305,"cauc","male",33,"yes","no","yes",25
"boston",3302,"cauc","male",52,"yes","no","no",82
"boston",3303,"afam","male",35,"no","no","no",90
"boston",3303,"afam","male",31,"no","no","no",198
"boston",3303,"afam","male",29,"no","no","no",148
"boston",3305,"cauc","male",31,"yes","no","yes",46
"boston",3303,"afam","male",45,"yes","no","no",71
"boston",3303,"afam","male",37,"no","no","no",46
"boston",3302,"cauc","female",52,"yes","no","no",70
"boston",3305,"cauc","female",31,"yes","no","yes",65
"boston",3304,"afam","male",38,"no","no","yes",222
"boston",3304,"afam","female",26,"no","no","no",401
"boston",3305,"cauc","female",30,"no","no","yes",55
"boston",3305,"cauc","female",32,"yes","no","yes",72
"boston",3305,"cauc","female",30,"yes","no","yes",72
"boston",3301,"cauc","female",31,"no","no","no",102
"boston",3301,"cauc","male",32,"yes","no","yes",86
"boston",3304,"cauc","male",27,"yes","no","yes",117
"boston",3305,"cauc","female",33,"yes","no","yes",61
"boston",3305,"cauc","male",32,"yes","yes","yes",71
"boston",3303,"afam","female",25,"no","no","yes",84
"boston",3303,"afam","female",27,"yes","no","yes",110
"boston",3305,"cauc","female",40,"yes","no","yes",38
"boston",3305,"cauc","male",45,"yes","no","yes",43
"boston",3305,"cauc","female",33,"yes","no","yes",79
"boston",3305,"cauc","female",27,"yes","no","yes",140
"boston",3305,"cauc","female",47,"yes","no","yes",4
"boston",3304,"cauc","female",35,"no","no","yes",45
"boston",3304,"cauc","male",34,"no","no","yes",40
"boston",3302,"cauc","male",33,"yes","no","yes",89
"boston",3302,"cauc","female",28,"yes","no","yes",93
"boston",3304,"afam","female",37,"no","no","yes",314
"boston",3304,"afam","male",48,"yes","no","yes",555
"boston",3302,"cauc","female",26,"yes","no","yes",57
"boston",3302,"cauc","male",25,"yes","no","yes",76
"boston",3302,"cauc","male",34,"yes","no","yes",46
"boston",3305,"cauc","female",37,"yes","no","yes",85
"boston",3304,"cauc","female",25,"yes","no","yes",101
"boston",3304,"cauc","male",27,"yes","no","yes",77
"boston",3305,"afam","female",50,"no","no","yes",64
"boston",3302,"cauc","male",31,"yes","no","yes",82
"boston",3302,"cauc","female",30,"yes","no","yes",102
"boston",3303,"cauc","female",42,"yes","no","yes",48
"boston",3301,"cauc","female",28,"yes","no","yes",64
"boston",3302,"cauc","female",26,"no","no","no",190
"boston",3304,"cauc","female",28,"yes","no","yes",74
"boston",3304,"cauc","male",28,"yes","no","yes",58
"boston",3303,"cauc","male",26,"yes","no","yes",44
"boston",3305,"cauc","female",54,"no","no","yes",188
"boston",3305,"cauc","male",52,"yes","no","yes",258
"boston",3304,"cauc","female",51,"yes","no","yes",48
"boston",3304,"cauc","male",54,"yes","yes","yes",55
"boston",3304,"cauc","male",39,"yes","no","yes",3
"boston",3301,"cauc","female",28,"yes","no","yes",216
"boston",3305,"afam","female",52,"no","no","yes",109
"boston",3301,"cauc","male",25,"yes","no","no",109
"boston",3305,"cauc","female",44,"yes","no","yes",92
"boston",3303,"afam","female",50,"no","no","no",37
"boston",3304,"afam","female",29,"no","no","yes",117
"boston",3303,"afam","male",51,"no","yes","yes",77
"boston",3305,"cauc","male",51,"yes","no","yes",76
"boston",3305,"cauc","female",51,"yes","no","yes",61
"boston",3303,"afam","female",48,"no","no","yes",52
"boston",3302,"cauc","male",27,"yes","no","yes",83
"boston",3302,"cauc","male",26,"yes","no","yes",106
"boston",3301,"cauc","female",47,"yes","no","no",51
"boston",3301,"cauc","male",46,"yes","no","yes",61
"boston",3302,"cauc","female",36,"yes","no","yes",52
"boston",3302,"cauc","male",40,"yes","no","yes",65
"boston",3301,"cauc","male",44,"no","no","no",144
"boston",3305,"cauc","male",30,"yes","no","yes",50
"boston",3305,"cauc","male",32,"yes","no","yes",51
"boston",3302,"cauc","male",31,"yes","no","yes",71
"boston",3302,"cauc","female",30,"yes","no","no",88
"boston",3303,"afam","female",53,"yes","no","yes",113
"boston",3303,"afam","female",54,"no","no","yes",64
"boston",3302,"cauc","female",30,"yes","no","yes",109
"boston",3304,"cauc","female",50,"no","no","no",62
"boston",3301,"cauc","male",31,"yes","no","yes",84
"boston",3301,"cauc","female",27,"yes","no","yes",99
"boston",3304,"cauc","male",47,"yes","no","yes",65
"boston",3304,"cauc","female",47,"no","no","yes",67
"boston",3301,"cauc","male",32,"yes","no","yes",58
"boston",3305,"cauc","female",26,"yes","no","yes",405
"boston",3303,"cauc","female",52,"no","no","yes",2
"boston",3302,"cauc","female",37,"yes","no","no",59
"boston",3302,"cauc","male",33,"no","no","no",57
"boston",3303,"afam","female",28,"no","no","yes",236
"boston",3301,"cauc","female",28,"yes","no","yes",3
"boston",3305,"cauc","male",54,"no","yes","no",53
"boston",3305,"cauc","male",50,"no","no","yes",68
"boston",3301,"cauc","male",33,"yes","no","yes",121
"boston",3305,"cauc","female",50,"no","no","yes",98
"boston",3305,"cauc","male",54,"yes","no","yes",136
"boston",3302,"cauc","male",27,"yes","no","no",142
"boston",3305,"afam","female",29,"no","no","yes",251
"boston",3301,"cauc","female",31,"yes","no","yes",111
"boston",3301,"cauc","male",28,"yes","no","yes",114
"boston",3303,"afam","female",28,"no","no","yes",119
"boston",3302,"cauc","male",34,"yes","no","yes",77
"boston",3302,"cauc","female",30,"yes","no","yes",97
"boston",3304,"cauc","female",38,"no","no","yes",75
"boston",3303,"afam","female",41,"no","no","no",62
"boston",3304,"afam","female",41,"no","no","no",49
"boston",3301,"cauc","female",27,"yes","no","yes",63
"boston",3301,"cauc","female",25,"yes","no","yes",105
"boston",3303,"afam","male",33,"no","no","yes",85
"boston",3301,"cauc","female",32,"yes","no","yes",118
"boston",3304,"cauc","male",39,"no","no","yes",108
"boston",3304,"cauc","female",38,"no","no","yes",86
"boston",3301,"cauc","male",32,"yes","no","yes",86
"boston",3301,"afam","female",29,"no","no","yes",59
"boston",3305,"cauc","female",37,"yes","no","yes",28
"boston",3305,"cauc","male",33,"yes","no","yes",29
"boston",3303,"afam","male",37,"no","no","yes",99
"boston",3305,"cauc","male",39,"no","yes","yes",121
"boston",3303,"afam","female",39,"no","no","yes",88
"boston",3302,"cauc","male",32,"yes","no","yes",58
"boston",3304,"afam","female",29,"no","no","yes",132
"boston",3303,"afam","female",43,"no","no","no",42
"boston",3304,"cauc","male",39,"no","no","yes",76
"boston",3305,"afam","female",47,"yes","no","yes",259
"boston",3305,"afam","male",50,"no","no","yes",210
"boston",3305,"afam","male",36,"no","no","yes",242
"boston",3305,"afam","male",50,"yes","yes","yes",65
"boston",3302,"cauc","male",29,"yes","no","yes",246
"boston",3302,"cauc","male",29,"yes","no","yes",309
"boston",3301,"cauc","female",53,"yes","no","no",81
"boston",3303,"afam","male",43,"no","yes","no",204
"boston",3303,"afam","male",54,"no","no","yes",115
"boston",3303,"afam","female",28,"no","no","no",6
"boston",3301,"cauc","female",29,"yes","no","yes",58
"boston",3301,"cauc","male",29,"yes","no","yes",61
"boston",3301,"cauc","male",47,"yes","no","yes",60
"boston",3304,"cauc","male",47,"yes","no","yes",59
"boston",3304,"cauc","female",29,"no","no","no",113
"boston",3304,"cauc","male",29,"yes","no","yes",89
"boston",3302,"cauc","male",44,"yes","no","yes",102
"boston",3304,"cauc","female",29,"yes","no","yes",80
"boston",3304,"cauc","female",48,"no","no","no",128
"boston",3305,"cauc","female",27,"yes","no","yes",62
"boston",3305,"cauc","female",25,"yes","no","yes",92
"boston",3305,"cauc","female",32,"no","no","yes",47
"boston",3301,"cauc","female",26,"no","no","no",51
"boston",3301,"cauc","male",31,"yes","no","no",47
"boston",3302,"cauc","female",28,"yes","no","yes",85
"boston",3302,"cauc","male",29,"no","no","yes",107
"boston",3304,"cauc","female",49,"no","no","no",43
"boston",3302,"cauc","female",28,"yes","no","no",66
"boston",3302,"cauc","male",54,"yes","no","yes",92
"boston",3301,"cauc","female",45,"no","no","no",60
"boston",3303,"afam","female",28,"no","no","yes",93
"boston",3303,"afam","male",54,"no","no","yes",40
"boston",3305,"cauc","male",53,"no","no","yes",162
"boston",3302,"cauc","male",27,"no","no","yes",350
"boston",3304,"cauc","male",30,"no","no","yes",13
"boston",3304,"cauc","male",35,"yes","no","yes",71
"boston",3304,"cauc","male",45,"yes","no","yes",56
"boston",3304,"cauc","female",43,"no","no","no",296
"boston",3305,"cauc","female",45,"no","no","no",54
"boston",3303,"afam","male",42,"yes","no","yes",172
"boston",3304,"cauc","male",35,"yes","no","yes",141
"boston",3304,"afam","female",37,"no","no","yes",71
"boston",3304,"afam","male",48,"yes","no","yes",126
"boston",3304,"cauc","male",34,"yes","no","yes",73
"boston",3304,"afam","female",28,"no","no","no",89
"boston",3303,"afam","male",38,"no","no","yes",119
"boston",3302,"cauc","female",27,"no","no","yes",110
"boston",3302,"cauc","male",28,"yes","no","yes",138
"boston",3302,"cauc","male",49,"yes","no","no",106
"boston",3302,"cauc","female",48,"yes","no","yes",77
"boston",3304,"cauc","male",29,"yes","no","yes",79
"boston",3305,"afam","male",49,"yes","no","no",285
"boston",3303,"afam","female",47,"no","no","no",100
"boston",3304,"cauc","male",33,"yes","no","yes",60
"boston",3301,"cauc","female",25,"yes","no","yes",95
"boston",3302,"cauc","male",52,"no","no","no",91
"boston",3302,"cauc","female",45,"yes","no","no",62
"boston",3302,"cauc","male",40,"no","no","yes",91
"boston",3302,"cauc","male",26,"yes","no","yes",122
"boston",3301,"cauc","male",35,"yes","no","no",96
"boston",3301,"cauc","female",35,"yes","no","yes",90
"boston",3301,"afam","male",27,"yes","no","yes",11
"boston",3304,"cauc","male",48,"no","no","yes",62
"boston",3304,"cauc","female",46,"no","no","yes",64
"boston",3302,"cauc","male",25,"no","no","no",106
"boston",3304,"cauc","male",33,"yes","no","yes",2
"boston",3303,"afam","male",53,"no","no","no",75
"boston",3303,"afam","male",35,"yes","no","yes",68
"boston",3302,"cauc","male",28,"yes","no","yes",83
"boston",3302,"cauc","female",27,"yes","no","yes",68
"boston",3305,"cauc","female",28,"yes","no","yes",111
"boston",3301,"cauc","female",31,"yes","no","yes",62
"boston",3301,"cauc","male",32,"yes","no","yes",52
"boston",3301,"cauc","female",27,"yes","no","no",86
"boston",3301,"cauc","male",27,"yes","no","yes",93
"boston",3304,"cauc","male",36,"yes","no","yes",73
"boston",3304,"cauc","female",33,"yes","no","yes",48
"boston",3304,"afam","female",42,"no","no","no",127
"boston",3303,"afam","female",52,"yes","no","yes",27
"boston",3305,"cauc","female",31,"yes","no","yes",26
"boston",3305,"cauc","male",35,"yes","no","yes",37
"boston",3301,"cauc","female",32,"no","no","yes",75
"boston",3304,"cauc","male",36,"yes","no","yes",54
"boston",3304,"cauc","female",33,"yes","no","yes",36
"boston",3302,"cauc","female",47,"no","no","no",183
"boston",3302,"cauc","male",49,"no","yes","yes",257
"boston",3303,"afam","female",50,"no","no","yes",168
"boston",3304,"cauc","female",31,"yes","no","yes",79
"boston",3304,"cauc","male",31,"yes","no","yes",84
"boston",3302,"afam","female",30,"yes","no","yes",164
"boston",3304,"cauc","female",29,"yes","no","yes",99
"boston",3304,"cauc","female",28,"yes","no","yes",133
"boston",3302,"cauc","female",30,"yes","no","yes",69
"boston",3302,"cauc","male",41,"no","yes","yes",189
"boston",3302,"cauc","male",28,"yes","no","yes",96
"boston",3303,"cauc","male",35,"yes","no","yes",61
"boston",3303,"cauc","female",41,"yes","no","no",49
"boston",3303,"cauc","female",25,"yes","no","yes",63
"boston",3303,"afam","male",54,"no","no","yes",115
"boston",3303,"afam","female",52,"no","no","no",115
"boston",3305,"cauc","female",27,"yes","no","yes",65
"boston",3305,"cauc","female",30,"yes","no","yes",49
"boston",3305,"cauc","male",28,"yes","no","no",48
"boston",3305,"afam","female",46,"yes","no","yes",34
"boston",3304,"afam","female",28,"no","no","no",12
"boston",3305,"cauc","male",51,"no","no","no",195
"boston",3305,"cauc","female",51,"no","no","yes",155
"boston",3301,"cauc","male",29,"yes","no","yes",67
"boston",3303,"afam","male",52,"no","no","no",85
"boston",3303,"afam","male",44,"no","no","no",77
"boston",3301,"cauc","female",43,"yes","no","yes",187
"boston",3305,"cauc","female",47,"yes","no","yes",36
"boston",3305,"cauc","male",36,"yes","no","yes",92
"boston",3305,"cauc","female",38,"yes","no","no",83
"boston",3303,"cauc","female",45,"yes","no","yes",66
"boston",3305,"cauc","female",36,"yes","no","yes",95
"boston",3305,"cauc","female",54,"no","no","yes",48
"boston",3301,"cauc","male",29,"no","yes","yes",47
"boston",3301,"cauc","female",29,"yes","no","yes",46
"boston",3303,"afam","female",50,"no","no","no",91
"boston",3303,"afam","male",51,"no","no","no",94
"boston",3302,"cauc","male",45,"yes","no","yes",96
"boston",3303,"afam","female",28,"no","no","yes",222
"boston",3303,"afam","male",29,"no","no","no",151
"boston",3304,"afam","female",50,"yes","no","yes",126
"boston",3304,"cauc","male",33,"yes","no","yes",105
"boston",3304,"cauc","male",39,"yes","no","yes",216
"boston",3303,"cauc","male",38,"yes","no","yes",65
"boston",3303,"afam","female",45,"yes","no","yes",57
"boston",3302,"cauc","male",48,"yes","no","yes",70
"boston",3303,"afam","female",53,"no","no","no",129
"boston",3305,"afam","male",52,"no","no","yes",54
"boston",3305,"afam","female",50,"no","no","no",50
"boston",3305,"afam","male",26,"no","no","no",111
"boston",3305,"afam","female",45,"no","no","no",71
"boston",3305,"afam","male",30,"no","no","no",82
"boston",3305,"cauc","female",34,"yes","no","yes",112
"boston",3305,"cauc","male",38,"yes","no","yes",191
"boston",3305,"cauc","female",30,"yes","no","yes",144
"boston",3304,"afam","female",50,"yes","no","yes",31
"boston",3304,"afam","male",27,"no","no","yes",40
"boston",3302,"cauc","male",32,"yes","no","yes",287
"boston",3302,"cauc","female",47,"yes","no","yes",102
"boston",3302,"cauc","male",50,"yes","no","yes",154
"boston",3301,"cauc","male",34,"no","no","no",36
"boston",3303,"afam","female",36,"no","no","yes",67
"boston",3303,"cauc","male",25,"yes","no","yes",58
"boston",3303,"cauc","male",26,"yes","no","yes",72
"boston",3303,"cauc","male",25,"yes","no","no",72
"boston",3303,"afam","male",46,"no","no","no",3
"boston",3302,"cauc","female",39,"yes","no","yes",117
"boston",3303,"afam","female",51,"no","no","no",59
"boston",3303,"afam","female",25,"no","no","no",133
"boston",3305,"cauc","male",25,"yes","yes","yes",204
"boston",3305,"cauc","female",25,"yes","no","yes",280
"boston",3305,"cauc","female",41,"yes","no","yes",43
"boston",3302,"afam","female",45,"no","no","yes",287
"boston",3301,"cauc","male",49,"no","no","yes",77
"boston",3301,"cauc","female",48,"yes","no","no",66
"boston",3302,"cauc","male",38,"yes","no","yes",145
"boston",3302,"cauc","male",33,"yes","no","yes",219
"boston",3302,"cauc","female",33,"yes","no","yes",274
"boston",3305,"cauc","female",37,"yes","no","yes",96
"boston",3305,"cauc","male",49,"yes","no","yes",104
"boston",3305,"cauc","female",47,"yes","no","yes",94
"boston",3303,"afam","female",30,"yes","no","no",174
"boston",3305,"afam","female",28,"no","no","no",38
"boston",3303,"afam","female",40,"no","no","yes",127
"boston",3304,"cauc","female",53,"no","no","yes",48
"boston",3303,"afam","female",40,"no","no","no",134
"boston",3305,"afam","female",48,"yes","no","yes",156
"boston",3302,"cauc","male",31,"yes","no","no",237
"boston",3302,"cauc","female",34,"yes","no","yes",298
"boston",3305,"cauc","male",52,"yes","no","yes",53
"boston",3304,"cauc","male",54,"no","no","no",102
"boston",3304,"cauc","female",26,"yes","no","yes",180
"boston",3301,"cauc","female",25,"yes","no","yes",36
"boston",3303,"afam","female",53,"yes","no","yes",35
"boston",3305,"cauc","male",45,"no","no","yes",111
"boston",3303,"afam","male",42,"no","no","yes",46
"boston",3303,"afam","male",54,"no","no","no",108
"boston",3303,"afam","female",50,"no","no","yes",136
"boston",3303,"afam","male",25,"no","no","yes",55
"boston",3302,"cauc","female",27,"no","no","no",3
"boston",3302,"cauc","female",25,"no","no","yes",364
"boston",3302,"afam","male",28,"yes","no","yes",430
"boston",3301,"cauc","male",25,"yes","yes","yes",110
"boston",3301,"cauc","male",25,"yes","no","no",139
"boston",3302,"cauc","female",41,"yes","no","yes",113
"boston",3305,"cauc","male",46,"yes","no","yes",47
"boston",3305,"cauc","female",44,"no","no","yes",49
"boston",3303,"afam","female",48,"no","no","no",113
"boston",3302,"cauc","male",32,"yes","no","yes",161
"boston",3304,"cauc","male",50,"no","no","yes",33
"boston",3304,"cauc","female",52,"no","no","no",32
"boston",3302,"cauc","male",37,"no","no","no",60
"boston",3303,"afam","male",52,"no","no","yes",42
"boston",3303,"afam","female",40,"yes","no","yes",43
"boston",3302,"cauc","male",35,"yes","no","yes",159
"boston",3302,"cauc","female",36,"yes","no","yes",131
"boston",3305,"cauc","male",29,"no","no","no",165
"boston",3302,"cauc","male",39,"yes","no","yes",2
"boston",3301,"cauc","female",32,"yes","no","yes",36
"boston",3305,"cauc","male",46,"yes","no","yes",52
"boston",3305,"cauc","female",48,"yes","no","yes",53
"boston",3305,"cauc","male",47,"no","no","yes",174
"boston",3301,"cauc","male",29,"yes","no","yes",41
"boston",3302,"cauc","female",39,"yes","no","yes",69
"boston",3305,"afam","female",52,"no","no","yes",102
"boston",3305,"afam","male",54,"no","no","no",115
"boston",3305,"afam","male",46,"no","no","yes",41
"boston",3305,"afam","female",34,"no","no","yes",50
"boston",3301,"cauc","female",39,"no","no","no",253
"boston",3305,"afam","female",52,"yes","no","yes",342
"boston",3301,"afam","female",40,"no","no","no",31
"boston",3305,"cauc","female",29,"yes","no","yes",308
"boston",3305,"cauc","male",37,"no","no","yes",310
"boston",3304,"afam","female",36,"no","no","yes",118
"boston",3304,"afam","female",35,"yes","no","no",115
"boston",3302,"cauc","female",39,"no","no","yes",245
"boston",3302,"cauc","male",42,"no","no","yes",304
"boston",3305,"afam","male",30,"no","no","no",67
"boston",3303,"afam","male",52,"no","no","no",136
"boston",3303,"afam","female",50,"no","no","yes",136
"boston",3303,"afam","female",31,"no","no","no",206
"boston",3304,"cauc","female",32,"yes","no","yes",41
"boston",3301,"cauc","female",29,"yes","no","yes",53
"boston",3303,"afam","female",33,"no","no","no",147
"boston",3305,"cauc","female",54,"yes","no","yes",45
"boston",3305,"cauc","female",52,"no","no","yes",100
"boston",3302,"cauc","female",27,"yes","no","yes",62
"boston",3302,"cauc","male",32,"yes","no","yes",51
"boston",3303,"afam","female",54,"no","no","yes",66
"boston",3303,"afam","male",35,"no","no","yes",259
"boston",3303,"afam","male",48,"no","no","yes",223
"boston",3303,"afam","male",40,"no","no","yes",143
"boston",3303,"afam","male",40,"no","no","yes",143
"boston",3304,"afam","female",35,"no","no","no",24
"boston",3303,"afam","female",51,"no","no","yes",32
"boston",3303,"afam","male",40,"yes","no","yes",127
"boston",3305,"cauc","male",43,"yes","no","yes",32
"boston",3305,"afam","female",42,"yes","no","yes",28
"boston",3305,"afam","female",43,"no","no","yes",43
"boston",3302,"afam","female",44,"no","no","yes",96
"boston",3302,"cauc","male",26,"yes","no","yes",74
"boston",3301,"cauc","male",27,"yes","no","yes",91
"boston",3302,"cauc","male",39,"yes","no","yes",58
"boston",3302,"cauc","female",43,"yes","no","yes",46
"boston",3305,"cauc","male",51,"no","no","yes",139
"boston",3305,"cauc","male",33,"yes","no","yes",92
"boston",3305,"cauc","female",32,"yes","no","yes",85
"boston",3305,"afam","female",29,"no","no","yes",79
"boston",3304,"cauc","male",47,"no","no","no",203
"boston",3304,"afam","female",52,"no","no","yes",232
"boston",3302,"cauc","male",26,"yes","no","yes",248
"boston",3302,"cauc","male",54,"yes","no","yes",50
"boston",3302,"cauc","female",48,"yes","no","no",33
"boston",3301,"cauc","female",25,"no","no","no",76
"boston",3303,"afam","male",28,"no","yes","yes",76
"boston",3305,"cauc","female",47,"yes","no","yes",56
"boston",3305,"cauc","male",53,"no","no","yes",69
"boston",3303,"cauc","male",37,"yes","no","yes",88
"boston",3303,"cauc","female",33,"yes","no","yes",66
"boston",3305,"cauc","male",32,"no","no","no",219
"boston",3302,"cauc","female",29,"yes","no","yes",69
"boston",3305,"cauc","female",49,"yes","no","yes",106
"boston",3304,"cauc","female",53,"no","no","yes",52
"boston",3301,"cauc","female",37,"yes","no","yes",64
"boston",3302,"cauc","male",27,"yes","no","yes",91
"boston",3302,"cauc","female",27,"yes","no","yes",73
"boston",3303,"afam","female",37,"no","no","no",148
"boston",3303,"afam","female",52,"no","no","yes",41
"boston",3301,"cauc","male",28,"yes","no","yes",98
"boston",3301,"cauc","female",31,"yes","no","yes",123
"boston",3303,"afam","female",47,"no","no","no",101
"boston",3304,"cauc","male",50,"no","no","no",100
"boston",3304,"cauc","female",52,"no","no","no",118
"boston",3303,"afam","male",27,"no","no","no",256
"boston",3304,"cauc","male",44,"no","no","yes",273
"boston",3304,"cauc","male",32,"no","no","yes",246
"boston",3304,"afam","female",54,"yes","no","yes",79
"boston",3304,"cauc","female",49,"yes","no","yes",69
"boston",3302,"cauc","female",30,"yes","no","yes",93
"boston",3302,"cauc","male",27,"yes","no","yes",145
"boston",3302,"cauc","male",32,"no","no","no",57
"boston",3303,"cauc","female",29,"yes","no","yes",59
"boston",3303,"afam","male",41,"no","yes","no",128
"boston",3303,"afam","male",29,"no","no","yes",170
"boston",3303,"afam","female",45,"yes","no","yes",135
"boston",3304,"afam","male",45,"no","no","yes",74
"boston",3305,"cauc","female",33,"yes","no","yes",61
"boston",3303,"afam","male",41,"no","no","yes",142
"boston",3304,"afam","female",35,"no","no","yes",114
"boston",3304,"afam","male",40,"no","no","yes",129
"boston",3302,"cauc","female",54,"no","no","no",61
"boston",3302,"cauc","male",37,"yes","no","yes",80
"boston",3302,"cauc","female",36,"yes","no","yes",68
"boston",3302,"cauc","male",35,"yes","no","yes",123
"boston",3303,"afam","female",26,"no","no","no",170
"boston",3304,"afam","female",32,"yes","no","yes",82
"boston",3304,"afam","female",33,"no","no","yes",112
"boston",3302,"cauc","female",40,"yes","no","yes",107
"boston",3303,"cauc","male",46,"yes","no","yes",30
"boston",3304,"cauc","female",29,"yes","no","yes",196
"boston",3304,"cauc","male",51,"no","yes","yes",162
"boston",3304,"cauc","female",39,"no","no","yes",160
"boston",3305,"afam","male",51,"no","no","yes",94
"boston",3305,"afam","female",53,"no","no","yes",91
"boston",3302,"cauc","female",27,"yes","no","yes",48
"boston",3302,"cauc","female",27,"yes","no","no",62
"boston",3302,"cauc","female",25,"yes","no","no",61
"boston",3304,"cauc","male",37,"yes","no","yes",96
"boston",3303,"cauc","female",32,"yes","no","yes",54
"boston",3303,"cauc","female",32,"yes","no","no",55
"boston",3302,"cauc","male",29,"no","no","no",121
"boston",3302,"cauc","female",30,"no","no","no",96
"boston",3302,"cauc","female",49,"no","no","yes",250
"boston",3301,"cauc","female",26,"no","no","yes",62
"boston",3301,"cauc","male",28,"no","no","yes",82
"boston",3303,"afam","female",46,"no","no","yes",65
"boston",3303,"afam","male",49,"no","no","yes",115
"boston",3301,"cauc","male",26,"yes","no","yes",110
"boston",3301,"cauc","male",27,"yes","no","yes",112
"boston",3304,"afam","female",40,"yes","no","yes",293
"boston",3304,"cauc","male",43,"no","no","no",221
"boston",3305,"cauc","male",25,"yes","no","yes",41
"boston",3303,"afam","female",38,"no","no","no",200
"boston",3302,"cauc","female",41,"yes","no","no",122
"boston",3302,"cauc","female",37,"yes","no","yes",55
"boston",3305,"cauc","male",50,"no","no","yes",71
"boston",3301,"cauc","male",26,"yes","no","yes",76
"boston",3301,"cauc","female",26,"yes","no","yes",75
"boston",3305,"cauc","female",40,"yes","no","yes",64
"boston",3301,"cauc","female",43,"yes","no","no",58
"boston",3301,"cauc","male",47,"yes","no","yes",56
"boston",3302,"afam","female",53,"no","no","yes",81
"boston",3302,"cauc","male",27,"yes","no","yes",124
"boston",3302,"cauc","female",45,"yes","no","yes",121
"boston",3302,"cauc","male",25,"yes","no","yes",60
"boston",3301,"cauc","male",39,"yes","no","yes",52
"boston",3302,"cauc","female",26,"yes","no","yes",168
"boston",3301,"cauc","male",48,"yes","no","yes",115
"boston",3301,"cauc","male",42,"yes","no","yes",164
"boston",3305,"cauc","male",44,"yes","no","yes",108
"boston",3303,"cauc","male",51,"no","no","yes",11
"boston",3304,"cauc","female",33,"yes","no","yes",50
"boston",3302,"cauc","male",43,"yes","no","yes",407
"boston",3302,"cauc","female",39,"yes","no","no",334
"boston",3305,"afam","male",47,"yes","no","yes",159
"boston",3305,"afam","female",46,"yes","no","no",208
"boston",3305,"cauc","female",52,"no","no","yes",60
"boston",3304,"afam","male",30,"no","no","yes",87
"boston",3304,"cauc","female",54,"yes","no","no",101
"boston",3302,"cauc","male",52,"no","no","yes",143
"boston",3303,"afam","male",31,"yes","no","no",264
"boston",3304,"cauc","male",36,"yes","no","yes",73
"boston",3304,"cauc","female",37,"yes","no","yes",57
"boston",3302,"cauc","female",28,"yes","no","yes",67
"boston",3302,"cauc","male",25,"yes","no","yes",104
"boston",3302,"cauc","male",25,"yes","no","yes",76
"boston",3305,"afam","male",40,"no","no","no",249
"boston",3305,"afam","male",38,"no","no","no",249
"boston",3304,"cauc","male",28,"no","yes","yes",34
"boston",3304,"cauc","female",29,"no","no","no",48
"boston",3304,"cauc","male",27,"yes","no","yes",110
"boston",3304,"cauc","female",32,"yes","no","yes",115
"boston",3304,"cauc","male",32,"no","yes","no",124
"boston",3302,"cauc","male",35,"yes","no","yes",124
"boston",3302,"cauc","female",34,"yes","no","yes",96
"boston",3302,"cauc","female",27,"yes","no","no",90
"boston",3302,"cauc","male",27,"yes","no","yes",112
"boston",3302,"cauc","male",33,"yes","no","yes",75
"boston",3303,"afam","female",33,"no","no","no",124
"boston",3303,"afam","male",37,"no","no","yes",92
"boston",3304,"afam","male",48,"no","no","yes",79
"boston",3304,"afam","female",47,"no","no","yes",71
"boston",3301,"cauc","female",30,"yes","no","yes",65
"boston",3301,"cauc","male",36,"yes","no","no",76
"boston",3305,"cauc","male",30,"yes","no","yes",33
"boston",3305,"cauc","male",28,"yes","no","yes",50
"boston",3303,"afam","female",54,"no","no","yes",75
"boston",3302,"cauc","male",53,"yes","no","yes",83
"boston",3302,"cauc","female",43,"yes","no","yes",64
"boston",3304,"cauc","male",41,"no","no","yes",82
"boston",3305,"cauc","female",53,"yes","no","yes",57
"boston",3302,"cauc","male",28,"yes","no","yes",84
"boston",3303,"afam","male",25,"yes","no","yes",139
"boston",3302,"cauc","male",42,"yes","no","yes",232
"boston",3304,"cauc","male",31,"no","no","no",101
"boston",3304,"cauc","female",27,"yes","no","yes",169
"boston",3303,"afam","female",36,"no","no","yes",138
"boston",3303,"afam","male",54,"no","no","yes",137
"boston",3305,"cauc","male",54,"yes","yes","no",113
"boston",3302,"afam","female",52,"yes","no","no",105
"boston",3301,"cauc","male",39,"no","no","yes",113
"boston",3304,"cauc","male",43,"yes","no","yes",74
"boston",3304,"cauc","female",42,"yes","no","no",58
"boston",3302,"cauc","male",42,"yes","no","yes",70
"boston",3305,"cauc","female",46,"no","no","yes",70
"boston",3305,"cauc","male",47,"no","no","yes",77
"boston",3303,"cauc","male",26,"no","no","yes",206
"boston",3302,"cauc","male",48,"yes","no","yes",73
"boston",3304,"afam","female",25,"no","no","no",213
"boston",3304,"cauc","female",30,"yes","no","yes",44
"boston",3304,"cauc","male",31,"no","no","yes",47
"boston",3303,"afam","male",46,"no","no","no",52
"boston",3303,"afam","female",45,"no","no","no",59
"boston",3305,"cauc","male",54,"no","no","yes",35
"boston",3305,"cauc","female",52,"no","no","yes",28
"boston",3302,"cauc","male",37,"yes","no","yes",161
"boston",3302,"cauc","male",29,"no","no","yes",100
"boston",3302,"cauc","male",33,"yes","no","yes",83
"boston",3305,"cauc","male",40,"yes","no","yes",160
"boston",3301,"cauc","female",28,"yes","no","yes",112
"boston",3304,"cauc","female",29,"yes","no","yes",97
"boston",3304,"cauc","female",29,"yes","no","yes",101
"boston",3301,"cauc","female",46,"no","no","no",67
"boston",3305,"cauc","female",34,"yes","no","no",112
"boston",3303,"afam","male",40,"no","no","yes",58
"boston",3304,"cauc","male",44,"yes","no","yes",131
"boston",3304,"cauc","female",44,"yes","no","no",105
"boston",3304,"afam","female",29,"no","no","yes",163
"boston",3304,"cauc","male",30,"yes","no","yes",49
"boston",3304,"cauc","female",28,"yes","no","yes",82
"boston",3302,"cauc","female",54,"yes","no","no",47
"boston",3302,"cauc","male",33,"yes","no","yes",120
"boston",3302,"cauc","female",31,"yes","no","no",152
"boston",3302,"cauc","female",26,"yes","no","yes",63
"boston",3302,"cauc","female",25,"yes","no","yes",81
"boston",3302,"cauc","female",31,"yes","no","yes",38
"boston",3305,"cauc","female",37,"no","no","no",62
"boston",3302,"cauc","male",43,"no","no","yes",71
"boston",3302,"cauc","female",40,"no","no","yes",58
"boston",3302,"cauc","male",27,"yes","no","yes",144
"boston",3302,"cauc","female",27,"yes","no","yes",117
"boston",3305,"cauc","female",47,"no","no","no",345
"boston",3305,"cauc","male",48,"no","no","no",378
"boston",3305,"cauc","male",26,"no","no","no",606
"boston",3305,"cauc","male",53,"yes","no","no",65
"boston",3302,"cauc","male",48,"yes","no","yes",165
"boston",3304,"afam","female",43,"no","no","yes",102
"boston",3305,"afam","female",46,"no","no","no",22
"boston",3303,"afam","male",46,"no","no","no",253
"boston",3301,"cauc","male",52,"no","no","no",49
"boston",3304,"cauc","female",25,"yes","no","yes",569
"boston",3303,"afam","female",50,"no","no","yes",75
"boston",3303,"afam","male",29,"no","no","no",329
"boston",3302,"cauc","female",34,"yes","no","yes",61
"boston",3305,"afam","male",44,"no","no","yes",61
"boston",3305,"cauc","female",43,"yes","no","yes",78
"boston",3302,"cauc","male",35,"no","no","yes",75
"boston",3302,"cauc","female",40,"yes","no","no",61
"boston",3305,"cauc","female",50,"yes","no","yes",24
"boston",3305,"cauc","male",52,"no","no","yes",34
"boston",3301,"cauc","male",41,"no","no","yes",103
"boston",3301,"cauc","male",38,"no","no","yes",102
"boston",3302,"cauc","male",27,"yes","no","yes",14
"boston",3304,"cauc","male",52,"no","no","yes",49
"boston",3304,"cauc","female",50,"yes","no","yes",44
"boston",3302,"cauc","female",40,"yes","no","yes",101
"boston",3305,"afam","female",32,"no","no","yes",92
"boston",3302,"cauc","female",28,"yes","no","yes",124
"boston",3302,"cauc","male",34,"yes","no","yes",99
"boston",3301,"afam","male",26,"yes","no","no",44
"boston",3301,"cauc","male",49,"yes","no","yes",12
"boston",3302,"cauc","male",27,"yes","no","yes",83
"boston",3304,"afam","male",30,"no","no","yes",90
"boston",3304,"afam","female",31,"yes","no","yes",92
"boston",3301,"cauc","male",25,"no","no","yes",97
"boston",3303,"afam","female",38,"no","no","yes",120
"boston",3305,"cauc","female",46,"no","no","yes",72
"boston",3302,"cauc","female",34,"no","no","no",41
"boston",3301,"cauc","male",27,"yes","no","yes",111
"boston",3301,"cauc","female",30,"yes","no","no",114
"boston",3302,"cauc","male",28,"yes","no","yes",43
"boston",3302,"cauc","female",30,"yes","no","yes",177
"boston",3301,"cauc","female",25,"yes","no","yes",135
"boston",3303,"afam","female",32,"no","no","yes",66
"boston",3305,"cauc","female",37,"no","no","yes",74
"boston",3305,"cauc","female",36,"yes","no","yes",78
"boston",3302,"cauc","female",50,"no","no","no",107
"boston",3304,"cauc","female",30,"yes","no","yes",94
"boston",3304,"cauc","male",26,"yes","no","yes",121
"boston",3302,"cauc","male",25,"yes","no","yes",130
"boston",3302,"cauc","male",34,"yes","no","yes",216
"boston",3302,"cauc","female",34,"yes","no","yes",268
"boston",3301,"afam","male",25,"no","no","yes",58
"boston",3302,"cauc","female",28,"yes","no","yes",39
"boston",3305,"cauc","female",28,"yes","no","yes",88
"boston",3304,"cauc","female",26,"yes","no","yes",316
"boston",3303,"afam","female",35,"yes","no","yes",62
"boston",3302,"afam","female",29,"no","no","yes",84
"boston",3304,"cauc","female",27,"yes","no","yes",157
"boston",3304,"cauc","male",27,"yes","no","yes",120
"boston",3302,"cauc","male",28,"yes","no","yes",292
"boston",3302,"cauc","female",27,"yes","no","yes",239
"boston",3301,"cauc","female",26,"yes","no","yes",111
"boston",3301,"cauc","female",54,"no","no","no",128
"boston",3305,"cauc","male",40,"yes","no","yes",232
"boston",3302,"cauc","female",31,"yes","no","yes",55
"boston",3305,"cauc","female",49,"no","no","yes",209
"boston",3303,"cauc","female",48,"yes","no","no",124
"boston",3304,"cauc","male",45,"no","no","no",119
"boston",3305,"cauc","female",47,"no","no","yes",69
"boston",3305,"cauc","male",53,"no","no","no",83
"boston",3304,"cauc","male",52,"no","no","yes",62
"boston",3304,"cauc","female",53,"no","no","no",59
"boston",3302,"cauc","male",45,"no","no","yes",71
"boston",3303,"afam","male",44,"no","no","yes",77
"boston",3303,"afam","female",40,"no","no","yes",89
"boston",3305,"cauc","male",40,"yes","no","yes",79
"boston",3305,"cauc","male",31,"yes","no","no",87
"boston",3305,"cauc","male",29,"yes","no","yes",101
"boston",3302,"cauc","male",39,"yes","no","yes",131
"boston",3302,"cauc","female",35,"yes","no","yes",106
"boston",3301,"cauc","male",37,"no","no","yes",77
"boston",3301,"cauc","male",44,"no","no","yes",79
"boston",3302,"cauc","male",27,"yes","no","yes",56
"boston",3302,"cauc","male",28,"no","no","yes",109
"boston",3302,"cauc","female",27,"no","no","yes",89
"boston",3305,"afam","male",42,"yes","yes","yes",123
"boston",3304,"cauc","female",50,"yes","no","no",270
"boston",3305,"cauc","female",26,"yes","no","yes",72
"boston",3303,"afam","female",50,"no","no","no",67
"boston",3305,"cauc","male",29,"no","yes","yes",318
"boston",3305,"cauc","female",28,"yes","no","yes",353
"boston",3301,"cauc","male",32,"yes","no","yes",60
"boston",3301,"cauc","female",26,"yes","no","yes",69
"boston",3301,"cauc","female",36,"yes","no","yes",99
"boston",3305,"cauc","female",35,"yes","no","yes",64
"boston",3305,"afam","female",36,"yes","no","yes",90
"boston",3305,"afam","female",34,"no","no","no",123
"boston",3302,"cauc","male",28,"yes","no","yes",109
"boston",3305,"cauc","female",36,"yes","no","yes",96
"boston",3304,"cauc","male",41,"yes","no","yes",64
"boston",3301,"cauc","female",30,"no","no","yes",112
"boston",3304,"cauc","male",54,"no","no","yes",185
"boston",3305,"cauc","male",47,"yes","no","yes",62
"boston",3301,"cauc","female",33,"yes","no","yes",67
"boston",3301,"cauc","male",34,"yes","no","yes",58
"boston",3305,"afam","male",45,"no","no","yes",73
"boston",3302,"cauc","female",28,"yes","no","yes",130
"boston",3302,"cauc","male",28,"yes","no","yes",162
"boston",3302,"cauc","female",36,"yes","no","yes",118
"boston",3302,"cauc","male",29,"yes","no","yes",309
"boston",3305,"cauc","male",52,"yes","no","yes",86
"boston",3305,"cauc","female",52,"yes","no","yes",67
"boston",3305,"cauc","female",43,"yes","no","yes",71
"boston",3305,"cauc","male",30,"yes","no","yes",104
"boston",3302,"cauc","male",30,"yes","no","yes",98
"boston",3304,"cauc","female",33,"no","no","no",83
"boston",3304,"cauc","male",31,"no","no","yes",91
"boston",3305,"cauc","male",31,"yes","no","yes",47
"boston",3305,"cauc","male",42,"yes","no","yes",70
"boston",3304,"cauc","male",29,"yes","no","yes",56
"boston",3302,"cauc","female",30,"yes","no","yes",124
"boston",3302,"cauc","male",31,"yes","no","yes",102
"boston",3303,"afam","male",36,"no","no","no",3
"boston",3305,"afam","female",53,"no","no","yes",76
"boston",3305,"afam","male",25,"no","no","yes",144
"boston",3302,"cauc","male",34,"yes","no","yes",142
"boston",3304,"cauc","female",28,"yes","no","yes",240
"boston",3305,"cauc","male",38,"yes","no","yes",43
"boston",3305,"cauc","female",36,"yes","no","yes",40
"boston",3302,"cauc","female",32,"yes","no","yes",142
"boston",3304,"cauc","female",35,"yes","no","yes",34
"boston",3304,"cauc","male",30,"no","no","yes",29
"boston",3305,"cauc","male",35,"yes","no","no",173
"boston",3305,"cauc","male",27,"no","no","yes",167
"boston",3304,"cauc","female",32,"yes","no","yes",45
"boston",3304,"cauc","male",32,"no","yes","yes",48
"boston",3302,"cauc","female",46,"yes","no","yes",122
"boston",3304,"cauc","male",47,"no","no","no",58
"boston",3304,"cauc","female",51,"no","no","yes",57
"boston",3304,"cauc","male",40,"yes","no","yes",101
"boston",3304,"cauc","female",38,"yes","no","yes",82
"boston",3304,"cauc","male",54,"no","no","yes",121
"boston",3304,"cauc","female",54,"no","no","yes",191
"boston",3304,"cauc","male",54,"no","no","yes",227
"boston",3305,"cauc","female",29,"yes","no","yes",239
"boston",3305,"cauc","male",29,"yes","no","yes",233
"boston",3303,"afam","female",44,"no","no","yes",132
"boston",3303,"afam","male",27,"no","no","yes",191
"boston",3303,"afam","male",42,"no","no","yes",117
"boston",3304,"cauc","female",25,"yes","no","yes",162
"boston",3304,"cauc","female",53,"no","no","yes",143
"boston",3304,"cauc","male",29,"no","no","no",215
"boston",3303,"afam","male",30,"no","no","no",77
"boston",3303,"afam","female",52,"no","no","yes",59
"boston",3305,"cauc","male",49,"no","no","no",68
"boston",3305,"cauc","male",33,"yes","no","yes",43
"boston",3305,"cauc","female",34,"yes","no","yes",40
"boston",3301,"cauc","female",31,"yes","no","yes",47
"boston",3304,"cauc","male",54,"no","no","yes",64
"boston",3304,"cauc","female",53,"no","no","yes",59
"boston",3305,"afam","female",43,"no","no","yes",89
"boston",3305,"afam","male",48,"yes","no","no",108
"boston",3303,"cauc","male",25,"no","no","no",197
"boston",3303,"afam","male",51,"no","no","yes",59
"boston",3304,"cauc","male",38,"no","no","yes",122
"boston",3304,"cauc","female",37,"yes","no","yes",99
"boston",3304,"cauc","female",28,"yes","no","yes",228
"boston",3304,"afam","female",41,"yes","no","yes",66
"boston",3303,"afam","male",53,"no","no","yes",153
"boston",3303,"afam","male",29,"yes","no","yes",230
"boston",3302,"cauc","male",29,"yes","no","yes",78
"boston",3302,"cauc","female",28,"yes","no","yes",62
"boston",3305,"cauc","male",30,"yes","yes","no",299
"boston",3302,"cauc","female",45,"yes","no","yes",97
"boston",3301,"cauc","female",52,"yes","no","yes",79
"boston",3301,"cauc","male",25,"yes","no","yes",101
"boston",3305,"cauc","female",53,"no","no","yes",92
"boston",3304,"cauc","female",25,"yes","no","yes",83
"boston",3304,"cauc","male",49,"no","no","yes",132
"boston",3304,"cauc","male",26,"no","no","yes",191
"boston",3304,"afam","female",45,"yes","no","yes",76
"boston",3301,"cauc","male",44,"no","no","yes",63
"boston",3302,"cauc","male",47,"no","no","no",83
"boston",3304,"cauc","female",45,"yes","yes","yes",42
"boston",3304,"cauc","male",29,"no","no","no",47
"boston",3301,"cauc","male",27,"yes","no","yes",69
"boston",3301,"cauc","female",28,"yes","no","yes",67
"boston",3304,"cauc","male",33,"yes","no","yes",54
"boston",3304,"cauc","male",33,"yes","no","yes",57
"boston",3305,"cauc","male",27,"yes","no","yes",82
"boston",3301,"cauc","male",27,"yes","no","no",35
"boston",3302,"cauc","male",25,"yes","no","yes",98
"boston",3301,"cauc","male",25,"yes","no","no",103
"boston",3302,"cauc","male",29,"yes","no","yes",85
"boston",3305,"cauc","female",48,"no","no","yes",37
"boston",3305,"cauc","male",50,"no","no","yes",44
"boston",3302,"cauc","female",31,"yes","no","no",93
"boston",3305,"cauc","male",46,"no","no","yes",57
"boston",3305,"cauc","female",42,"yes","no","yes",58
"boston",3302,"cauc","female",27,"yes","no","yes",60
"boston",3302,"cauc","male",26,"yes","no","yes",92
"boston",3305,"afam","female",54,"no","no","yes",62
"boston",3302,"cauc","female",29,"yes","no","yes",122
"boston",3302,"cauc","male",27,"yes","no","no",155
"boston",3302,"cauc","male",34,"yes","no","yes",119
"boston",3303,"afam","male",42,"no","no","yes",47
"boston",3303,"afam","female",33,"yes","no","no",65
"boston",3302,"cauc","male",37,"yes","no","yes",56
"boston",3302,"cauc","female",29,"yes","no","yes",43
"boston",3302,"cauc","female",25,"yes","no","no",37
"boston",3302,"cauc","female",26,"yes","no","yes",48
"boston",3302,"cauc","female",25,"yes","no","no",48
"boston",3302,"cauc","female",25,"yes","no","yes",48
"boston",3301,"cauc","female",25,"yes","no","yes",105
"boston",3305,"cauc","male",36,"yes","no","yes",88
"boston",3305,"cauc","female",35,"no","no","no",80
"boston",3302,"cauc","male",28,"yes","no","yes",94
"boston",3303,"afam","male",50,"no","no","no",139
"boston",3303,"afam","female",53,"no","no","no",140
"boston",3303,"afam","female",25,"no","yes","no",306
"boston",3302,"cauc","male",36,"yes","no","yes",70
"boston",3302,"cauc","female",37,"yes","no","yes",59
"boston",3305,"cauc","male",35,"no","no","yes",55
"boston",3305,"cauc","female",30,"no","no","no",44
"boston",3303,"cauc","female",29,"yes","no","yes",51
"boston",3303,"cauc","male",32,"yes","no","yes",52
"boston",3303,"afam","female",46,"no","no","yes",62
"boston",3303,"afam","female",39,"no","no","yes",67
"boston",3301,"cauc","male",31,"yes","no","yes",54
"boston",3301,"cauc","female",27,"no","no","yes",62
"boston",3304,"cauc","male",26,"yes","no","yes",54
"boston",3304,"cauc","male",26,"yes","no","yes",74
"boston",3304,"cauc","female",27,"yes","no","yes",76
"boston",3301,"afam","female",29,"no","no","yes",13
"boston",3302,"cauc","male",43,"no","no","yes",140
"boston",3305,"cauc","female",47,"yes","no","no",63
"boston",3302,"cauc","female",44,"yes","no","yes",54
"boston",3305,"afam","male",39,"no","no","yes",53
"boston",3305,"afam","female",40,"yes","no","yes",64
"boston",3302,"cauc","female",33,"yes","no","yes",81
"boston",3301,"cauc","male",30,"yes","no","yes",97
"boston",3304,"cauc","female",41,"no","no","yes",106
"boston",3305,"cauc","male",48,"yes","no","yes",72
"boston",3304,"afam","female",45,"no","no","no",63
"boston",3304,"afam","male",25,"no","no","no",83
"boston",3305,"cauc","female",45,"yes","no","yes",66
"boston",3305,"cauc","male",46,"no","no","yes",74
"boston",3305,"cauc","female",34,"yes","no","yes",67
"boston",3304,"afam","female",35,"no","no","no",96
"boston",3303,"afam","female",46,"yes","no","yes",172
"boston",3303,"afam","female",51,"yes","no","no",45
"boston",3301,"cauc","male",48,"yes","no","yes",63
"boston",3301,"cauc","male",40,"yes","no","no",75
"boston",3302,"afam","female",53,"no","no","yes",199
"boston",3302,"afam","male",50,"no","no","no",176
"boston",3302,"cauc","female",26,"yes","no","yes",111
"boston",3305,"afam","male",41,"no","yes","yes",42
"boston",3305,"afam","female",44,"yes","yes","yes",49
"boston",3302,"cauc","female",27,"yes","no","yes",379
"boston",3303,"afam","male",28,"yes","no","yes",79
"boston",3301,"cauc","female",40,"no","no","yes",187
"boston",3302,"cauc","male",26,"yes","no","no",91
"boston",3303,"afam","female",47,"no","no","yes",28
"boston",3303,"cauc","female",44,"no","no","no",63
"boston",3303,"afam","female",45,"no","no","no",128
"boston",3302,"cauc","male",47,"yes","no","yes",124
"boston",3301,"cauc","female",44,"no","no","yes",88
"boston",3305,"cauc","male",42,"no","yes","yes",250
"boston",3305,"cauc","female",41,"no","yes","yes",224
"boston",3305,"cauc","male",40,"yes","no","yes",90
"boston",3301,"cauc","female",26,"yes","no","yes",148
"boston",3301,"cauc","male",26,"no","no","yes",158
"boston",3303,"afam","female",46,"no","no","no",49
"boston",3304,"cauc","female",30,"yes","no","yes",39
"boston",3305,"cauc","female",50,"no","no","yes",29
"boston",3305,"cauc","male",25,"no","no","yes",48
"boston",3303,"afam","female",30,"no","no","no",83
"boston",3305,"cauc","female",51,"no","no","yes",107
"boston",3301,"cauc","female",25,"yes","no","yes",81
"boston",3303,"afam","male",48,"no","no","yes",71
"boston",3303,"afam","female",47,"no","no","yes",42
"boston",3302,"cauc","female",28,"yes","no","yes",124
"boston",3303,"afam","female",47,"no","no","no",52
"boston",3302,"cauc","male",49,"yes","no","yes",42
"boston",3302,"cauc","female",50,"no","no","yes",30
"boston",3305,"cauc","female",52,"no","no","yes",63
"boston",3305,"cauc","male",50,"yes","no","yes",87
"boston",3304,"cauc","male",36,"yes","no","yes",60
"boston",3304,"cauc","female",37,"no","no","yes",49
"boston",3305,"cauc","female",42,"no","no","no",63
"boston",3302,"cauc","female",28,"yes","no","yes",142
"boston",3305,"afam","male",25,"no","no","yes",104
"boston",3301,"cauc","female",48,"no","no","yes",122
"boston",3304,"cauc","male",30,"yes","no","yes",49
"boston",3304,"cauc","female",30,"yes","no","yes",50
"boston",3303,"afam","male",45,"no","no","no",128
"boston",3303,"afam","female",40,"no","no","yes",75
"boston",3303,"cauc","male",26,"yes","no","yes",142
"boston",3303,"cauc","male",48,"no","no","no",4
"boston",3303,"cauc","male",45,"yes","no","yes",67
"boston",3303,"cauc","female",44,"yes","no","no",62
"boston",3305,"cauc","female",35,"yes","no","yes",192
"boston",3305,"cauc","male",34,"yes","no","yes",197
"boston",3301,"cauc","female",32,"no","no","no",58
"boston",3305,"cauc","female",37,"yes","no","yes",54
"boston",3302,"cauc","male",39,"no","no","yes",99
"boston",3304,"cauc","female",30,"yes","no","yes",57
"boston",3305,"cauc","female",29,"yes","no","yes",168
"boston",3305,"cauc","male",30,"yes","no","yes",172
"boston",3305,"afam","male",46,"no","no","no",87
"boston",3305,"afam","male",27,"no","no","no",79
"boston",3304,"cauc","female",29,"yes","no","yes",85
"boston",3304,"cauc","male",30,"yes","no","yes",56
"boston",3302,"cauc","male",53,"yes","no","yes",98
"boston",3301,"cauc","female",29,"no","no","yes",250
"boston",3304,"cauc","male",45,"yes","no","yes",2
"boston",3301,"cauc","male",27,"no","no","yes",368
"boston",3305,"cauc","male",33,"yes","no","yes",16
"boston",3304,"cauc","male",25,"yes","no","yes",62
"boston",3302,"cauc","female",40,"yes","no","yes",58
"boston",3304,"cauc","male",48,"yes","no","yes",66
"boston",3304,"cauc","female",42,"yes","no","yes",73
"boston",3301,"cauc","male",54,"yes","no","yes",74
"boston",3302,"cauc","male",53,"yes","no","no",140
"boston",3301,"cauc","male",53,"no","yes","yes",91
"boston",3301,"cauc","female",52,"no","no","yes",59
"boston",3301,"cauc","male",26,"yes","no","no",92
"boston",3302,"cauc","male",38,"yes","no","yes",281
"boston",3302,"afam","male",28,"no","no","yes",87
"boston",3302,"afam","female",26,"no","no","yes",108
"boston",3304,"cauc","male",47,"no","no","yes",162
"boston",3305,"cauc","male",33,"no","no","no",85
"boston",3302,"cauc","female",50,"no","no","no",92
"boston",3305,"cauc","male",33,"yes","no","yes",157
"boston",3305,"cauc","male",32,"yes","no","yes",203
"boston",3305,"cauc","female",37,"yes","no","no",174
"boston",3305,"cauc","male",41,"yes","no","yes",213
"boston",3305,"afam","female",37,"no","no","no",56
"boston",3305,"afam","male",47,"no","no","yes",68
"boston",3304,"cauc","female",42,"no","no","yes",65
"boston",3304,"cauc","female",40,"no","no","yes",66
"boston",3304,"cauc","male",35,"no","no","yes",85
"boston",3305,"cauc","female",47,"no","no","yes",61
"boston",3305,"cauc","male",38,"no","no","yes",73
"boston",3302,"cauc","female",30,"yes","no","yes",54
"boston",3302,"cauc","female",36,"yes","no","yes",127
"boston",3301,"cauc","male",26,"yes","no","yes",47
"boston",3301,"cauc","female",26,"yes","no","yes",46
"boston",3303,"afam","female",31,"no","no","yes",290
"boston",3303,"afam","female",38,"yes","no","yes",56
"boston",3302,"cauc","female",25,"yes","no","yes",57
"boston",3302,"cauc","male",26,"yes","no","yes",71
"boston",3303,"afam","female",28,"no","no","no",125
"boston",3303,"afam","female",39,"no","no","no",281
"boston",3303,"afam","male",40,"no","no","yes",251
"boston",3303,"afam","male",52,"no","no","no",343
"boston",3303,"afam","male",52,"no","no","yes",342
"boston",3305,"cauc","female",30,"no","no","yes",69
"boston",3305,"cauc","female",45,"yes","no","yes",46
"boston",3301,"afam","female",43,"no","no","no",33
"boston",3303,"afam","female",54,"yes","no","yes",58
"boston",3303,"afam","female",27,"yes","no","yes",129
"boston",3305,"afam","male",32,"yes","no","yes",71
"boston",3305,"cauc","female",32,"yes","no","yes",62
"boston",3302,"cauc","female",31,"yes","no","yes",63
"boston",3301,"cauc","female",52,"no","no","no",83
"boston",3305,"cauc","female",34,"yes","no","yes",39
"boston",3305,"cauc","male",28,"no","no","yes",52
"boston",3302,"cauc","female",31,"yes","no","yes",222
"boston",3304,"afam","female",36,"no","no","yes",381
"boston",3304,"afam","male",40,"no","no","yes",426
"boston",3304,"afam","female",35,"no","no","yes",520
"boston",3304,"afam","male",40,"no","no","yes",54
"boston",3301,"cauc","male",27,"yes","no","yes",106
"boston",3305,"cauc","female",38,"yes","no","yes",93
"boston",3303,"afam","male",49,"no","no","yes",223
"boston",3302,"cauc","female",48,"no","no","no",56
"boston",3305,"cauc","male",44,"no","no","yes",95
"boston",3303,"afam","male",34,"no","no","no",55
"boston",3303,"afam","female",34,"no","no","yes",43
"boston",3303,"cauc","female",32,"yes","no","yes",48
"boston",3303,"cauc","male",35,"yes","no","yes",64
"boston",3305,"cauc","male",38,"yes","no","yes",62
"boston",3305,"cauc","female",34,"yes","no","yes",48
"boston",3305,"afam","female",46,"no","no","no",367
"boston",3305,"afam","male",48,"no","no","yes",303
"boston",3302,"cauc","female",26,"yes","no","yes",67
"boston",3302,"cauc","male",36,"yes","no","yes",173
"boston",3303,"cauc","female",32,"no","no","yes",158
"boston",3303,"afam","male",30,"no","no","no",204
"boston",3302,"cauc","female",30,"yes","no","yes",43
"boston",3305,"cauc","female",25,"yes","no","yes",137
"boston",3305,"afam","male",34,"no","no","yes",50
"boston",3305,"afam","male",33,"no","no","yes",76
"boston",3305,"afam","male",32,"no","no","yes",76
"boston",3305,"cauc","female",54,"no","no","yes",40
"boston",3303,"cauc","male",28,"no","no","yes",166
"boston",3303,"cauc","male",30,"no","no","yes",170
"boston",3303,"cauc","female",28,"no","no","no",143
"boston",3304,"afam","female",46,"no","no","no",35
"boston",3303,"afam","female",52,"no","no","no",46
"boston",3303,"afam","female",26,"yes","no","yes",103
"boston",3303,"cauc","male",46,"yes","no","yes",62
"boston",3305,"cauc","male",45,"no","no","yes",84
"boston",3303,"afam","male",35,"yes","yes","yes",64
"boston",3303,"afam","female",35,"yes","no","yes",73
"boston",3304,"cauc","male",53,"yes","no","yes",72
"boston",3304,"cauc","female",26,"no","no","yes",201
"boston",3302,"cauc","male",30,"yes","no","yes",178
"boston",3303,"afam","female",52,"no","no","yes",35
"boston",3301,"cauc","male",30,"no","no","yes",75
"boston",3301,"cauc","female",28,"no","no","yes",87
"boston",3305,"cauc","male",37,"yes","no","yes",109
"boston",3305,"cauc","female",37,"yes","no","yes",98
"boston",3301,"cauc","male",28,"yes","no","no",127
"boston",3305,"cauc","male",52,"no","no","yes",151
"boston",3305,"cauc","female",49,"yes","no","yes",136
"boston",3302,"cauc","male",42,"yes","no","yes",78
"boston",3303,"cauc","male",32,"yes","no","yes",196
"boston",3305,"cauc","female",40,"yes","no","yes",69
"boston",3301,"cauc","male",30,"yes","no","yes",79
"boston",3301,"cauc","female",28,"yes","no","yes",92
"boston",3305,"cauc","male",43,"no","no","no",72
"boston",3303,"afam","male",26,"no","no","yes",163
"boston",3303,"afam","female",47,"no","no","yes",135
"boston",3302,"cauc","male",35,"yes","no","yes",76
"boston",3305,"cauc","female",41,"yes","no","yes",37
"boston",3305,"cauc","female",33,"yes","no","yes",86
"boston",3303,"afam","female",38,"no","no","no",184
"boston",3302,"cauc","male",28,"yes","no","yes",175
"boston",3302,"cauc","female",29,"yes","no","yes",142
"boston",3304,"cauc","male",35,"yes","no","yes",77
"boston",3305,"cauc","male",53,"yes","no","yes",76
"boston",3302,"cauc","female",37,"yes","no","no",34
"boston",3302,"cauc","female",41,"yes","no","no",59
"boston",3302,"cauc","male",43,"yes","no","yes",73
"boston",3304,"cauc","male",53,"no","no","yes",62
"boston",3301,"cauc","male",26,"yes","no","no",167
"boston",3302,"cauc","female",31,"yes","no","yes",148
"boston",3302,"cauc","male",32,"yes","no","yes",121
"boston",3305,"cauc","female",30,"yes","no","yes",70
"boston",3305,"cauc","male",30,"yes","no","yes",82
"boston",3304,"cauc","male",29,"no","no","yes",70
"boston",3304,"cauc","female",25,"yes","no","yes",84
"boston",3304,"cauc","male",30,"no","no","yes",55
"boston",3305,"cauc","male",47,"yes","no","yes",102
"boston",3305,"cauc","female",41,"yes","no","yes",101
"boston",3305,"cauc","male",50,"yes","yes","yes",472
"boston",3305,"cauc","male",51,"no","no","yes",46
"boston",3305,"cauc","female",50,"yes","no","yes",37
"boston",3305,"cauc","male",49,"yes","no","yes",41
"boston",3305,"afam","male",51,"yes","no","yes",41
"boston",3302,"cauc","male",33,"yes","no","yes",59
"boston",3303,"afam","female",33,"no","no","yes",82
"boston",3304,"cauc","male",25,"yes","no","yes",97
"boston",3305,"cauc","female",37,"yes","no","yes",29
"boston",3305,"cauc","male",40,"yes","no","no",35
"boston",3305,"cauc","female",45,"no","no","yes",146
"boston",3302,"cauc","female",35,"yes","no","yes",371
"boston",3302,"cauc","male",32,"yes","no","yes",285
"boston",3303,"afam","male",29,"no","no","yes",100
"boston",3301,"cauc","female",54,"no","no","yes",145
"boston",3305,"afam","female",26,"no","no","no",479
"boston",3305,"afam","male",32,"no","no","no",286
"boston",3302,"cauc","female",29,"yes","no","yes",258
"boston",3303,"afam","female",45,"no","no","no",49
"boston",3304,"afam","female",36,"yes","no","yes",63
"boston",3302,"afam","female",47,"no","no","no",63
"boston",3302,"cauc","female",32,"yes","no","yes",238
"boston",3302,"cauc","male",33,"yes","no","yes",195
"boston",3304,"afam","female",28,"no","no","yes",267
"boston",3304,"cauc","male",48,"no","no","yes",87
"boston",3304,"cauc","male",44,"no","no","yes",118
"boston",3305,"cauc","male",25,"yes","no","no",89
"boston",3305,"cauc","female",26,"yes","no","no",122
"boston",3304,"afam","male",40,"no","no","yes",131
"boston",3304,"afam","female",37,"no","no","no",127
"boston",3303,"afam","female",31,"no","no","no",100
"boston",3305,"afam","female",35,"no","no","yes",192
"boston",3304,"cauc","male",41,"yes","no","yes",83
"boston",3302,"afam","female",29,"no","no","yes",89
"boston",3302,"afam","female",29,"no","no","yes",107
"boston",3302,"cauc","male",51,"yes","no","yes",117
"boston",3302,"cauc","female",36,"yes","no","yes",91
"boston",3304,"cauc","female",42,"yes","no","yes",109
"boston",3304,"afam","female",41,"no","no","yes",60
"boston",3303,"afam","female",47,"no","no","no",131
"boston",3302,"cauc","female",25,"yes","no","no",69
"boston",3302,"cauc","female",25,"yes","no","yes",86
"boston",3304,"afam","female",53,"no","no","yes",261
"boston",3304,"cauc","female",25,"yes","no","yes",690
"boston",3302,"cauc","female",32,"yes","no","yes",97
"boston",3305,"cauc","female",49,"yes","no","yes",57
"boston",3305,"cauc","male",50,"yes","no","yes",70
"boston",3304,"afam","female",47,"no","no","no",91
"boston",3304,"afam","male",27,"no","no","no",122
"boston",3301,"cauc","male",25,"yes","no","yes",83
"boston",3302,"cauc","male",41,"no","no","yes",113
"boston",3302,"cauc","female",39,"no","no","yes",94
"boston",3305,"cauc","female",32,"yes","no","yes",47
"boston",3305,"cauc","male",32,"no","no","yes",56
"boston",3305,"cauc","male",54,"no","no","yes",61
"boston",3305,"cauc","female",27,"yes","no","yes",111
"boston",3305,"cauc","male",30,"no","no","yes",93
"boston",3304,"afam","female",42,"no","no","no",213
"boston",3303,"afam","female",45,"no","no","yes",391
"boston",3303,"afam","female",40,"no","no","yes",396
"boston",3303,"afam","female",34,"no","no","yes",477
"boston",3303,"cauc","male",43,"yes","yes","yes",47
"boston",3303,"cauc","female",37,"yes","no","yes",38
"boston",3301,"cauc","male",32,"no","no","no",569
"boston",3302,"cauc","male",43,"no","no","no",93
"boston",3302,"cauc","male",39,"yes","no","no",117
"boston",3302,"cauc","female",27,"yes","no","yes",60
"boston",3302,"cauc","male",27,"yes","no","yes",75
"boston",3304,"afam","male",52,"no","no","yes",45
"boston",3305,"cauc","male",31,"yes","no","yes",76
"boston",3305,"cauc","female",31,"yes","no","yes",72
"boston",3301,"cauc","male",45,"yes","no","yes",54
"boston",3301,"cauc","female",53,"yes","no","no",47
"boston",3301,"cauc","female",52,"yes","no","no",212
"boston",3302,"cauc","male",43,"no","no","yes",189
"boston",3305,"cauc","female",31,"yes","no","yes",144
"boston",3305,"cauc","male",33,"no","yes","yes",166
"boston",3302,"cauc","male",31,"no","no","yes",38
"boston",3301,"cauc","male",37,"yes","no","yes",69
"boston",3304,"cauc","female",26,"yes","no","yes",87
"boston",3304,"cauc","male",26,"yes","no","yes",66
"boston",3301,"cauc","female",27,"yes","no","yes",94
"boston",3304,"cauc","male",26,"yes","no","yes",122
"boston",3304,"cauc","male",31,"yes","no","yes",140
"boston",3301,"cauc","female",26,"yes","no","yes",75
"boston",3302,"cauc","female",52,"yes","no","yes",77
"boston",3304,"cauc","female",36,"yes","no","yes",58
"boston",3304,"cauc","male",40,"yes","yes","yes",79
"boston",3304,"cauc","male",30,"yes","no","yes",90
"boston",3304,"cauc","female",30,"yes","no","yes",90
"boston",3305,"cauc","female",44,"yes","no","yes",65
"boston",3304,"cauc","female",44,"no","no","yes",71
"boston",3304,"cauc","male",49,"no","yes","no",136
"boston",3304,"afam","female",44,"no","no","yes",116
"boston",3301,"cauc","female",27,"yes","no","yes",100
"boston",3301,"cauc","male",27,"yes","no","no",107
"boston",3304,"cauc","female",26,"yes","no","no",91
"boston",3304,"cauc","female",27,"yes","no","yes",125
"boston",3302,"cauc","male",41,"yes","no","yes",141
"boston",3305,"cauc","female",52,"yes","no","yes",81
"boston",3305,"cauc","male",52,"yes","no","yes",112
"boston",3305,"cauc","female",26,"yes","no","yes",33
"boston",3305,"cauc","male",29,"no","no","no",31
"boston",3303,"afam","female",43,"no","no","yes",64
"boston",3304,"cauc","male",28,"no","no","yes",64
"boston",3304,"cauc","female",31,"no","no","yes",54
"boston",3301,"cauc","female",26,"yes","no","yes",61
"boston",3301,"cauc","male",32,"yes","no","yes",53
"boston",3302,"cauc","male",30,"yes","yes","yes",99
"boston",3302,"afam","male",28,"no","no","yes",111
"boston",3304,"afam","female",37,"no","no","yes",61
"boston",3303,"cauc","female",26,"yes","no","yes",52
"boston",3302,"cauc","male",31,"yes","no","no",114
"boston",3302,"cauc","female",28,"yes","no","no",145
"boston",3302,"cauc","male",52,"yes","no","yes",49
"boston",3303,"afam","female",32,"no","no","yes",39
"boston",3303,"afam","female",50,"no","no","yes",129
"boston",3305,"afam","female",34,"no","no","no",418
"boston",3305,"cauc","male",43,"no","no","yes",74
"boston",3305,"cauc","female",46,"yes","no","yes",65
"boston",3302,"cauc","female",25,"yes","no","yes",67
"boston",3302,"cauc","female",37,"yes","no","no",73
"boston",3303,"cauc","male",45,"no","no","no",188
"boston",3305,"cauc","male",49,"yes","no","yes",72
"boston",3305,"cauc","female",43,"yes","no","yes",72
"boston",3301,"cauc","male",26,"yes","no","yes",125
"boston",3304,"afam","male",52,"no","no","no",145
"boston",3302,"afam","male",26,"yes","no","no",54
"boston",3304,"cauc","female",46,"yes","no","yes",71
"boston",3302,"cauc","male",34,"yes","no","yes",70
"boston",3302,"cauc","female",25,"yes","no","yes",89
"boston",3302,"cauc","male",30,"yes","no","no",76
"boston",3302,"cauc","male",36,"yes","no","yes",86
"boston",3301,"cauc","male",26,"yes","no","yes",155
"boston",3301,"cauc","female",26,"yes","no","yes",151
"boston",3304,"cauc","female",53,"yes","no","yes",60
"boston",3301,"cauc","male",25,"yes","no","no",36
"boston",3302,"cauc","female",47,"no","no","yes",30
"boston",3304,"cauc","female",25,"yes","no","yes",240
"boston",3303,"afam","female",41,"no","no","yes",115
"boston",3303,"afam","male",25,"no","no","yes",169
"boston",3304,"cauc","male",28,"yes","no","yes",164
"boston",3305,"afam","male",29,"no","no","yes",65
"boston",3301,"cauc","male",32,"yes","no","yes",37
"boston",3302,"cauc","male",36,"yes","no","yes",264
"boston",3302,"cauc","female",35,"yes","no","yes",217
"boston",3302,"cauc","female",28,"yes","no","yes",103
"boston",3302,"cauc","male",30,"yes","no","yes",84
"boston",3301,"cauc","female",44,"yes","no","yes",90
"boston",3303,"cauc","female",34,"yes","no","yes",59
"boston",3301,"afam","female",25,"yes","no","no",101
"boston",3305,"cauc","male",44,"no","no","yes",42
"boston",3305,"cauc","male",48,"no","no","no",40
"boston",3303,"afam","male",38,"no","no","yes",108
"boston",3303,"afam","female",51,"no","no","no",151
"boston",3303,"afam","male",32,"no","yes","yes",308
"boston",3303,"afam","male",29,"no","no","yes",232
"boston",3303,"afam","male",27,"no","no","no",232
"boston",3303,"afam","male",28,"no","no","no",79
"boston",3304,"cauc","male",34,"yes","no","yes",51
"boston",3304,"cauc","female",32,"yes","no","yes",50
"boston",3303,"afam","male",42,"no","no","yes",43
"boston",3303,"afam","male",40,"no","no","yes",42
"boston",3303,"afam","male",36,"no","no","no",42
"boston",3302,"cauc","female",50,"no","no","no",53
"boston",3302,"cauc","female",37,"yes","no","yes",73
"boston",3302,"cauc","male",39,"yes","no","yes",91
"boston",3303,"afam","male",49,"no","no","no",124
"boston",3303,"afam","female",52,"no","no","no",71
"boston",3304,"afam","female",40,"no","no","no",60
"boston",3304,"afam","male",44,"no","no","yes",65
"boston",3305,"cauc","female",29,"yes","no","yes",73
"boston",3305,"cauc","male",34,"yes","no","yes",60
"boston",3303,"afam","male",51,"no","no","yes",64
"boston",3303,"afam","female",30,"no","no","no",49
"boston",3302,"cauc","female",30,"no","no","no",105
"boston",3302,"afam","male",33,"no","no","no",141
"boston",3303,"afam","female",43,"no","no","no",3
"boston",3301,"cauc","male",25,"yes","no","no",93
"boston",3302,"cauc","male",50,"yes","no","yes",76
"boston",3302,"cauc","male",50,"yes","no","yes",76
"boston",3304,"cauc","male",47,"yes","no","yes",303
"boston",3305,"cauc","female",49,"yes","no","yes",55
"boston",3304,"cauc","female",48,"yes","no","no",60
"boston",3304,"afam","female",45,"yes","no","yes",99
"boston",3304,"afam","male",28,"yes","no","yes",134
"boston",3304,"afam","female",27,"yes","no","yes",232
"boston",3301,"cauc","female",49,"no","no","yes",37
"boston",3304,"cauc","female",51,"no","no","yes",56
"boston",3301,"cauc","male",31,"yes","yes","yes",119
"boston",3301,"cauc","female",31,"yes","no","yes",148
"boston",3302,"cauc","female",44,"yes","no","yes",37
"boston",3302,"cauc","male",41,"yes","no","yes",46
"boston",3301,"cauc","female",28,"yes","no","yes",74
"boston",3301,"cauc","male",25,"yes","no","yes",96
"boston",3301,"cauc","female",32,"yes","no","yes",119
"boston",3304,"cauc","male",30,"no","no","yes",73
